decision,winner,key,uncontested
bat,Australia,t20s00001,
bat,England,t20s00002,
field,New Zealand,t20s00003,
bat,Australia,t20s00004,
field,New Zealand,t20s00005,
bat,South Africa,t20s00006,
bat,Sri Lanka,t20s00007,
bat,England,t20s00008,
bat,South Africa,t20s00009,
bat,New Zealand,t20s00010,
field,New Zealand,t20s00011,
bat,Australia,t20s00012,
bat,West Indies,t20s00013,
bat,West Indies,t20s00014,
field,Bangladesh,t20s00015,
field,Bangladesh,t20s00016,
bat,Kenya,t20s00017,
field,South Africa,t20s00018,
field,New Zealand,t20s00019,
field,Scotland,t20s00020,
bat,Australia,t20s00021,
field,Bangladesh,t20s00022,
bat,England,t20s00023,
field,Pakistan,t20s00024,
field,Kenya,t20s00025,
bat,England,t20s00026,
field,South Africa,t20s00027,
bat,New Zealand,t20s00028,
field,India,t20s00029,
field,Australia,t20s00030,
field,England,t20s00031,
field,Sri Lanka,t20s00032,
field,England,t20s00033,
field,Pakistan,t20s00034,
field,Bangladesh,t20s00035,
bat,India,t20s00036,
field,South Africa,t20s00037,
bat,India,t20s00038,
field,Australia,t20s00039,
field,Pakistan,t20s00040,
bat,New Zealand,t20s00041,
bat,India,t20s00042,
bat,India,t20s00043,
bat,Australia,t20s00044,
field,South Africa,t20s00045,
bat,Australia,t20s00046,
field,West Indies,t20s00047,
field,South Africa,t20s00048,
bat,India,t20s00049,
field,New Zealand,t20s00050,
bat,England,t20s00051,
bat,Pakistan,t20s00052,
field,England,t20s00053,
field,West Indies,t20s00054,
field,Scotland,t20s00055,
field,Ireland,t20s00056,
field,Netherlands,t20s00057,
field,Pakistan,t20s00058,
field,Sri Lanka,t20s00059,
field,Bangladesh,t20s00060,
bat,New Zealand,t20s00061,
bat,New Zealand,t20s00062,
bat,Australia,t20s00063,
bat,South Africa,t20s00064,
bat,Sri Lanka,t20s00065,
bat,Australia,t20s00066,
field,New Zealand,t20s00067,
field,New Zealand,t20s00068,
field,West Indies,t20s00069,
field,South Africa,t20s00070,
field,Australia,t20s00071,
field,Pakistan,t20s00072,
field,Netherlands,t20s00073,
field,New Zealand,t20s00074,
bat,Australia,t20s00075,
bat,India,t20s00076,
field,Scotland,t20s00077,
field,Pakistan,t20s00078,
field,Ireland,t20s00079,
field,Sri Lanka,t20s00080,
bat,Pakistan,t20s00081,
field,New Zealand,t20s00082,
field,West Indies,t20s00083,
field,India,t20s00084,
bat,England,t20s00085,
field,Ireland,t20s00086,
bat,Sri Lanka,t20s00087,
bat,India,t20s00088,
field,West Indies,t20s00089,
bat,New Zealand,t20s00090,
bat,Sri Lanka,t20s00091,
field,India,t20s00092,
bat,England,t20s00093,
bat,Pakistan,t20s00094,
bat,Sri Lanka,t20s00095,
bat,South Africa,t20s00096,
bat,Pakistan,t20s00097,
bat,New Zealand,t20s00098,
field,England,t20s00099,
field,West Indies,t20s00100,
bat,Sri Lanka,t20s00101,
bat,Australia,t20s00102,
bat,Bangladesh,t20s00103,
bat,Pakistan,t20s00104,
field,England,t20s00105,
bat,New Zealand,t20s00106,
bat,New Zealand,t20s00107,
field,South Africa,t20s00108,
field,New Zealand,t20s00109,
field,South Africa,t20s00110,
bat,Pakistan,t20s00111,
bat,South Africa,t20s00112,
field,India,t20s00113,
bat,Sri Lanka,t20s00114,
bat,Bangladesh,t20s00115,
bat,Australia,t20s00116,
bat,Canada,t20s00117,
field,Kenya,t20s00118,
bat,Ireland,t20s00119,
bat,Ireland,t20s00120,
bat,Pakistan,t20s00121,
field,Pakistan,t20s00122,
bat,Australia,t20s00123,
bat,West Indies,t20s00124,
bat,New Zealand,t20s00125,
bat,Zimbabwe,t20s00126,
bat,New Zealand,t20s00127,
bat,West Indies,t20s00128,
bat,Sri Lanka,t20s00129,
bat,Pakistan,t20s00130,
bat,Australia,t20s00131,
field,South Africa,t20s00132,
bat,Sri Lanka,t20s00133,
field,West Indies,t20s00134,
field,Ireland,t20s00135,
field,New Zealand,t20s00136,
bat,Australia,t20s00137,
field,England,t20s00138,
bat,South Africa,t20s00139,
field,India,t20s00140,
bat,Sri Lanka,t20s00141,
field,Pakistan,t20s00142,
bat,England,t20s00143,
bat,Australia,t20s00144,
field,India,t20s00145,
bat,New Zealand,t20s00146,
bat,Pakistan,t20s00147,
bat,India,t20s00148,
bat,West Indies,t20s00149,
bat,India,t20s00150,
bat,Sri Lanka,t20s00151,
field,West Indies,t20s00152,
field,Australia,t20s00153,
bat,Australia,t20s00154,
field,England,t20s00155,
field,West Indies,t20s00156,
field,West Indies,t20s00157,
bat,New Zealand,t20s00158,
bat,New Zealand,t20s00159,
field,India,t20s00160,
field,India,t20s00161,
bat,Pakistan,t20s00162,
bat,Pakistan,t20s00163,
field,England,t20s00164,
bat,Pakistan,t20s00165,
bat,Zimbabwe,t20s00166,
bat,South Africa,t20s00167,
bat,Pakistan,t20s00168,
bat,Pakistan,t20s00169,
bat,Australia,t20s00170,
field,New Zealand,t20s00171,
field,Pakistan,t20s00172,
bat,Pakistan,t20s00173,
bat,New Zealand,t20s00174,
bat,India,t20s00175,
bat,Australia,t20s00176,
bat,Australia,t20s00177,
bat,West Indies,t20s00178,
field,West Indies,t20s00179,
field,Sri Lanka,t20s00180,
bat,England,t20s00181,
field,Australia,t20s00182,
bat,Sri Lanka,t20s00183,
bat,India,t20s00184,
field,Zimbabwe,t20s00185,
bat,Pakistan,t20s00186,
field,England,t20s00187,
field,England,t20s00188,
field,Bangladesh,t20s00189,
bat,South Africa,t20s00190,
field,New Zealand,t20s00191,
bat,Australia,t20s00192,
field,Zimbabwe,t20s00193,
bat,South Africa,t20s00194,
bat,India,t20s00195,
bat,Sri Lanka,t20s00196,
bat,Pakistan,t20s00197,
field,India,t20s00198,
bat,Australia,t20s00199,
bat,Zimbabwe,t20s00200,
bat,Zimbabwe,t20s00201,
field,New Zealand,t20s00202,
field,England,t20s00203,
field,South Africa,t20s00204,
field,New Zealand,t20s00205,
field,New Zealand,t20s00206,
field,New Zealand,t20s00207,
field,Ireland,t20s00208,
field,England,t20s00209,
bat,Kenya,t20s00210,
bat,Ireland,t20s00211,
bat,England,t20s00212,
bat,England,t20s00213,
bat,Netherlands,t20s00214,
bat,Kenya,t20s00215,
bat,Ireland,t20s00216,
bat,Canada,t20s00217,
field,Ireland,t20s00218,
bat,Canada,t20s00219,
bat,West Indies,t20s00220,
bat,West Indies,t20s00221,
field,India,t20s00222,
bat,Sri Lanka,t20s00223,
bat,Pakistan,t20s00224,
bat,West Indies,t20s00225,
field,India,t20s00226,
bat,India,t20s00227,
field,New Zealand,t20s00228,
bat,West Indies,t20s00229,
field,Ireland,t20s00230,
bat,Netherlands,t20s00231,
bat,Bangladesh,t20s00232,
field,Sri Lanka,t20s00233,
bat,Pakistan,t20s00234,
bat,England,t20s00235,
field,Pakistan,t20s00236,
bat,Pakistan,t20s00237,
bat,West Indies,t20s00238,
field,South Africa,t20s00239,
field,West Indies,t20s00240,
field,England,t20s00241,
field,Pakistan,t20s00242,
field,India,t20s00243,
field,South Africa,t20s00244,
bat,England,t20s00245,
bat,England,t20s00246,
field,West Indies,t20s00247,
field,Zimbabwe,t20s00248,
bat,Ireland,t20s00249,
field,South Africa,t20s00250,
field,Bangladesh,t20s00251,
bat,West Indies,t20s00252,
field,Sri Lanka,t20s00253,
bat,Pakistan,t20s00254,
field,England,t20s00255,
field,West Indies,t20s00256,
bat,Bangladesh,t20s00257,
field,South Africa,t20s00258,
field,West Indies,t20s00259,
field,Pakistan,t20s00260,
bat,India,t20s00261,
bat,New Zealand,t20s00262,
bat,West Indies,t20s00263,
bat,India,t20s00264,
field,West Indies,t20s00265,
field,South Africa,t20s00266,
bat,South Africa,t20s00267,
bat,Australia,t20s00268,
bat,India,t20s00269,
bat,New Zealand,t20s00270,
bat,West Indies,t20s00271,
field,West Indies,t20s00272,
bat,Sri Lanka,t20s00273,
field,Australia,t20s00274,
bat,Pakistan,t20s00275,
field,New Zealand,t20s00276,
field,England,t20s00277,
bat,Pakistan,t20s00278,
bat,Australia,t20s00279,
field,Australia,t20s00280,
field,South Africa,t20s00281,
bat,Sri Lanka,t20s00282,
field,England,t20s00283,
bat,Sri Lanka,t20s00284,
bat,Australia,t20s00285,
bat,West Indies,t20s00286,
field,England,t20s00287,
bat,West Indies,t20s00288,
field,Sri Lanka,t20s00289,
bat,Pakistan,t20s00290,
field,Pakistan,t20s00291,
field,Sri Lanka,t20s00292,
bat,India,t20s00293,
bat,West Indies,t20s00294,
field,India,t20s00295,
bat,New Zealand,t20s00296,
field,England,t20s00297,
field,New Zealand,t20s00298,
field,Pakistan,t20s00299,
bat,South Africa,t20s00300,
field,Pakistan,t20s00301,
bat,South Africa,t20s00302,
field,West Indies,t20s00303,
bat,Australia,t20s00304,
field,Australia,t20s00305,
field,New Zealand,t20s00306,
field,England,t20s00307,
bat,West Indies,t20s00308,
field,England,t20s00309,
bat,Zimbabwe,t20s00310,
bat,West Indies,t20s00311,
bat,Sri Lanka,t20s00312,
bat,Pakistan,t20s00313,
field,Sri Lanka,t20s00314,
bat,West Indies,t20s00315,
bat,Kenya,t20s00316,
bat,Kenya,t20s00317,
field,Bangladesh,t20s00318,
bat,Netherlands,t20s00319,
field,Kenya,t20s00320,
bat,Zimbabwe,t20s00321,
bat,Bangladesh,t20s00322,
field,England,t20s00323,
field,New Zealand,t20s00324,
bat,Pakistan,t20s00325,
bat,England,t20s00326,
bat,Pakistan,t20s00327,
bat,West Indies,t20s00328,
bat,Pakistan,t20s00329,
field,Pakistan,t20s00330,
field,Sri Lanka,t20s00331,
bat,South Africa,t20s00332,
bat,South Africa,t20s00333,
bat,South Africa,t20s00334,
field,Zimbabwe,t20s00335,
field,Zimbabwe,t20s00336,
bat,England,t20s00337,
field,England,t20s00338,
bat,Australia,t20s00339,
field,Australia,t20s00340,
field,England,t20s00341,
bat,Bangladesh,t20s00342,
bat,South Africa,t20s00343,
field,India,t20s00344,
field,South Africa,t20s00345,
field,South Africa,t20s00346,
field,South Africa,t20s00347,
bat,New Zealand,t20s00348,
bat,Pakistan,t20s00349,
bat,South Africa,t20s00350,
field,Canada,t20s00351,
bat,Kenya,t20s00352,
field,Pakistan,t20s00353,
field,Sri Lanka,t20s00354,
field,Netherlands,t20s00355,
bat,Pakistan,t20s00356,
bat,Netherlands,t20s00357,
bat,Kenya,t20s00358,
bat,Scotland,t20s00359,
field,Pakistan,t20s00360,
field,Pakistan,t20s00361,
bat,New Zealand,t20s00362,
bat,West Indies,t20s00363,
field,Pakistan,t20s00364,
field,Ireland,t20s00365,
field,Ireland,t20s00366,
field,Pakistan,t20s00367,
bat,Australia,t20s00368,
bat,England,t20s00369,
field,Australia,t20s00370,
field,Australia,t20s00371,
bat,Australia,t20s00372,
field,Bangladesh,t20s00373,
bat,Bangladesh,t20s00374,
bat,West Indies,t20s00375,
field,Ireland,t20s00376,
bat,West Indies,t20s00377,
bat,England,t20s00378,
field,Australia,t20s00379,
bat,England,t20s00380,
field,Australia,t20s00381,
field,Hong Kong,t20s00382,
bat,United Arab Emirates,t20s00383,
field,Ireland,t20s00384,
field,Bangladesh,t20s00385,
bat,Netherlands,t20s00386,
field,Ireland,t20s00387,
field,Hong Kong,t20s00388,
field,Zimbabwe,t20s00389,
field,Netherlands,t20s00390,
field,India,t20s00391,
bat,Sri Lanka,t20s00392,
field,New Zealand,t20s00393,
field,Australia,t20s00394,
field,Australia,t20s00395,
field,India,t20s00396,
field,Sri Lanka,t20s00397,
field,England,t20s00398,
bat,Sri Lanka,t20s00399,
field,New Zealand,t20s00400,
bat,New Zealand,t20s00401,
field,Bangladesh,t20s00402,
bat,West Indies,t20s00403,
bat,India,t20s00404,
bat,New Zealand,t20s00405,
field,Netherlands,t20s00406,
field,England,t20s00407,
bat,Sri Lanka,t20s00408,
bat,Australia,t20s00409,
field,India,t20s00410,
field,England,t20s00411,
bat,Australia,t20s00412,
bat,South Africa,t20s00413,
field,New Zealand,t20s00414,
bat,India,t20s00415,
bat,Sri Lanka,t20s00416,
bat,Pakistan,t20s00417,
field,Australia,t20s00418,
bat,Pakistan,t20s00419,
bat,New Zealand,t20s00420,
field,England,t20s00421,
field,New Zealand,t20s00422,
bat,Bangladesh,t20s00423,
bat,West Indies,t20s00424,
bat,West Indies,t20s00425,
bat,Bangladesh,t20s00426,
bat,Sri Lanka,t20s00427,
bat,India,t20s00428,
bat,Australia,t20s00429,
bat,Pakistan,t20s00430,
bat,Bangladesh,t20s00431,
bat,Sri Lanka,t20s00432,
field,England,t20s00433,
bat,South Africa,t20s00434,
field,Australia,t20s00435,
field,Sri Lanka,t20s00436,
field,England,t20s00437,
field,New Zealand,t20s00438,
field,New Zealand,t20s00439,
bat,Bangladesh,t20s00440,
bat,Pakistan,t20s00441,
bat,Australia,t20s00442,
field,England,t20s00443,
bat,England,t20s00444,
bat,Pakistan,t20s00445,
bat,Australia,t20s00446,
field,South Africa,t20s00447,
bat,England,t20s00448,
bat,Pakistan,t20s00449,
bat,Sri Lanka,t20s00450,
bat,Sri Lanka,t20s00451,
bat,Sri Lanka,t20s00452,
field,Australia,t20s00453,
bat,Australia,t20s00454,
bat,West Indies,t20s00455,
bat,South Africa,t20s00456,
field,Australia,t20s00457,
field,Hong Kong,t20s00458,
field,Pakistan,t20s00459,
field,Pakistan,t20s00460,
bat,South Africa,t20s00461,
field,West Indies,t20s00462,
field,West Indies,t20s00463,
bat,Pakistan,t20s00464,
bat,Pakistan,t20s00465,
field,Pakistan,t20s00466,
bat,South Africa,t20s00467,
field,South Africa,t20s00468,
bat,Pakistan,t20s00469,
bat,Zimbabwe,t20s00470,
field,Sri Lanka,t20s00471,
bat,Zimbabwe,t20s00472,
bat,Sri Lanka,t20s00473,
field,West Indies,t20s00474,
field,Scotland,t20s00475,
bat,England,t20s00476,
field,Nepal,t20s00477,
bat,Netherlands,t20s00478,
bat,South Africa,t20s00479,
bat,South Africa,t20s00480,
field,Scotland,t20s00481,
bat,Netherlands,t20s00482,
field,Netherlands,t20s00483,
field,Ireland,t20s00484,
field,Hong Kong,t20s00485,
bat,Ireland,t20s00486,
bat,India,t20s00487,
field,Papua New Guinea,t20s00488,
field,Ireland,t20s00489,
bat,Zimbabwe,t20s00490,
field,Netherlands,t20s00491,
field,Scotland,t20s00492,
bat,Pakistan,t20s00493,
bat,Sri Lanka,t20s00494,
field,Zimbabwe,t20s00495,
field,South Africa,t20s00496,
bat,New Zealand,t20s00497,
field,Ireland,t20s00498,
bat,Australia,t20s00499,
bat,Australia,t20s00500,
field,England,t20s00501,
field,England,t20s00502,
field,England,t20s00503,
field,Australia,t20s00504,
bat,Pakistan,t20s00505,
bat,Pakistan,t20s00506,
bat,Pakistan,t20s00507,
bat,Pakistan,t20s00508,
field,South Africa,t20s00509,
field,South Africa,t20s00510,
field,West Indies,t20s00511,
field,West Indies,t20s00512,
bat,West Indies,t20s00513,
field,Bangladesh,t20s00514,
bat,Bangladesh,t20s00515,
field,Oman,t20s00516,
field,United Arab Emirates,t20s00517,
field,Hong Kong,t20s00518,
bat,England,t20s00519,
field,Hong Kong,t20s00520,
bat,England,t20s00521,
bat,England,t20s00522,
bat,Bangladesh,t20s00523,
field,Sri Lanka,t20s00524,
field,New Zealand,t20s00525,
field,New Zealand,t20s00526,
bat,Zimbabwe,t20s00527,
bat,Pakistan,t20s00528,
bat,Bangladesh,t20s00529,
bat,Zimbabwe,t20s00530,
field,Pakistan,t20s00531,
bat,Zimbabwe,t20s00532,
field,Australia,t20s00533,
field,India,t20s00534,
field,Australia,t20s00535,
field,Hong Kong,t20s00536,
field,Hong Kong,t20s00537,
bat,Australia,t20s00538,
field,India,t20s00539,
field,United Arab Emirates,t20s00540,
bat,United Arab Emirates,t20s00541,
field,Papua New Guinea,t20s00542,
bat,Papua New Guinea,t20s00543,
field,Sri Lanka,t20s00544,
field,Sri Lanka,t20s00545,
field,United Arab Emirates,t20s00546,
field,India,t20s00547,
bat,United Arab Emirates,t20s00548,
field,South Africa,t20s00549,
bat,Oman,t20s00550,
field,South Africa,t20s00551,
bat,Hong Kong,t20s00552,
field,England,t20s00553,
field,South Africa,t20s00554,
field,Oman,t20s00555,
field,Bangladesh,t20s00556,
field,United Arab Emirates,t20s00557,
field,United Arab Emirates,t20s00558,
field,India,t20s00559,
bat,Bangladesh,t20s00560,
bat,United Arab Emirates,t20s00561,
field,India,t20s00562,
bat,Pakistan,t20s00563,
bat,United Arab Emirates,t20s00564,
bat,South Africa,t20s00565,
bat,Australia,t20s00566,
field,Pakistan,t20s00567,
field,India,t20s00568,
field,Australia,t20s00569,
field,Hong Kong,t20s00570,
bat,South Africa,t20s00571,
bat,South Africa,t20s00572,
field,Netherlands,t20s00573,
bat,Ireland,t20s00574,
bat,Zimbabwe,t20s00575,
field,Ireland,t20s00576,
bat,Hong Kong,t20s00577,
field,Ireland,t20s00578,
field,Oman,t20s00579,
bat,New Zealand,t20s00580,
bat,Sri Lanka,t20s00581,
field,Bangladesh,t20s00582,
bat,Pakistan,t20s00583,
field,Pakistan,t20s00584,
field,West Indies,t20s00585,
bat,England,t20s00586,
bat,New Zealand,t20s00587,
bat,South Africa,t20s00588,
bat,New Zealand,t20s00589,
field,England,t20s00590,
field,Pakistan,t20s00591,
field,India,t20s00592,
field,West Indies,t20s00593,
bat,West Indies,t20s00594,
bat,Sri Lanka,t20s00595,
bat,Australia,t20s00596,
field,Australia,t20s00597,
field,England,t20s00598,
bat,New Zealand,t20s00599,
bat,South Africa,t20s00600,
field,Bangladesh,t20s00601,
bat,West Indies,t20s00602,
bat,Sri Lanka,t20s00603,
bat,Bangladesh,t20s00604,
bat,Australia,t20s00605,
field,West Indies,t20s00606,
field,Sri Lanka,t20s00607,
bat,New Zealand,t20s00608,
field,Australia,t20s00609,
field,New Zealand,t20s00610,
bat,England,t20s00611,
field,India,t20s00612,
bat,Australia,t20s00613,
bat,Sri Lanka,t20s00614,
field,South Africa,t20s00615,
field,England,t20s00616,
field,England,t20s00617,
field,New Zealand,t20s00618,
field,West Indies,t20s00619,
bat,Australia,t20s00620,
field,West Indies,t20s00621,
field,India,t20s00622,
bat,Zimbabwe,t20s00623,
field,Zimbabwe,t20s00624,
bat,England,t20s00625,
bat,Sri Lanka,t20s00626,
bat,England,t20s00627,
bat,England,t20s00628,
field,India,t20s00629,
field,India,t20s00630,
field,Bangladesh,t20s00631,
bat,Hong Kong,t20s00632,
field,Sri Lanka,t20s00633,
bat,England,t20s00634,
bat,Sri Lanka,t20s00635,
field,Pakistan,t20s00636,
field,West Indies,t20s00637,
field,Australia,t20s00638,
field,Pakistan,t20s00639,
bat,New Zealand,t20s00640,
bat,India,t20s00641,
bat,Bangladesh,t20s00642,
field,Bangladesh,t20s00643,
field,Bangladesh,t20s00644,
bat,Scotland,t20s00645,
bat,Oman,t20s00646,
field,Oman,t20s00647,
field,Netherlands,t20s00648,
bat,Ireland,t20s00649,
bat,Hong Kong,t20s00650,
bat,Oman,t20s00651,
field,Scotland,t20s00652,
field,Sri Lanka,t20s00653,
bat,South Africa,t20s00654,
bat,South Africa,t20s00655,
field,England,t20s00656,
field,England,t20s00657,
field,England,t20s00658,
field,New Zealand,t20s00659,
field,Sri Lanka,t20s00660,
field,New Zealand,t20s00661,
field,Australia,t20s00662,
field,Sri Lanka,t20s00663,
bat,New Zealand,t20s00664,
field,Sri Lanka,t20s00665,
field,Pakistan,t20s00666,
field,West Indies,t20s00667,
bat,Pakistan,t20s00668,
field,Pakistan,t20s00669,
bat,Bangladesh,t20s00670,
bat,Bangladesh,t20s00671,
field,United Arab Emirates,t20s00672,
bat,Papua New Guinea,t20s00673,
field,Papua New Guinea,t20s00674,
bat,South Africa,t20s00675,
field,England,t20s00676,
field,South Africa,t20s00677,
field,West Indies,t20s00678,
field,India,t20s00679,
field,ICC World XI,t20s00680,
bat,Pakistan,t20s00681,
field,ICC World XI,t20s00682,
field,England,t20s00683,
field,India,t20s00684,
field,Australia,t20s00685,
bat,West Indies,t20s00686,
bat,South Africa,t20s00687,
field,Pakistan,t20s00688,
field,Pakistan,t20s00689,
field,Bangladesh,t20s00690,
field,Sri Lanka,t20s00691,
field,New Zealand,t20s00692,
bat,New Zealand,t20s00693,
field,New Zealand,t20s00694,
bat,New Zealand,t20s00695,
bat,New Zealand,t20s00696,
bat,Pakistan,t20s00697,
field,Australia,t20s00698,
bat,England,t20s00699,
bat,Australia,t20s00700,
field,Sri Lanka,t20s00701,
field,Sri Lanka,t20s00702,
field,India,t20s00703,
field,West Indies,t20s00704,
field,West Indies,t20s00705,
bat,New Zealand,t20s00706,
field,New Zealand,t20s00707,
bat,Pakistan,t20s00708,
bat,Pakistan,t20s00709,
field,Australia,t20s00710,
field,Australia,t20s00711,
field,Australia,t20s00712,
field,England,t20s00713,
field,India,t20s00714,
bat,Bangladesh,t20s00715,
field,India,t20s00716,
bat,New Zealand,t20s00717,
field,South Africa,t20s00718,
field,New Zealand,t20s00719,
field,South Africa,t20s00720,
field,Bangladesh,t20s00721,
field,India,t20s00722,
bat,New Zealand,t20s00723,
field,South Africa,t20s00724,
field,South Africa,t20s00725,
field,South Africa,t20s00726,
field,Sri Lanka,t20s00727,
field,India,t20s00728,
field,Bangladesh,t20s00729,
field,India,t20s00730,
field,West Indies,t20s00731,
field,Bangladesh,t20s00732,
field,West Indies,t20s00733,
field,Bangladesh,t20s00734,
field,India,t20s00735,
field,West Indies,t20s00736,
field,Australia,t20s00737,
field,England,t20s00738,
field,England,t20s00739,
field,New Zealand,t20s00740,
field,India,t20s00741,
field,Australia,t20s00742,
field,Pakistan,t20s00743,
bat,England,t20s00744,
bat,Pakistan,t20s00745,
field,England,t20s00746,
field,West Indies,t20s00747,
bat,Pakistan,t20s00748,
bat,West Indies,t20s00749,
field,Bangladesh,t20s00750,
field,Bangladesh,t20s00751,
field,ICC World XI,t20s00752,
bat,India,t20s00753,
bat,Thailand,t20s00754,
field,Bangladesh,t20s00755,
field,Thailand,t20s00756,
field,Malaysia,t20s00757,
bat,India,t20s00758,
bat,Malaysia,t20s00759,
bat,Ireland,t20s00760,
field,Sri Lanka,t20s00761,
field,Bangladesh,t20s00762,
field,Malaysia,t20s00763,
bat,Sri Lanka,t20s00764,
bat,Pakistan,t20s00765,
field,Thailand,t20s00766,
bat,Bangladesh,t20s00767,
field,Bangladesh,t20s00768,
bat,Pakistan,t20s00769,
field,Ireland,t20s00770,
bat,Pakistan,t20s00771,
bat,Ireland,t20s00772,
bat,Ireland,t20s00773,
bat,Scotland,t20s00774,
bat,Netherlands,t20s00775,
field,South Africa,t20s00776,
bat,England,t20s00777,
bat,Scotland,t20s00778,
bat,England,t20s00779,
bat,England,t20s00780,
field,Australia,t20s00781,
field,Ireland,t20s00782,
bat,South Africa,t20s00783,
bat,New Zealand,t20s00784,
field,Bangladesh,t20s00785,
bat,Ireland,t20s00786,
field,Ireland,t20s00787,
field,Zimbabwe,t20s00788,
field,Ireland,t20s00789,
bat,New Zealand,t20s00790,
field,Australia,t20s00791,
field,Zimbabwe,t20s00792,
field,India,t20s00793,
field,Pakistan,t20s00794,
field,Australia,t20s00795,
field,England,t20s00796,
bat,Zimbabwe,t20s00797,
field,Ireland,t20s00798,
field,Scotland,t20s00799,
bat,Netherlands,t20s00800,
field,Bangladesh,t20s00801,
field,India,t20s00802,
bat,Australia,t20s00803,
field,Bangladesh,t20s00804,
field,Ireland,t20s00805,
bat,United Arab Emirates,t20s00806,
field,Ireland,t20s00807,
field,Bangladesh,t20s00808,
field,Netherlands,t20s00809,
bat,Scotland,t20s00810,
field,Papua New Guinea,t20s00811,
bat,Netherlands,t20s00812,
field,Scotland,t20s00813,
bat,United Arab Emirates,t20s00814,
field,Ireland,t20s00815,
field,United Arab Emirates,t20s00816,
field,Scotland,t20s00817,
field,Uganda,t20s00818,
field,Nepal,t20s00819,
field,West Indies,t20s00820,
field,West Indies,t20s00821,
bat,Bangladesh,t20s00822,
bat,South Africa,t20s00823,
field,Lesotho,t20s00824,
field,Namibia,t20s00825,
field,Namibia,t20s00826,
field,Lesotho,t20s00827,
bat,Mozambique,t20s00828,
field,Sierra Leone,t20s00829,
bat,Mozambique,t20s00830,
field,Lesotho,t20s00831,
bat,Sierra Leone,t20s00832,
field,Namibia,t20s00833,
bat,Sierra Leone,t20s00834,
field,Namibia,t20s00835,
field,Malawi,t20s00836,
field,India,t20s00837,
field,India,t20s00838,
field,India,t20s00839,
field,Sri Lanka,t20s00840,
field,West Indies,t20s00841,
field,Australia,t20s00842,
field,Australia,t20s00843,
field,South Africa,t20s00844,
field,Australia,t20s00845,
field,South Africa,t20s00846,
bat,South Africa,t20s00847,
bat,Zimbabwe,t20s00848,
bat,United Arab Emirates,t20s00849,
field,Australia,t20s00850,
bat,Australia,t20s00851,
bat,Pakistan,t20s00852,
field,Sri Lanka,t20s00853,
field,Australia,t20s00854,
bat,Pakistan,t20s00855,
field,Australia,t20s00856,
bat,Pakistan,t20s00857,
bat,New Zealand,t20s00858,
bat,Pakistan,t20s00859,
field,India,t20s00860,
field,West Indies,t20s00861,
bat,India,t20s00862,
bat,Australia,t20s00863,
field,Bangladesh,t20s00864,
bat,West Indies,t20s00865,
bat,Ireland,t20s00866,
field,India,t20s00867,
field,England,t20s00868,
field,South Africa,t20s00869,
bat,Pakistan,t20s00870,
bat,Australia,t20s00871,
field,Bangladesh,t20s00872,
field,South Africa,t20s00873,
field,Ireland,t20s00874,
field,Pakistan,t20s00875,
bat,South Africa,t20s00876,
bat,West Indies,t20s00877,
field,Australia,t20s00878,
bat,India,t20s00879,
bat,Ireland,t20s00880,
field,Bangladesh,t20s00881,
field,West Indies,t20s00882,
field,India,t20s00883,
field,West Indies,t20s00884,
bat,India,t20s00885,
field,India,t20s00886,
bat,England,t20s00887,
bat,Australia,t20s00888,
bat,Bangladesh,t20s00889,
field,West Indies,t20s00890,
field,Bangladesh,t20s00891,
field,Sri Lanka,t20s00892,
field,Nepal,t20s00893,
bat,West Indies,t20s00894,
bat,Pakistan,t20s00895,
field,Pakistan,t20s00896,
bat,United Arab Emirates,t20s00897,
bat,Sri Lanka,t20s00898,
bat,Pakistan,t20s00899,
field,Pakistan,t20s00900,
field,United Arab Emirates,t20s00901,
field,India,t20s00902,
field,Sri Lanka,t20s00903,
field,South Africa,t20s00904,
field,India,t20s00905,
field,New Zealand,t20s00906,
bat,New Zealand,t20s00907,
field,India,t20s00908,
bat,New Zealand,t20s00909,
field,Netherlands,t20s00910,
field,Oman,t20s00911,
field,Netherlands,t20s00912,
field,Scotland,t20s00913,
field,Ireland,t20s00914,
field,Scotland,t20s00915,
field,Thailand,t20s00916,
field,Kuwait,t20s00917,
bat,United Arab Emirates,t20s00918,
bat,Nepal,t20s00919,
field,China,t20s00920,
bat,United Arab Emirates,t20s00921,
field,China,t20s00922,
bat,United Arab Emirates,t20s00923,
bat,Thailand,t20s00924,
bat,Thailand,t20s00925,
bat,Malaysia,t20s00926,
bat,United Arab Emirates,t20s00927,
field,China,t20s00928,
bat,Kuwait,t20s00929,
bat,Hong Kong,t20s00930,
field,Australia,t20s00931,
field,Malaysia,t20s00932,
field,China,t20s00933,
field,Hong Kong,t20s00934,
field,Kuwait,t20s00935,
bat,Thailand,t20s00936,
field,Australia,t20s00937,
field,India,t20s00938,
field,England,t20s00939,
field,England,t20s00940,
field,West Indies,t20s00941,
bat,England,t20s00942,
bat,West Indies,t20s00943,
field,United Arab Emirates,t20s00944,
bat,United Arab Emirates,t20s00945,
field,South Africa,t20s00946,
field,Sri Lanka,t20s00947,
field,Philippines,t20s00948,
bat,Vanuatu,t20s00949,
bat,Vanuatu,t20s00950,
bat,Papua New Guinea,t20s00951,
bat,Vanuatu,t20s00952,
field,Vanuatu,t20s00953,
bat,Sri Lanka,t20s00954,
field,Sri Lanka,t20s00955,
bat,Sri Lanka,t20s00956,
field,Sri Lanka,t20s00957,
field,Namibia,t20s00958,
field,Botswana,t20s00959,
bat,Botswana,t20s00960,
bat,Namibia,t20s00961,
bat,Namibia,t20s00962,
bat,Zimbabwe,t20s00963,
bat,Uganda,t20s00964,
bat,Pakistan,t20s00965,
bat,Indonesia,t20s00966,
bat,Japan,t20s00967,
bat,Papua New Guinea,t20s00968,
field,Uganda,t20s00969,
bat,Zimbabwe,t20s00970,
field,Nigeria,t20s00971,
bat,Fiji,t20s00972,
bat,Uganda,t20s00973,
bat,Mozambique,t20s00974,
bat,Sierra Leone,t20s00975,
bat,Japan,t20s00976,
bat,Zimbabwe,t20s00977,
bat,Vanuatu,t20s00978,
bat,Japan,t20s00979,
bat,Japan,t20s00980,
field,Papua New Guinea,t20s00981,
field,Indonesia,t20s00982,
bat,Nigeria,t20s00983,
bat,Tanzania,t20s00984,
field,Namibia,t20s00985,
field,Pakistan,t20s00986,
bat,Pakistan,t20s00987,
field,Canada,t20s00988,
field,Pakistan,t20s00989,
bat,United States of America,t20s00990,
field,Botswana,t20s00991,
field,Namibia,t20s00992,
field,Ghana,t20s00993,
bat,Namibia,t20s00994,
bat,Nigeria,t20s00995,
field,South Africa,t20s00996,
field,Ghana,t20s00997,
bat,Botswana,t20s00998,
bat,Kenya,t20s00999,
field,South Africa,t20s01000,
bat,Ghana,t20s01001,
field,Italy,t20s01002,
bat,West Indies,t20s01003,
bat,West Indies,t20s01004,
field,Ireland,t20s01005,
field,Germany,t20s01006,
field,Guernsey,t20s01007,
bat,Jersey,t20s01008,
field,Denmark,t20s01009,
bat,Denmark,t20s01010,
bat,Mali,t20s01011,
bat,Tanzania,t20s01012,
field,Guernsey,t20s01013,
bat,Uganda,t20s01014,
field,Guernsey,t20s01015,
field,Italy,t20s01016,
field,Germany,t20s01017,
bat,Denmark,t20s01018,
field,Denmark,t20s01019,
field,Germany,t20s01020,
field,Germany,t20s01021,
bat,England,t20s01022,
field,Zimbabwe,t20s01023,
field,Malaysia,t20s01024,
bat,Netherlands,t20s01025,
field,Scotland,t20s01026,
bat,Thailand,t20s01027,
field,Germany,t20s01028,
field,Netherlands,t20s01029,
bat,Thailand,t20s01030,
bat,Malaysia,t20s01031,
field,Thailand,t20s01032,
field,Germany,t20s01033,
field,Ireland,t20s01034,
bat,Malaysia,t20s01035,
field,Zimbabwe,t20s01036,
bat,Nepal,t20s01037,
bat,Singapore,t20s01038,
bat,Malaysia,t20s01039,
bat,Nepal,t20s01040,
field,Nepal,t20s01041,
field,England,t20s01042,
field,Qatar,t20s01043,
bat,Malaysia,t20s01044,
field,Nepal,t20s01045,
bat,Malaysia,t20s01046,
bat,England,t20s01047,
bat,Singapore,t20s01048,
field,Australia,t20s01049,
field,India,t20s01050,
bat,India,t20s01051,
field,United Arab Emirates,t20s01052,
field,India,t20s01053,
field,Netherlands,t20s01054,
bat,Netherlands,t20s01055,
bat,Netherlands,t20s01056,
field,Ireland,t20s01057,
bat,Scotland,t20s01058,
field,Scotland,t20s01059,
bat,Ireland,t20s01060,
bat,Ireland,t20s01061,
field,Netherlands,t20s01062,
field,Netherlands,t20s01063,
bat,Scotland,t20s01064,
bat,Bermuda,t20s01065,
bat,Canada,t20s01066,
bat,Bermuda,t20s01067,
field,United States of America,t20s01068,
field,Botswana,t20s01069,
field,Botswana,t20s01070,
bat,Cayman Islands,t20s01071,
bat,United States of America,t20s01072,
field,Canada,t20s01073,
field,Bermuda,t20s01074,
bat,Namibia,t20s01075,
bat,Botswana,t20s01076,
bat,Cayman Islands,t20s01077,
bat,Cayman Islands,t20s01078,
field,United States of America,t20s01079,
field,Singapore,t20s01080,
bat,Singapore,t20s01081,
bat,Malaysia,t20s01082,
bat,Scotland,t20s01083,
bat,Thailand,t20s01084,
field,Papua New Guinea,t20s01085,
bat,Ireland,t20s01086,
bat,United States of America,t20s01087,
bat,Sri Lanka,t20s01088,
field,Papua New Guinea,t20s01089,
bat,Sri Lanka,t20s01090,
field,United States of America,t20s01091,
field,Scotland,t20s01092,
field,Ireland,t20s01093,
bat,Namibia,t20s01094,
bat,Papua New Guinea,t20s01095,
field,Scotland,t20s01096,
bat,Ireland,t20s01097,
bat,Sri Lanka,t20s01098,
bat,Nigeria,t20s01099,
field,Ireland,t20s01100,
field,United States of America,t20s01101,
bat,Bangladesh,t20s01102,
field,Netherlands,t20s01103,
field,Bangladesh,t20s01104,
bat,West Indies,t20s01105,
field,Australia,t20s01106,
field,Netherlands,t20s01107,
bat,Scotland,t20s01108,
bat,Ireland,t20s01109,
field,India,t20s01110,
bat,West Indies,t20s01111,
field,Zimbabwe,t20s01112,
field,South Korea,t20s01113,
bat,Hong Kong,t20s01114,
bat,Netherlands,t20s01115,
bat,Hong Kong,t20s01116,
field,South Korea,t20s01117,
field,Hong Kong,t20s01118,
bat,India,t20s01119,
field,South Africa,t20s01120,
bat,Nepal,t20s01121,
bat,Singapore,t20s01122,
bat,Vanuatu,t20s01123,
bat,Australia,t20s01124,
bat,Singapore,t20s01125,
bat,Sri Lanka,t20s01126,
field,South Africa,t20s01127,
field,Nepal,t20s01128,
bat,Vanuatu,t20s01129,
bat,Australia,t20s01130,
bat,Malaysia,t20s01131,
field,India,t20s01132,
field,Zimbabwe,t20s01133,
bat,Malaysia,t20s01134,
bat,South Africa,t20s01135,
bat,Malaysia,t20s01136,
field,Pakistan,t20s01137,
field,Ireland,t20s01138,
field,Ireland,t20s01139,
field,Nepal,t20s01140,
field,Nepal,t20s01141,
bat,Ireland,t20s01142,
bat,Sri Lanka,t20s01143,
bat,Ireland,t20s01144,
bat,Netherlands,t20s01145,
bat,Sri Lanka,t20s01146,
field,Hong Kong,t20s01147,
field,Oman,t20s01148,
bat,Netherlands,t20s01149,
field,Oman,t20s01150,
bat,Hong Kong,t20s01151,
field,Scotland,t20s01152,
field,United Arab Emirates,t20s01153,
bat,Scotland,t20s01154,
field,Papua New Guinea,t20s01155,
bat,Jersey,t20s01156,
bat,Netherlands,t20s01157,
bat,Papua New Guinea,t20s01158,
field,Jersey,t20s01159,
bat,Bermuda,t20s01160,
field,Oman,t20s01161,
bat,Kenya,t20s01162,
bat,Canada,t20s01163,
bat,Hong Kong,t20s01164,
field,Oman,t20s01165,
bat,Scotland,t20s01166,
bat,Jersey,t20s01167,
bat,Namibia,t20s01168,
bat,Singapore,t20s01169,
field,Namibia,t20s01170,
bat,Nigeria,t20s01171,
bat,Singapore,t20s01172,
bat,Hong Kong,t20s01173,
bat,Canada,t20s01174,
bat,Netherlands,t20s01175,
field,United Arab Emirates,t20s01176,
bat,Hong Kong,t20s01177,
field,Bermuda,t20s01178,
bat,Canada,t20s01179,
field,Spain,t20s01180,
bat,Namibia,t20s01181,
field,Singapore,t20s01182,
field,Ireland,t20s01183,
bat,Pakistan,t20s01184,
bat,Nigeria,t20s01185,
bat,Netherlands,t20s01186,
field,Singapore,t20s01187,
bat,Gibraltar,t20s01188,
field,Spain,t20s01189,
field,Portugal,t20s01190,
field,Canada,t20s01191,
field,Netherlands,t20s01192,
field,Spain,t20s01193,
bat,Nigeria,t20s01194,
field,Kenya,t20s01195,
field,Sri Lanka,t20s01196,
field,Oman,t20s01197,
bat,United Arab Emirates,t20s01198,
bat,Namibia,t20s01199,
bat,Sri Lanka,t20s01200,
bat,Scotland,t20s01201,
bat,Oman,t20s01202,
bat,Oman,t20s01203,
field,England,t20s01204,
field,Ireland,t20s01205,
bat,Papua New Guinea,t20s01206,
field,Australia,t20s01207,
bat,Ireland,t20s01208,
bat,Papua New Guinea,t20s01209,
field,England,t20s01210,
field,Bangladesh,t20s01211,
field,Australia,t20s01212,
bat,Pakistan,t20s01213,
bat,New Zealand,t20s01214,
field,India,t20s01215,
field,New Zealand,t20s01216,
field,Australia,t20s01217,
field,West Indies,t20s01218,
bat,West Indies,t20s01219,
field,Bangladesh,t20s01220,
field,England,t20s01221,
bat,West Indies,t20s01222,
field,West Indies,t20s01223,
bat,India,t20s01224,
bat,Maldives,t20s01225,
field,Bangladesh,t20s01226,
bat,Bangladesh,t20s01227,
field,Bhutan,t20s01228,
bat,Nepal,t20s01229,
field,India,t20s01230,
bat,Maldives,t20s01231,
field,Maldives,t20s01232,
field,West Indies,t20s01233,
field,Nepal,t20s01234,
field,West Indies,t20s01235,
field,Pakistan,t20s01236,
bat,England,t20s01237,
bat,England,t20s01238,
field,India,t20s01239,
field,Sri Lanka,t20s01240,
bat,Ireland,t20s01241,
field,West Indies,t20s01242,
field,West Indies,t20s01243,
field,India,t20s01244,
bat,Bangladesh,t20s01245,
bat,Bangladesh,t20s01246,
bat,New Zealand,t20s01247,
field,New Zealand,t20s01248,
field,India,t20s01249,
field,New Zealand,t20s01250,
field,Australia,t20s01251,
field,Australia,t20s01252,
field,New Zealand,t20s01253,
bat,India,t20s01254,
field,Oman,t20s01255,
bat,Oman,t20s01256,
field,New Zealand,t20s01257,
bat,Germany,t20s01258,
field,England,t20s01259,
field,India,t20s01260,
bat,Germany,t20s01261,
field,England,t20s01262,
bat,New Zealand,t20s01263,
field,South Africa,t20s01264,
bat,Australia,t20s01265,
field,England,t20s01266,
field,South Africa,t20s01267,
bat,South Africa,t20s01268,
bat,Malaysia,t20s01269,
bat,Malaysia,t20s01270,
field,South Africa,t20s01271,
field,Australia,t20s01272,
bat,Thailand,t20s01273,
field,New Zealand,t20s01274,
field,South Africa,t20s01275,
bat,South Africa,t20s01276,
bat,Malaysia,t20s01277,
bat,Sri Lanka,t20s01278,
field,Bangladesh,t20s01279,
bat,Malaysia,t20s01280,
field,Oman,t20s01281,
bat,United Arab Emirates,t20s01282,
bat,Qatar,t20s01283,
field,Kuwait,t20s01284,
bat,United Arab Emirates,t20s01285,
field,Bahrain,t20s01286,
field,South Africa,t20s01287,
field,Thailand,t20s01288,
bat,Hong Kong,t20s01289,
bat,West Indies,t20s01290,
field,New Zealand,t20s01291,
bat,Australia,t20s01292,
field,Kuwait,t20s01293,
bat,South Africa,t20s01294,
field,Pakistan,t20s01295,
bat,New Zealand,t20s01296,
bat,Sri Lanka,t20s01297,
field,Thailand,t20s01298,
bat,Thailand,t20s01299,
field,Nepal,t20s01300,
bat,South Africa,t20s01301,
bat,England,t20s01302,
bat,Bangladesh,t20s01303,
field,New Zealand,t20s01304,
bat,Thailand,t20s01305,
bat,Singapore,t20s01306,
bat,Thailand,t20s01307,
bat,West Indies,t20s01308,
bat,Thailand,t20s01309,
bat,Singapore,t20s01310,
field,South Africa,t20s01311,
field,West Indies,t20s01312,
bat,Malaysia,t20s01313,
field,Spain,t20s01314,
bat,Australia,t20s01315,
field,Spain,t20s01316,
field,Zimbabwe,t20s01317,
field,Bangladesh,t20s01318,
field,Austria,t20s01319,
bat,Germany,t20s01320,
bat,Austria,t20s01321,
bat,Germany,t20s01322,
bat,Germany,t20s01323,
bat,Isle of Man,t20s01324,
field,Pakistan,t20s01325,
bat,Belgium,t20s01326,
field,England,t20s01327,
bat,Belgium,t20s01328,
bat,Belgium,t20s01329,
field,England,t20s01330,
field,Australia,t20s01331,
bat,Australia,t20s01332,
field,Australia,t20s01333,
bat,England,t20s01334,
field,West Indies,t20s01335,
bat,England,t20s01336,
field,New Zealand,t20s01337,
bat,New Zealand,t20s01338,
bat,England,t20s01339,
field,New Zealand,t20s01340,
field,England,t20s01341,
bat,Bulgaria,t20s01342,
bat,Romania,t20s01343,
bat,Bulgaria,t20s01344,
bat,Zimbabwe,t20s01345,
field,Pakistan,t20s01346,
bat,Zimbabwe,t20s01347,
field,England,t20s01348,
field,New Zealand,t20s01349,
field,West Indies,t20s01350,
field,England,t20s01351,
field,New Zealand,t20s01352,
bat,South Africa,t20s01353,
field,Australia,t20s01354,
field,India,t20s01355,
field,India,t20s01356,
bat,Pakistan,t20s01357,
bat,Pakistan,t20s01358,
field,Pakistan,t20s01359,
bat,Pakistan,t20s01360,
field,Pakistan,t20s01361,
field,South Africa,t20s01362,
field,South Africa,t20s01363,
field,South Africa,t20s01364,
field,Pakistan,t20s01365,
field,Australia,t20s01366,
field,Australia,t20s01367,
field,England,t20s01368,
field,New Zealand,t20s01369,
field,West Indies,t20s01370,
field,England,t20s01371,
bat,Australia,t20s01372,
bat,Sri Lanka,t20s01373,
field,New Zealand,t20s01374,
bat,Australia,t20s01375,
bat,Sri Lanka,t20s01376,
field,England,t20s01377,
field,India,t20s01378,
field,England,t20s01379,
field,England,t20s01380,
field,South Africa,t20s01381,
field,England,t20s01382,
field,South Africa,t20s01383,
field,India,t20s01384,
field,Australia,t20s01385,
bat,New Zealand,t20s01386,
field,New Zealand,t20s01387,
field,Bangladesh,t20s01388,
field,New Zealand,t20s01389,
field,Bangladesh,t20s01390,
bat,Uganda,t20s01391,
bat,Namibia,t20s01392,
bat,Namibia,t20s01393,
bat,South Africa,t20s01394,
bat,Pakistan,t20s01395,
field,Pakistan,t20s01396,
field,Pakistan,t20s01397,
field,Nepal,t20s01398,
bat,Netherlands,t20s01399,
field,Nepal,t20s01400,
bat,Nepal,t20s01401,
field,Zimbabwe,t20s01402,
field,Malaysia,t20s01403,
field,Malaysia,t20s01404,
field,Pakistan,t20s01405,
field,Netherlands,t20s01406,
bat,Pakistan,t20s01407,
field,Czech Republic,t20s01408,
field,Czech Republic,t20s01409,
field,Luxembourg,t20s01410,
bat,Austria,t20s01411,
bat,Czech Republic,t20s01412,
bat,Scotland,t20s01413,
bat,Ireland,t20s01414,
bat,Ireland,t20s01415,
bat,Scotland,t20s01416,
bat,Nigeria,t20s01417,
field,Kenya,t20s01418,
field,Rwanda,t20s01419,
bat,Namibia,t20s01420,
field,Nigeria,t20s01421,
field,Nigeria,t20s01422,
bat,Kenya,t20s01423,
bat,Namibia,t20s01424,
bat,Kenya,t20s01425,
bat,Rwanda,t20s01426,
bat,Namibia,t20s01427,
bat,Sri Lanka,t20s01428,
bat,Sri Lanka,t20s01429,
bat,Greece,t20s01430,
field,Greece,t20s01431,
bat,Bulgaria,t20s01432,
bat,Romania,t20s01433,
field,Greece,t20s01434,
bat,Serbia,t20s01435,
field,Sri Lanka,t20s01436,
field,West Indies,t20s01437,
field,West Indies,t20s01438,
field,West Indies,t20s01439,
field,Pakistan,t20s01440,
field,South Africa,t20s01441,
bat,West Indies,t20s01442,
bat,South Africa,t20s01443,
bat,Pakistan,t20s01444,
field,Germany,t20s01445,
field,Germany,t20s01446,
bat,Belgium,t20s01447,
bat,Malta,t20s01448,
field,Australia,t20s01449,
field,Belgium,t20s01450,
bat,Germany,t20s01451,
field,India,t20s01452,
bat,Belgium,t20s01453,
field,Australia,t20s01454,
bat,Belgium,t20s01455,
field,England,t20s01456,
bat,Australia,t20s01457,
bat,India,t20s01458,
bat,Australia,t20s01459,
field,England,t20s01460,
bat,West Indies,t20s01461,
field,Pakistan,t20s01462,
field,Ireland,t20s01463,
bat,Pakistan,t20s01464,
bat,South Africa,t20s01465,
bat,Zimbabwe,t20s01466,
bat,Zimbabwe,t20s01467,
bat,South Africa,t20s01468,
field,Sri Lanka,t20s01469,
bat,Zimbabwe,t20s01470,
field,Netherlands,t20s01471,
field,Sri Lanka,t20s01472,
field,Pakistan,t20s01473,
bat,Netherlands,t20s01474,
bat,India,t20s01475,
field,Netherlands,t20s01476,
field,West Indies,t20s01477,
bat,West Indies,t20s01478,
field,Australia,t20s01479,
field,Pakistan,t20s01480,
bat,Australia,t20s01481,
field,Germany,t20s01482,
field,France,t20s01483,
bat,Bangladesh,t20s01484,
field,Germany,t20s01485,
bat,Bangladesh,t20s01486,
field,France,t20s01487,
field,France,t20s01488,
field,Germany,t20s01489,
bat,Norway,t20s01490,
bat,Bangladesh,t20s01491,
field,Sweden,t20s01492,
field,Denmark,t20s01493,
bat,Ghana,t20s01494,
bat,Ghana,t20s01495,
field,Malta,t20s01496,
field,Ghana,t20s01497,
field,Gibraltar,t20s01498,
bat,Rwanda,t20s01499,
bat,Sweden,t20s01500,
bat,Sweden,t20s01501,
field,Gibraltar,t20s01502,
field,Sweden,t20s01503,
field,Sweden,t20s01504,
field,Scotland,t20s01505,
field,Germany,t20s01506,
bat,France,t20s01507,
field,Netherlands,t20s01508,
field,Ireland,t20s01509,
bat,France,t20s01510,
bat,Ireland,t20s01511,
field,Zimbabwe,t20s01512,
bat,Thailand,t20s01513,
field,Ireland,t20s01514,
field,Scotland,t20s01515,
field,Sweden,t20s01516,
bat,Zimbabwe,t20s01517,
bat,Thailand,t20s01518,
field,Scotland,t20s01519,
field,Netherlands,t20s01520,
bat,South Africa,t20s01521,
field,New Zealand,t20s01522,
bat,New Zealand,t20s01523,
field,Zimbabwe,t20s01524,
field,Czech Republic,t20s01525,
field,Bulgaria,t20s01526,
field,West Indies,t20s01527,
field,Zimbabwe,t20s01528,
bat,Bangladesh,t20s01529,
bat,Romania,t20s01530,
bat,Bulgaria,t20s01531,
bat,Romania,t20s01532,
field,New Zealand,t20s01533,
bat,South Africa,t20s01534,
bat,Zimbabwe,t20s01535,
field,Hungary,t20s01536,
field,Malta,t20s01537,
bat,New Zealand,t20s01538,
field,Hungary,t20s01539,
bat,Romania,t20s01540,
bat,New Zealand,t20s01541,
field,Rwanda,t20s01542,
bat,Botswana,t20s01543,
bat,Sierra Leone,t20s01544,
field,England,t20s01545,
bat,Tanzania,t20s01546,
field,Mozambique,t20s01547,
bat,Namibia,t20s01548,
bat,South Africa,t20s01549,
bat,New Zealand,t20s01550,
bat,Kenya,t20s01551,
field,Germany,t20s01552,
field,Spain,t20s01553,
bat,Germany,t20s01554,
bat,Uganda,t20s01555,
bat,Uganda,t20s01556,
field,Mozambique,t20s01557,
bat,Eswatini,t20s01558,
bat,Nigeria,t20s01559,
bat,Rwanda,t20s01560,
bat,Sri Lanka,t20s01561,
bat,Tanzania,t20s01562,
bat,Kenya,t20s01563,
bat,Nigeria,t20s01564,
bat,Tanzania,t20s01565,
bat,Sierra Leone,t20s01566,
bat,Sri Lanka,t20s01567,
bat,Cameroon,t20s01568,
bat,Scotland,t20s01569,
bat,Uganda,t20s01570,
bat,Nigeria,t20s01571,
bat,Mozambique,t20s01572,
field,Rwanda,t20s01573,
bat,Botswana,t20s01574,
bat,Zimbabwe,t20s01575,
bat,Zimbabwe,t20s01576,
bat,Uganda,t20s01577,
bat,Uganda,t20s01578,
bat,Zimbabwe,t20s01579,
bat,Scotland,t20s01580,
field,Cyprus,t20s01581,
bat,Estonia,t20s01582,
bat,Cyprus,t20s01583,
bat,Estonia,t20s01584,
field,Australia,t20s01585,
field,Isle of Man,t20s01586,
bat,United Arab Emirates,t20s01587,
bat,Papua New Guinea,t20s01588,
field,Ireland,t20s01589,
field,Isle of Man,t20s01590,
bat,Cyprus,t20s01591,
field,Australia,t20s01592,
field,Namibia,t20s01593,
field,India,t20s01594,
field,Papua New Guinea,t20s01595,
field,United Arab Emirates,t20s01596,
field,Germany,t20s01597,
bat,Denmark,t20s01598,
bat,Malawi,t20s01599,
bat,Seychelles,t20s01600,
bat,Denmark,t20s01601,
bat,Jersey,t20s01602,
field,Ghana,t20s01603,
field,Malawi,t20s01604,
bat,Uganda,t20s01605,
field,Seychelles,t20s01606,
field,Oman,t20s01607,
field,Denmark,t20s01608,
field,Bangladesh,t20s01609,
bat,Italy,t20s01610,
bat,Netherlands,t20s01611,
field,Sri Lanka,t20s01612,
field,Sierra Leone,t20s01613,
bat,Lesotho,t20s01614,
field,Ghana,t20s01615,
bat,Germany,t20s01616,
bat,Swaziland,t20s01617,
bat,Bangladesh,t20s01618,
bat,Scotland,t20s01619,
bat,Canada,t20s01620,
field,Brazil,t20s01621,
field,Denmark,t20s01622,
field,Namibia,t20s01623,
field,Ireland,t20s01624,
field,Jersey,t20s01625,
field,Denmark,t20s01626,
bat,Malawi,t20s01627,
field,Ghana,t20s01628,
bat,Swaziland,t20s01629,
bat,Rwanda,t20s01630,
field,Sierra Leone,t20s01631,
field,Ghana,t20s01632,
bat,Denmark,t20s01633,
bat,Oman,t20s01634,
bat,Malta,t20s01635,
field,Germany,t20s01636,
bat,Bangladesh,t20s01637,
bat,Ireland,t20s01638,
field,Sri Lanka,t20s01639,
bat,Gibraltar,t20s01640,
bat,Bulgaria,t20s01641,
bat,Swaziland,t20s01642,
bat,Malawi,t20s01643,
bat,Uganda,t20s01644,
bat,Switzerland,t20s01645,
bat,Maldives,t20s01646,
field,Australia,t20s01647,
field,England,t20s01648,
bat,Sierra Leone,t20s01649,
field,United States of America,t20s01650,
field,Sri Lanka,t20s01651,
field,Pakistan,t20s01652,
bat,Gibraltar,t20s01653,
bat,Malta,t20s01654,
bat,Nigeria,t20s01655,
field,Kuwait,t20s01656,
field,Maldives,t20s01657,
bat,Nigeria,t20s01658,
field,South Africa,t20s01659,
field,Pakistan,t20s01660,
field,Bahrain,t20s01661,
bat,Bangladesh,t20s01662,
field,Namibia,t20s01663,
field,Australia,t20s01664,
field,Kuwait,t20s01665,
field,Saudi Arabia,t20s01666,
field,Bangladesh,t20s01667,
bat,Kuwait,t20s01668,
field,South Africa,t20s01669,
field,England,t20s01670,
field,New Zealand,t20s01671,
field,Sri Lanka,t20s01672,
field,South Africa,t20s01673,
bat,Pakistan,t20s01674,
bat,Botswana,t20s01675,
bat,Tanzania,t20s01676,
bat,Sierra Leone,t20s01677,
field,Scotland,t20s01678,
field,Cameroon,t20s01679,
field,Australia,t20s01680,
field,West Indies,t20s01681,
field,Namibia,t20s01682,
field,India,t20s01683,
bat,Cameroon,t20s01684,
bat,Mozambique,t20s01685,
field,Australia,t20s01686,
field,England,t20s01687,
bat,Botswana,t20s01688,
bat,Tanzania,t20s01689,
bat,Tanzania,t20s01690,
field,United States of America,t20s01691,
bat,Pakistan,t20s01692,
bat,Cameroon,t20s01693,
bat,Canada,t20s01694,
bat,United States of America,t20s01695,
field,India,t20s01696,
bat,Bahamas,t20s01697,
bat,Belize,t20s01698,
bat,Canada,t20s01699,
bat,Argentina,t20s01700,
field,Bahamas,t20s01701,
field,New Zealand,t20s01702,
field,Australia,t20s01703,
bat,Argentina,t20s01704,
bat,Bahamas,t20s01705,
bat,Belize,t20s01706,
field,Bahamas,t20s01707,
bat,Argentina,t20s01708,
bat,Canada,t20s01709,
field,Australia,t20s01710,
field,Qatar,t20s01711,
bat,Nepal,t20s01712,
field,India,t20s01713,
bat,Nigeria,t20s01714,
bat,Kenya,t20s01715,
bat,Uganda,t20s01716,
bat,Tanzania,t20s01717,
bat,Nepal,t20s01718,
bat,Tanzania,t20s01719,
bat,Nigeria,t20s01720,
bat,Tanzania,t20s01721,
field,Uganda,t20s01722,
bat,Bangladesh,t20s01723,
field,India,t20s01724,
bat,Bangladesh,t20s01725,
field,Uganda,t20s01726,
field,Nigeria,t20s01727,
bat,Kenya,t20s01728,
bat,Tanzania,t20s01729,
bat,India,t20s01730,
field,Malaysia,t20s01731,
field,Kuwait,t20s01732,
bat,Bangladesh,t20s01733,
field,Hong Kong,t20s01734,
bat,Malaysia,t20s01735,
bat,Bhutan,t20s01736,
field,Bhutan,t20s01737,
bat,Kuwait,t20s01738,
field,Hong Kong,t20s01739,
field,Bhutan,t20s01740,
field,United Arab Emirates,t20s01741,
field,Nepal,t20s01742,
bat,Malaysia,t20s01743,
bat,Hong Kong,t20s01744,
field,West Indies,t20s01745,
bat,Pakistan,t20s01746,
bat,West Indies,t20s01747,
bat,United States of America,t20s01748,
field,United States of America,t20s01749,
field,Bangladesh,t20s01750,
bat,Sri Lanka,t20s01751,
bat,Scotland,t20s01752,
field,Kenya,t20s01753,
field,Australia,t20s01754,
field,Sri Lanka,t20s01755,
field,Australia,t20s01756,
field,Kenya,t20s01757,
field,Malaysia,t20s01758,
field,West Indies,t20s01759,
bat,Scotland,t20s01760,
bat,Kenya,t20s01761,
field,West Indies,t20s01762,
bat,Sri Lanka,t20s01763,
field,England,t20s01764,
field,West Indies,t20s01765,
bat,West Indies,t20s01766,
field,India,t20s01767,
field,Sri Lanka,t20s01768,
field,Nepal,t20s01769,
field,Ireland,t20s01770,
field,Nepal,t20s01771,
field,Sri Lanka,t20s01772,
field,Ireland,t20s01773,
field,Oman,t20s01774,
field,Nepal,t20s01775,
field,Australia,t20s01776,
field,India,t20s01777,
bat,United Arab Emirates,t20s01778,
field,Philippines,t20s01779,
field,Bahrain,t20s01780,
field,West Indies,t20s01781,
field,Oman,t20s01782,
field,Australia,t20s01783,
bat,Ireland,t20s01784,
field,Oman,t20s01785,
field,Philippines,t20s01786,
bat,United Arab Emirates,t20s01787,
bat,Australia,t20s01788,
field,West Indies,t20s01789,
field,Ireland,t20s01790,
bat,Bahrain,t20s01791,
bat,Canada,t20s01792,
bat,Philippines,t20s01793,
bat,United Arab Emirates,t20s01794,
field,Oman,t20s01795,
field,Canada,t20s01796,
bat,Bahrain,t20s01797,
field,Germany,t20s01798,
field,Sri Lanka,t20s01799,
bat,Bahrain,t20s01800,
bat,Oman,t20s01801,
bat,Ireland,t20s01802,
field,India,t20s01803,
bat,Sri Lanka,t20s01804,
bat,Qatar,t20s01805,
field,Kuwait,t20s01806,
bat,Qatar,t20s01807,
field,Saudi Arabia,t20s01808,
bat,United Arab Emirates,t20s01809,
field,Saudi Arabia,t20s01810,
bat,Qatar,t20s01811,
bat,United Arab Emirates,t20s01812,
field,United Arab Emirates,t20s01813,
field,Kuwait,t20s01814,
bat,Qatar,t20s01815,
bat,Kuwait,t20s01816,
bat,Oman,t20s01817,
bat,United Arab Emirates,t20s01818,
field,Papua New Guinea,t20s01819,
bat,Malaysia,t20s01820,
bat,Malaysia,t20s01821,
field,Papua New Guinea,t20s01822,
field,Papua New Guinea,t20s01823,
field,Malaysia,t20s01824,
field,Papua New Guinea,t20s01825,
field,Australia,t20s01826,
field,Namibia,t20s01827,
field,Uganda,t20s01828,
field,Uganda,t20s01829,
bat,Zimbabwe,t20s01830,
field,Uganda,t20s01831,
bat,Zimbabwe,t20s01832,
bat,Zimbabwe,t20s01833,
field,Zimbabwe,t20s01834,
field,Uganda,t20s01835,
field,Uganda,t20s01836,
field,Namibia,t20s01837,
field,Namibia,t20s01838,
field,Zimbabwe,t20s01839,
bat,Hong Kong,t20s01840,
field,Hong Kong,t20s01841,
bat,United Arab Emirates,t20s01842,
bat,Norway,t20s01843,
bat,Guernsey,t20s01844,
bat,Spain,t20s01845,
bat,Hong Kong,t20s01846,
bat,Norway,t20s01847,
bat,Spain,t20s01848,
bat,Spain,t20s01849,
field,Finland,t20s01850,
field,Finland,t20s01851,
bat,Denmark,t20s01852,
field,Malta,t20s01853,
field,Hungary,t20s01854,
field,Hungary,t20s01855,
field,Malta,t20s01856,
bat,Czech Republic,t20s01857,
field,Bulgaria,t20s01858,
bat,Romania,t20s01859,
bat,Czech Republic,t20s01860,
field,Czech Republic,t20s01861,
bat,Gibraltar,t20s01862,
bat,Romania,t20s01863,
bat,Bulgaria,t20s01864,
bat,Hungary,t20s01865,
bat,Gibraltar,t20s01866,
bat,Bulgaria,t20s01867,
bat,Gibraltar,t20s01868,
field,Hungary,t20s01869,
bat,Romania,t20s01870,
field,Nepal,t20s01871,
field,Uganda,t20s01872,
bat,Zimbabwe,t20s01873,
bat,Zimbabwe,t20s01874,
bat,Nepal,t20s01875,
bat,Nepal,t20s01876,
field,Guernsey,t20s01877,
field,Uganda,t20s01878,
bat,Namibia,t20s01879,
field,Namibia,t20s01880,
bat,Sri Lanka,t20s01881,
field,Zimbabwe,t20s01882,
bat,Sri Lanka,t20s01883,
bat,Sri Lanka,t20s01884,
field,South Africa,t20s01885,
bat,Ireland,t20s01886,
field,Australia,t20s01887,
field,Australia,t20s01888,
field,South Africa,t20s01889,
field,Nigeria,t20s01890,
field,South Africa,t20s01891,
field,Austria,t20s01892,
field,Germany,t20s01893,
bat,Rwanda,t20s01894,
bat,Uganda,t20s01895,
bat,Tanzania,t20s01896,
field,Brazil,t20s01897,
field,Nigeria,t20s01898,
bat,Austria,t20s01899,
field,Sweden,t20s01900,
bat,Germany,t20s01901,
field,Sweden,t20s01902,
bat,Australia,t20s01903,
bat,Rwanda,t20s01904,
bat,Uganda,t20s01905,
field,Germany,t20s01906,
bat,Botswana,t20s01907,
field,South Africa,t20s01908,
field,South Africa,t20s01909,
bat,Nigeria,t20s01910,
bat,Kenya,t20s01911,
bat,Botswana,t20s01912,
field,Germany,t20s01913,
bat,Malaysia,t20s01914,
bat,Nepal,t20s01915,
bat,Oman,t20s01916,
field,Kuwait,t20s01917,
field,South Africa,t20s01918,
field,Kuwait,t20s01919,
field,Malaysia,t20s01920,
field,United Arab Emirates,t20s01921,
bat,Tanzania,t20s01922,
field,Bhutan,t20s01923,
field,Hong Kong,t20s01924,
field,Qatar,t20s01925,
field,South Africa,t20s01926,
field,Malaysia,t20s01927,
field,Nepal,t20s01928,
field,Singapore,t20s01929,
field,Qatar,t20s01930,
field,Kuwait,t20s01931,
bat,Nepal,t20s01932,
field,Oman,t20s01933,
field,Kuwait,t20s01934,
bat,United Arab Emirates,t20s01935,
field,Bahrain,t20s01936,
bat,India,t20s01937,
field,Hong Kong,t20s01938,
field,Nepal,t20s01939,
field,Bulgaria,t20s01940,
bat,Serbia,t20s01941,
bat,Serbia,t20s01942,
bat,Sri Lanka,t20s01943,
bat,Malaysia,t20s01944,
field,Guernsey,t20s01945,
field,India,t20s01946,
field,Bulgaria,t20s01947,
bat,India,t20s01948,
bat,Netherlands,t20s01949,
bat,India,t20s01950,
field,Belgium,t20s01951,
field,Singapore,t20s01952,
bat,Portugal,t20s01953,
bat,Denmark,t20s01954,
bat,Israel,t20s01955,
bat,Hungary,t20s01956,
bat,Malaysia,t20s01957,
bat,Singapore,t20s01958,
field,Netherlands,t20s01959,
field,Namibia,t20s01960,
field,Namibia,t20s01961,
bat,Portugal,t20s01962,
field,Gibraltar,t20s01963,
field,Israel,t20s01964,
field,Denmark,t20s01965,
field,West Indies,t20s01966,
bat,Belgium,t20s01967,
field,Spain,t20s01968,
field,Bhutan,t20s01969,
bat,Singapore,t20s01970,
bat,Gibraltar,t20s01971,
bat,Singapore,t20s01972,
bat,West Indies,t20s01973,
field,Hungary,t20s01974,
bat,Spain,t20s01975,
bat,Portugal,t20s01976,
bat,Thailand,t20s01977,
field,Maldives,t20s01978,
field,Bhutan,t20s01979,
field,Malaysia,t20s01980,True
bat,India,t20s01981,
bat,Bangladesh,t20s01982,
field,Maldives,t20s01983,
field,Malaysia,t20s01984,
field,Serbia,t20s01985,
field,Thailand,t20s01986,
field,Austria,t20s01987,
bat,Singapore,t20s01988,
bat,Luxembourg,t20s01989,
field,Singapore,t20s01990,
field,England,t20s01991,
field,Austria,t20s01992,
field,Luxembourg,t20s01993,
bat,Bhutan,t20s01994,
field,Serbia,t20s01995,
field,Serbia,t20s01996,
bat,Malaysia,t20s01997,
bat,England,t20s01998,
bat,Czech Republic,t20s01999,
field,Czech Republic,t20s02000,
field,Malaysia,t20s02001,
bat,Hong Kong,t20s02002,
field,United States of America,t20s02003,
field,Singapore,t20s02004,
bat,Netherlands,t20s02005,
field,Isle of Man,t20s02006,
field,Sweden,t20s02007,
field,Turkey,t20s02008,
field,Jersey,t20s02009,
field,Singapore,t20s02010,
bat,Hong Kong,t20s02011,
field,Papua New Guinea,t20s02012,
field,Romania,t20s02013,
field,Sweden,t20s02014,
field,Serbia,t20s02015,
field,Italy,t20s02016,
bat,Zimbabwe,t20s02017,
field,Uganda,t20s02018,
field,Hong Kong,t20s02019,
field,Sweden,t20s02020,
field,Serbia,t20s02021,
field,Greece,t20s02022,
field,Isle of Man,t20s02023,
bat,Uganda,t20s02024,
field,Hong Kong,t20s02025,
bat,Zimbabwe,t20s02026,
bat,United States of America,t20s02027,
bat,Cyprus,t20s02028,
bat,Italy,t20s02029,
bat,Romania,t20s02030,
bat,Pakistan,t20s02031,
field,Greece,t20s02032,
field,Australia,t20s02033,
field,Hong Kong,t20s02034,
bat,Singapore,t20s02035,
field,United States of America,t20s02036,
bat,Zimbabwe,t20s02037,
field,Ireland,t20s02038,
field,Greece,t20s02039,
bat,Cyprus,t20s02040,
bat,Croatia,t20s02041,
bat,Isle of Man,t20s02042,
field,Italy,t20s02043,
bat,Romania,t20s02044,
bat,Finland,t20s02045,
bat,Pakistan,t20s02046,
bat,Serbia,t20s02047,
field,Ireland,t20s02048,
field,England,t20s02049,
field,Ireland,t20s02050,
bat,Ireland,t20s02051,
field,England,t20s02052,
bat,Pakistan,t20s02053,
field,Luxembourg,t20s02054,
bat,Estonia,t20s02055,
field,Bulgaria,t20s02056,
field,Czech Republic,t20s02057,
bat,France,t20s02058,
field,Luxembourg,t20s02059,
bat,England,t20s02060,
field,Slovenia,t20s02061,
field,Scotland,t20s02062,
bat,France,t20s02063,
field,Bulgaria,t20s02064,
field,South Africa,t20s02065,
bat,Guernsey,t20s02066,
bat,Switzerland,t20s02067,
bat,Norway,t20s02068,
bat,Luxembourg,t20s02069,
bat,Czech Republic,t20s02070,
field,Guernsey,t20s02071,
field,England,t20s02072,
bat,India,t20s02073,
field,Pakistan,t20s02074,
bat,New Zealand,t20s02075,
field,West Indies,t20s02076,
bat,Zimbabwe,t20s02077,
bat,Luxembourg,t20s02078,
bat,Sri Lanka,t20s02079,
field,South Africa,t20s02080,
bat,Switzerland,t20s02081,
bat,Pakistan,t20s02082,
field,Australia,t20s02083,
field,England,t20s02084,
bat,Bulgaria,t20s02085,
bat,Guernsey,t20s02086,
bat,Luxembourg,t20s02087,
bat,Norway,t20s02088,
bat,Zimbabwe,t20s02089,
field,West Indies,t20s02090,
bat,Zimbabwe,t20s02091,
field,India,t20s02092,
field,South Africa,t20s02093,
bat,New Zealand,t20s02094,
bat,Australia,t20s02095,
field,Barbados,t20s02096,
bat,South Africa,t20s02097,
field,South Africa,t20s02098,
bat,New Zealand,t20s02099,
bat,New Zealand,t20s02100,
field,Ireland,t20s02101,
bat,Netherlands,t20s02102,
bat,India,t20s02103,
field,Australia,t20s02104,
field,West Indies,t20s02105,
bat,India,t20s02106,
bat,England,t20s02107,
bat,Australia,t20s02108,
field,West Indies,t20s02109,
bat,New Zealand,t20s02110,
field,Bahrain,t20s02111,
bat,New Zealand,t20s02112,
field,Kuwait,t20s02113,
field,Bahrain,t20s02114,
field,Singapore,t20s02115,
field,Kuwait,t20s02116,
field,Singapore,t20s02117,
field,Hong Kong,t20s02118,
field,Hong Kong,t20s02119,
bat,Singapore,t20s02120,
field,Nepal,t20s02121,
bat,Kenya,t20s02122,
field,India,t20s02123,
bat,Kenya,t20s02124,
bat,Nepal,t20s02125,
field,Hong Kong,t20s02126,
field,Sri Lanka,t20s02127,
field,Hong Kong,t20s02128,
field,Pakistan,t20s02129,
field,Ireland,t20s02130,
field,Ireland,t20s02131,
field,Sri Lanka,t20s02132,
field,Sri Lanka,t20s02133,
bat,Samoa,t20s02134,
field,England,t20s02135,
bat,Cook Islands,t20s02136,
field,Pakistan,t20s02137,
bat,Vanuatu,t20s02138,
bat,Samoa,t20s02139,
bat,Zimbabwe,t20s02140,
bat,England,t20s02141,
bat,United States of America,t20s02142,
field,Cook Islands,t20s02143,
field,Fiji,t20s02144,
field,Vanuatu,t20s02145,
field,Cook Islands,t20s02146,
field,Cook Islands,t20s02147,
field,Samoa,t20s02148,
field,England,t20s02149,
field,Uganda,t20s02150,
bat,Ghana,t20s02151,
bat,Kenya,t20s02152,
bat,United Arab Emirates,t20s02153,
bat,Bangladesh,t20s02154,
bat,Papua New Guinea,t20s02155,
bat,Scotland,t20s02156,
bat,Uganda,t20s02157,
field,Ghana,t20s02158,
field,Kenya,t20s02159,
bat,United States of America,t20s02160,
field,Mozambique,t20s02161,
bat,Scotland,t20s02162,
bat,Thailand,t20s02163,
field,United Arab Emirates,t20s02164,
field,England,t20s02165,
field,Australia,t20s02166,
bat,Ghana,t20s02167,
field,Malawi,t20s02168,
bat,Bangladesh,t20s02169,
bat,Ireland,t20s02170,
bat,Zimbabwe,t20s02171,
field,Uganda,t20s02172,
field,Tanzania,t20s02173,
bat,England,t20s02174,
field,Uganda,t20s02175,
field,India,t20s02176,
field,Pakistan,t20s02177,
field,Papua New Guinea,t20s02178,
field,Zimbabwe,t20s02179,
field,Thailand,t20s02180,
field,United Arab Emirates,t20s02181,
field,Thailand,t20s02182,
bat,Bangladesh,t20s02183,
bat,United States of America,t20s02184,
bat,Scotland,t20s02185,
field,England,t20s02186,
field,India,t20s02187,
field,United Arab Emirates,t20s02188,
field,United Arab Emirates,t20s02189,
field,New Zealand,t20s02190,
field,England,t20s02191,
field,India,t20s02192,
field,England,t20s02193,
field,Sri Lanka,t20s02194,
field,New Zealand,t20s02195,
bat,Thailand,t20s02196,
field,New Zealand,t20s02197,
field,Pakistan,t20s02198,
bat,Sri Lanka,t20s02199,
field,Pakistan,t20s02200,
field,South Africa,t20s02201,
field,Pakistan,t20s02202,
field,Malaysia,t20s02203,
bat,Sri Lanka,t20s02204,
bat,India,t20s02205,
field,India,t20s02206,
field,West Indies,t20s02207,
bat,Malaysia,t20s02208,
field,Australia,t20s02209,
bat,Bangladesh,t20s02210,
field,New Zealand,t20s02211,
bat,Pakistan,t20s02212,
field,United Arab Emirates,t20s02213,
bat,Pakistan,t20s02214,
field,West Indies,t20s02215,
field,Bangladesh,t20s02216,
bat,Sri Lanka,t20s02217,
bat,India,t20s02218,
bat,New Zealand,t20s02219,
field,Malaysia,t20s02220,
field,United Arab Emirates,t20s02221,
field,Australia,t20s02222,
field,New Zealand,t20s02223,
bat,Japan,t20s02224,
field,India,t20s02225,
field,Bangladesh,t20s02226,
bat,Sri Lanka,t20s02227,
bat,Pakistan,t20s02228,
bat,Japan,t20s02229,
field,Australia,t20s02230,
field,Bangladesh,t20s02231,
field,Thailand,t20s02232,
bat,Sri Lanka,t20s02233,
bat,Bangladesh,t20s02234,
field,Australia,t20s02235,
field,Pakistan,t20s02236,
bat,Japan,t20s02237,
field,South Korea,t20s02238,
bat,Sri Lanka,t20s02239,
bat,Indonesia,t20s02240,
field,Sri Lanka,t20s02241,
bat,United Arab Emirates,t20s02242,
field,West Indies,t20s02243,
field,Ireland,t20s02244,
bat,Namibia,t20s02245,
field,United Arab Emirates,t20s02246,
bat,Japan,t20s02247,
bat,South Korea,t20s02248,
bat,Scotland,t20s02249,
bat,West Indies,t20s02250,
bat,Sri Lanka,t20s02251,
bat,United Arab Emirates,t20s02252,
bat,West Indies,t20s02253,
bat,Scotland,t20s02254,
field,Australia,t20s02255,
field,India,t20s02256,
bat,Ireland,t20s02257,
field,Netherlands,t20s02258,
bat,Zimbabwe,t20s02259,
field,Australia,t20s02260,
field,England,t20s02261,
field,Hong Kong,t20s02262,
bat,South Africa,t20s02263,
bat,India,t20s02264,
bat,Zimbabwe,t20s02265,
bat,Japan,t20s02266,
bat,Hong Kong,t20s02267,
bat,New Zealand,t20s02268,
bat,India,t20s02269,
bat,Bangladesh,t20s02270,
field,Japan,t20s02271,
bat,Netherlands,t20s02272,
field,Ireland,t20s02273,
bat,England,t20s02274,
bat,Zimbabwe,t20s02275,
field,Bangladesh,t20s02276,
bat,Pakistan,t20s02277,
field,Ireland,t20s02278,
bat,Italy,t20s02279,
bat,Italy,t20s02280,
bat,Sri Lanka,t20s02281,
bat,Italy,t20s02282,
field,Spain,t20s02283,
bat,Italy,t20s02284,
field,Germany,t20s02285,
bat,Bangladesh,t20s02286,
field,South Africa,t20s02287,
bat,India,t20s02288,
bat,New Zealand,t20s02289,
field,England,t20s02290,
bat,Pakistan,t20s02291,
field,Norway,t20s02292,
field,England,t20s02293,
field,Pakistan,t20s02294,
field,Sweden,t20s02295,
bat,Saudi Arabia,t20s02296,
field,Canada,t20s02297,
field,Bahrain,t20s02298,
field,Saudi Arabia,t20s02299,
field,Oman,t20s02300,
bat,Ireland,t20s02301,
field,Saudi Arabia,t20s02302,
field,Rwanda,t20s02303,
field,Mali,t20s02304,
field,St Helena,t20s02305,
field,Seychelles,t20s02306,
field,Oman,t20s02307,
field,Bahrain,t20s02308,
bat,Rwanda,t20s02309,
field,Botswana,t20s02310,
bat,Kenya,t20s02311,
field,Mali,t20s02312,
field,Saudi Arabia,t20s02313,
field,Bahrain,t20s02314,
bat,Bahrain,t20s02315,
field,Canada,t20s02316,
field,New Zealand,t20s02317,
bat,Mali,t20s02318,
field,Kenya,t20s02319,
bat,Kenya,t20s02320,
field,Bahrain,t20s02321,
field,Canada,t20s02322,
bat,New Zealand,t20s02323,
field,Botswana,t20s02324,
field,Lesotho,t20s02325,
field,Malawi,t20s02326,
bat,Botswana,t20s02327,
field,Rwanda,t20s02328,
field,Malawi,t20s02329,
bat,Rwanda,t20s02330,
bat,Rwanda,t20s02331,
bat,Seychelles,t20s02332,
bat,Netherlands,t20s02333,
bat,Thailand,t20s02334,
field,Tanzania,t20s02335,
field,Nigeria,t20s02336,
field,Eswatini,t20s02337,
field,Sierra Leone,t20s02338,
field,Mozambique,t20s02339,
field,Mozambique,t20s02340,
bat,New Zealand,t20s02341,
field,Thailand,t20s02342,
field,Nigeria,t20s02343,
field,Netherlands,t20s02344,
bat,New Zealand,t20s02345,
field,Mozambique,t20s02346,
field,Eswatini,t20s02347,
field,Tanzania,t20s02348,
field,Tanzania,t20s02349,
field,Eswatini,t20s02350,
field,Nigeria,t20s02351,
field,Sierra Leone,t20s02352,
field,Eswatini,t20s02353,
field,Sierra Leone,t20s02354,
field,Tanzania,t20s02355,
bat,New Zealand,t20s02356,
bat,Mozambique,t20s02357,
bat,Ghana,t20s02358,
field,Tanzania,t20s02359,
field,Australia,t20s02360,
bat,Gambia,t20s02361,
bat,Ghana,t20s02362,
bat,Tanzania,t20s02363,
field,England,t20s02364,
field,India,t20s02365,
field,Rwanda,t20s02366,
bat,England,t20s02367,
field,India,t20s02368,
field,Rwanda,t20s02369,
bat,Tanzania,t20s02370,
bat,Singapore,t20s02371,
field,Tanzania,t20s02372,
bat,Qatar,t20s02373,
bat,Uganda,t20s02374,
field,Tanzania,t20s02375,
bat,Qatar,t20s02376,
bat,England,t20s02377,
field,India,t20s02378,
bat,England,t20s02379,
field,Uganda,t20s02380,
bat,Tanzania,t20s02381,
bat,Uganda,t20s02382,
bat,Rwanda,t20s02383,
field,Qatar,t20s02384,
bat,Malaysia,t20s02385,
field,Qatar,t20s02386,
bat,Bahrain,t20s02387,
bat,Tanzania,t20s02388,
bat,Uganda,t20s02389,
field,India,t20s02390,
bat,Tanzania,t20s02391,
field,Uganda,t20s02392,
bat,Tanzania,t20s02393,
bat,Kenya,t20s02394,
field,Bahrain,t20s02395,
bat,Malaysia,t20s02396,
bat,West Indies,t20s02397,
field,Rwanda,t20s02398,
bat,Uganda,t20s02399,
bat,Malaysia,t20s02400,
field,Qatar,t20s02401,
bat,Malaysia,t20s02402,
field,Rwanda,t20s02403,
field,Qatar,t20s02404,
field,Sri Lanka,t20s02405,
field,India,t20s02406,
bat,India,t20s02407,
field,Zimbabwe,t20s02408,
field,Ireland,t20s02409,
field,Zimbabwe,t20s02410,
field,South Africa,t20s02411,
bat,South Africa,t20s02412,
bat,India,t20s02413,
bat,Pakistan,t20s02414,
bat,West Indies,t20s02415,
bat,Pakistan,t20s02416,
field,India,t20s02417,
bat,India,t20s02418,
bat,New Zealand,t20s02419,
field,India,t20s02420,
bat,India,t20s02421,
bat,India,t20s02422,
field,Cambodia,t20s02423,
field,Singapore,t20s02424,
field,South Africa,t20s02425,
field,New Zealand,t20s02426,
bat,West Indies,t20s02427,
field,Singapore,t20s02428,
field,Singapore,t20s02429,
bat,Pakistan,t20s02430,
bat,Bangladesh,t20s02431,
bat,Ireland,t20s02432,
bat,South Africa,t20s02433,
bat,Bangladesh,t20s02434,
bat,West Indies,t20s02435,
field,Ireland,t20s02436,
field,Australia,t20s02437,
bat,New Zealand,t20s02438,
bat,Ireland,t20s02439,
field,India,t20s02440,
field,Australia,t20s02441,
bat,New Zealand,t20s02442,
bat,West Indies,t20s02443,
bat,India,t20s02444,
bat,England,t20s02445,
bat,Bangladesh,t20s02446,
bat,Argentina,t20s02447,
field,Argentina,t20s02448,
bat,Australia,t20s02449,
bat,Spain,t20s02450,
bat,South Africa,t20s02451,
bat,Bermuda,t20s02452,
field,Argentina,t20s02453,
bat,Isle of Man,t20s02454,
bat,Isle of Man,t20s02455,
bat,Australia,t20s02456,
field,Spain,t20s02457,
field,Spain,t20s02458,
bat,Panama,t20s02459,
bat,Bermuda,t20s02460,
bat,Cayman Islands,t20s02461,
bat,Bermuda,t20s02462,
bat,Argentina,t20s02463,
bat,Cayman Islands,t20s02464,
field,Bermuda,t20s02465,
bat,Argentina,t20s02466,
field,Bahrain,t20s02467,
field,Malaysia,t20s02468,
field,Bangladesh,t20s02469,
field,Bahrain,t20s02470,
field,Kuwait,t20s02471,
field,Bahrain,t20s02472,
field,Hong Kong,t20s02473,
field,Bangladesh,t20s02474,
field,Kuwait,t20s02475,
field,Malaysia,t20s02476,
field,England,t20s02477,
field,West Indies,t20s02478,
field,South Africa,t20s02479,
field,Ghana,t20s02480,
field,Ireland,t20s02481,
field,South Africa,t20s02482,
field,Ireland,t20s02483,
bat,Bangladesh,t20s02484,
field,New Zealand,t20s02485,
field,New Zealand,t20s02486,
field,New Zealand,t20s02487,
bat,Portugal,t20s02488,
bat,Gibraltar,t20s02489,
bat,Gibraltar,t20s02490,
bat,Pakistan,t20s02491,
bat,Pakistan,t20s02492,
bat,New Zealand,t20s02493,
field,Pakistan,t20s02494,
field,New Zealand,t20s02495,
field,Hong Kong,t20s02496,
bat,Zimbabwe,t20s02497,
field,Uganda,t20s02498,
field,Hong Kong,t20s02499,
bat,Zimbabwe,t20s02500,
bat,Hong Kong,t20s02501,
field,Namibia,t20s02502,
bat,Zimbabwe,t20s02503,
field,Uganda,t20s02504,
bat,Namibia,t20s02505,
field,Hong Kong,t20s02506,
bat,Namibia,t20s02507,
bat,Uganda,t20s02508,
field,Malta,t20s02509,
bat,Gibraltar,t20s02510,
bat,Portugal,t20s02511,
bat,Gibraltar,t20s02512,
bat,Malta,t20s02513,
bat,Gibraltar,t20s02514,
bat,Gibraltar,t20s02515,
bat,Malta,t20s02516,
bat,Gibraltar,t20s02517,
bat,Sri Lanka,t20s02518,
field,Sri Lanka,t20s02519,
bat,Sri Lanka,t20s02520,
bat,Norway,t20s02521,
bat,Denmark,t20s02522,
field,Sweden,t20s02523,
bat,Finland,t20s02524,
bat,Finland,t20s02525,
field,Finland,t20s02526,
field,Sweden,t20s02527,
bat,France,t20s02528,
field,Malaysia,t20s02529,
bat,Italy,t20s02530,
bat,Malaysia,t20s02531,
field,Germany,t20s02532,
field,Sweden,t20s02533,
field,Jersey,t20s02534,
bat,France,t20s02535,
field,Malaysia,t20s02536,
field,Italy,t20s02537,
field,Turkey,t20s02538,
field,Germany,t20s02539,
bat,France,t20s02540,
field,Turkey,t20s02541,
field,Sweden,t20s02542,
bat,Nepal,t20s02543,
field,Nepal,t20s02544,
field,Germany,t20s02545,
bat,Kenya,t20s02546,
bat,Botswana,t20s02547,
field,Germany,t20s02548,
field,Hungary,t20s02549,
bat,Hungary,t20s02550,
bat,Rwanda,t20s02551,
field,Botswana,t20s02552,
bat,Uganda,t20s02553,
field,United Arab Emirates,t20s02554,
bat,Rwanda,t20s02555,
bat,Uganda,t20s02556,
field,Uganda,t20s02557,
bat,Botswana,t20s02558,
bat,Rwanda,t20s02559,
bat,Botswana,t20s02560,
bat,Botswana,t20s02561,
bat,Kenya,t20s02562,
bat,Botswana,t20s02563,
bat,Uganda,t20s02564,
bat,Uganda,t20s02565,
bat,Serbia,t20s02566,
field,Bulgaria,t20s02567,
field,Serbia,t20s02568,
bat,Croatia,t20s02569,
bat,Croatia,t20s02570,
field,Bulgaria,t20s02571,
field,Germany,t20s02572,
field,Germany,t20s02573,
field,Australia,t20s02574,
field,West Indies,t20s02575,
field,Australia,t20s02576,
bat,Ireland,t20s02577,
field,England,t20s02578,
bat,Ireland,t20s02579,
field,New Zealand,t20s02580,
field,India,t20s02581,
field,New Zealand,t20s02582,
field,Thailand,t20s02583,
field,Malta,t20s02584,
bat,Malta,t20s02585,
bat,France,t20s02586,
field,Luxembourg,t20s02587,
bat,India,t20s02588,
field,Netherlands,t20s02589,
field,Sri Lanka,t20s02590,
field,Netherlands,t20s02591,
bat,Malta,t20s02592,
bat,Luxembourg,t20s02593,
bat,France,t20s02594,
bat,India,t20s02595,
field,Scotland,t20s02596,
field,Malta,t20s02597,
field,Switzerland,t20s02598,
bat,France,t20s02599,
bat,France,t20s02600,
field,Switzerland,t20s02601,
field,Thailand,t20s02602,
bat,Malta,t20s02603,
field,Netherlands,t20s02604,
bat,Romania,t20s02605,
field,Switzerland,t20s02606,
bat,France,t20s02607,
bat,France,t20s02608,
field,Romania,t20s02609,
bat,Malta,t20s02610,
field,Jersey,t20s02611,
field,Italy,t20s02612,
field,Germany,t20s02613,
bat,Denmark,t20s02614,
bat,Austria,t20s02615,
field,Jersey,t20s02616,
bat,Japan,t20s02617,
bat,Vanuatu,t20s02618,
field,Austria,t20s02619,
field,Jersey,t20s02620,
bat,Denmark,t20s02621,
field,Vanuatu,t20s02622,
field,Italy,t20s02623,
field,Denmark,t20s02624,
field,Ireland,t20s02625,
field,Denmark,t20s02626,
field,Austria,t20s02627,
field,Germany,t20s02628,
bat,Vanuatu,t20s02629,
bat,Japan,t20s02630,
bat,Bhutan,t20s02631,
bat,Papua New Guinea,t20s02632,
bat,Japan,t20s02633,
bat,China,t20s02634,
field,Denmark,t20s02635,
field,Thailand,t20s02636,
field,Bhutan,t20s02637,
field,Italy,t20s02638,
field,Denmark,t20s02639,
field,Ireland,t20s02640,
field,Vanuatu,t20s02641,
field,Philippines,t20s02642,
field,Myanmar,t20s02643,
bat,Philippines,t20s02644,
bat,Japan,t20s02645,
bat,Bhutan,t20s02646,
field,Myanmar,t20s02647,
field,Thailand,t20s02648,
field,China,t20s02649,
field,Malaysia,t20s02650,
bat,West Indies,t20s02651,
field,Isle of Man,t20s02652,
field,Greece,t20s02653,
field,Isle of Man,t20s02654,
field,Romania,t20s02655,
field,Isle of Man,t20s02656,
bat,Romania,t20s02657,
bat,Hungary,t20s02658,
bat,Croatia,t20s02659,
bat,India,t20s02660,
field,Isle of Man,t20s02661,
bat,West Indies,t20s02662,
bat,West Indies,t20s02663,
bat,India,t20s02664,
field,Ireland,t20s02665,
field,Germany,t20s02666,
bat,Germany,t20s02667,
bat,Guernsey,t20s02668,
field,Netherlands,t20s02669,
bat,Netherlands,t20s02670,
field,United Arab Emirates,t20s02671,
field,India,t20s02672,
bat,Romania,t20s02673,
field,United Arab Emirates,t20s02674,
bat,Romania,t20s02675,
field,Romania,t20s02676,
bat,Tanzania,t20s02677,
bat,Uganda,t20s02678,
field,Ireland,t20s02679,
field,Romania,t20s02680,
field,United Arab Emirates,t20s02681,
field,Malta,t20s02682,
bat,Uganda,t20s02683,
field,Malaysia,t20s02684,
field,Nepal,t20s02685,
field,Rwanda,t20s02686,
field,Tanzania,t20s02687,
bat,Malaysia,t20s02688,
field,Kuwait,t20s02689,
field,Tanzania,t20s02690,
field,Rwanda,t20s02691,
field,Myanmar,t20s02692,
bat,Netherlands,t20s02693,
field,Jersey,t20s02694,
field,Sweden,t20s02695,
field,Jersey,t20s02696,
field,Kuwait,t20s02697,
field,Malaysia,t20s02698,
field,Tanzania,t20s02699,
bat,Uganda,t20s02700,
field,Myanmar,t20s02701,
field,Sweden,t20s02702,
field,Nepal,t20s02703,
field,Rwanda,t20s02704,
bat,Rwanda,t20s02705,
field,Myanmar,t20s02706,
field,Vanuatu,t20s02707,
bat,Uganda,t20s02708,
bat,Rwanda,t20s02709,
field,Japan,t20s02710,
field,England,t20s02711,
field,South Africa,t20s02712,
field,Tanzania,t20s02713,
field,Rwanda,t20s02714,
field,Hong Kong,t20s02715,
field,China,t20s02716,
bat,Tanzania,t20s02717,
bat,Qatar,t20s02718,
bat,Bhutan,t20s02719,
field,Sri Lanka,t20s02720,
bat,Rwanda,t20s02721,
field,Malaysia,t20s02722,
field,Pakistan,t20s02723,
field,Hong Kong,t20s02724,
field,Bhutan,t20s02725,
bat,Malaysia,t20s02726,
bat,Bahrain,t20s02727,
field,Cook Islands,t20s02728,
bat,Papua New Guinea,t20s02729,
field,Samoa,t20s02730,
bat,England,t20s02731,
field,Australia,t20s02732,
field,Sierra Leone,t20s02733,
field,Eswatini,t20s02734,
field,Lesotho,t20s02735,
field,Cook Islands,t20s02736,
field,Samoa,t20s02737,
field,Sri Lanka,t20s02738,
bat,Kenya,t20s02739,
bat,Botswana,t20s02740,
bat,South Africa,t20s02741,
field,Eswatini,t20s02742,
field,Sierra Leone,t20s02743,
bat,Malawi,t20s02744,
bat,New Zealand,t20s02745,
field,Hong Kong,t20s02746,
bat,United Arab Emirates,t20s02747,
field,Nepal,t20s02748,
field,Bahrain,t20s02749,
field,Pakistan,t20s02750,
bat,China,t20s02751,
bat,Canada,t20s02752,
field,Argentina,t20s02753,
bat,Fiji,t20s02754,
bat,Indonesia,t20s02755,
field,Vanuatu,t20s02756,
field,South Africa,t20s02757,
field,Thailand,t20s02758,
field,China,t20s02759,
field,Malaysia,t20s02760,
field,Nepal,t20s02761,
field,Bahrain,t20s02762,
field,Papua New Guinea,t20s02763,
bat,England,t20s02764,
field,Brazil,t20s02765,
bat,Kenya,t20s02766,
field,Argentina,t20s02767,
bat,Sierra Leone,t20s02768,
field,Mozambique,t20s02769,
field,Malawi,t20s02770,
field,Indonesia,t20s02771,
field,Sri Lanka,t20s02772,
field,Myanmar,t20s02773,
field,Hong Kong,t20s02774,
bat,Botswana,t20s02775,
bat,Kenya,t20s02776,
field,Netherlands,t20s02777,
field,Argentina,t20s02778,
bat,Italy,t20s02779,
field,Scotland,t20s02780,
field,Canada,t20s02781,
field,Indonesia,t20s02782,
bat,Fiji,t20s02783,
field,Indonesia,t20s02784,
bat,United Arab Emirates,t20s02785,
field,Nepal,t20s02786,
field,Vanuatu,t20s02787,
field,Cook Islands,t20s02788,
field,Indonesia,t20s02789,
bat,Cameroon,t20s02790,
bat,Botswana,t20s02791,
field,Brazil,t20s02792,
field,Argentina,t20s02793,
field,Netherlands,t20s02794,
bat,France,t20s02795,
bat,United Arab Emirates,t20s02796,
field,Netherlands,t20s02797,
bat,Brazil,t20s02798,
bat,Scotland,t20s02799,
bat,Canada,t20s02800,
field,Brazil,t20s02801,
field,Canada,t20s02802,
field,Netherlands,t20s02803,
bat,Scotland,t20s02804,
bat,Italy,t20s02805,
bat,Saudi Arabia,t20s02806,
field,Bahrain,t20s02807,
field,Kuwait,t20s02808,
bat,Saudi Arabia,t20s02809,
field,Kuwait,t20s02810,
field,Oman,t20s02811,
field,Hong Kong,t20s02812,
bat,United Arab Emirates,t20s02813,
bat,Malaysia,t20s02814,
field,Malaysia,t20s02815,
field,Sri Lanka,t20s02816,
bat,Bahrain,t20s02817,
bat,Oman,t20s02818,
bat,Malaysia,t20s02819,
bat,United Arab Emirates,t20s02820,
bat,Malaysia,t20s02821,
bat,Bangladesh,t20s02822,
field,Sri Lanka,t20s02823,
field,Papua New Guinea,t20s02824,
bat,India,t20s02825,
field,Bangladesh,t20s02826,
bat,United Arab Emirates,t20s02827,
bat,United Arab Emirates,t20s02828,
field,Mongolia,t20s02829,
field,Kuwait,t20s02830,
field,Namibia,t20s02831,
field,Kuwait,t20s02832,
field,United Arab Emirates,t20s02833,
field,Gibraltar,t20s02834,
field,Estonia,t20s02835,
field,Canada,t20s02836,
bat,Panama,t20s02837,
bat,Panama,t20s02838,
bat,Canada,t20s02839,
field,Qatar,t20s02840,
field,Australia,t20s02841,
bat,Kuwait,t20s02842,
field,West Indies,t20s02843,
bat,United Arab Emirates,t20s02844,
field,Kuwait,t20s02845,
bat,Maldives,t20s02846,
field,United Arab Emirates,t20s02847,
bat,India,t20s02848,
field,Hong Kong,t20s02849,
bat,Canada,t20s02850,
bat,Bermuda,t20s02851,
field,Ghana,t20s02852,
field,Bermuda,t20s02853,
bat,Nigeria,t20s02854,
field,Kuwait,t20s02855,
bat,Bangladesh,t20s02856,
bat,Canada,t20s02857,
field,Sierra Leone,t20s02858,
bat,Serbia,t20s02859,
bat,Rwanda,t20s02860,
field,Kuwait,t20s02861,
field,Maldives,t20s02862,
field,West Indies,t20s02863,
field,Gibraltar,t20s02864,
field,India,t20s02865,
field,Ghana,t20s02866,
bat,Rwanda,t20s02867,
field,Bangladesh,t20s02868,
bat,Canada,t20s02869,
field,Nigeria,t20s02870,
bat,Rwanda,t20s02871,
field,South Africa,t20s02872,
bat,Sierra Leone,t20s02873,
bat,Nigeria,t20s02874,
bat,Sierra Leone,t20s02875,
field,Nigeria,t20s02876,
bat,Sierra Leone,t20s02877,
bat,Ghana,t20s02878,
field,Sierra Leone,t20s02879,
field,New Zealand,t20s02880,
field,Chile,t20s02881,
field,Nigeria,t20s02882,
field,Sierra Leone,t20s02883,
bat,Nigeria,t20s02884,
bat,Ghana,t20s02885,
bat,Luxembourg,t20s02886,
bat,Argentina,t20s02887,
field,New Zealand,t20s02888,
field,Luxembourg,t20s02889,
field,Nepal,t20s02890,
bat,Chile,t20s02891,
field,Nepal,t20s02892,
field,Argentina,t20s02893,
bat,Chile,t20s02894,
bat,Nepal,t20s02895,
field,United Arab Emirates,t20s02896,
bat,Scotland,t20s02897,
field,Nepal,t20s02898,
bat,Ireland,t20s02899,
bat,Zimbabwe,t20s02900,
field,Zimbabwe,t20s02901,
field,Bangladesh,t20s02902,
bat,Hong Kong,t20s02903,
field,United Arab Emirates,t20s02904,
field,Pakistan,t20s02905,
bat,Namibia,t20s02906,
field,Bangladesh,t20s02907,
bat,Zimbabwe,t20s02908,
field,Kuwait,t20s02909,
bat,Oman,t20s02910,
field,Zimbabwe,t20s02911,
field,United Arab Emirates,t20s02912,
bat,Singapore,t20s02913,
field,Singapore,t20s02914,
field,Hong Kong,t20s02915,
bat,Malaysia,t20s02916,
bat,Kuwait,t20s02917,
field,Nepal,t20s02918,
field,Hong Kong,t20s02919,
bat,Malaysia,t20s02920,
field,Kuwait,t20s02921,
bat,Bahrain,t20s02922,
bat,United Arab Emirates,t20s02923,
bat,Nepal,t20s02924,
bat,Tanzania,t20s02925,
field,Hong Kong,t20s02926,
field,Japan,t20s02927,
bat,Nepal,t20s02928,
field,Japan,t20s02929,
bat,Tanzania,t20s02930,
bat,Nepal,t20s02931,
field,Hong Kong,t20s02932,
bat,Cambodia,t20s02933,
bat,Cambodia,t20s02934,
field,Cambodia,t20s02935,
field,Cambodia,t20s02936,
field,Cambodia,t20s02937,
field,Rwanda,t20s02938,
field,Uganda,t20s02939,
field,Namibia,t20s02940,
field,India,t20s02941,
field,Kenya,t20s02942,
field,Zimbabwe,t20s02943,
field,Indonesia,t20s02944,
field,Rwanda,t20s02945,
field,Namibia,t20s02946,
field,Tanzania,t20s02947,
field,Rwanda,t20s02948,
field,Uganda,t20s02949,
field,Australia,t20s02950,
bat,Tanzania,t20s02951,
field,Rwanda,t20s02952,
field,Namibia,t20s02953,
bat,Nigeria,t20s02954,
field,Australia,t20s02955,
field,Tanzania,t20s02956,
bat,Nigeria,t20s02957,
field,Rwanda,t20s02958,
bat,Uganda,t20s02959,
field,Kenya,t20s02960,
field,Uganda,t20s02961,
bat,Nigeria,t20s02962,
field,Australia,t20s02963,
field,Australia,t20s02964,
bat,Bangladesh,t20s02965,
bat,New Zealand,t20s02966,
field,New Zealand,t20s02967,
field,India,t20s02968,
field,South Africa,t20s02969,
field,Zimbabwe,t20s02970,
field,South Africa,t20s02971,
field,New Zealand,t20s02972,
field,England,t20s02973,
field,Kenya,t20s02974,
bat,Botswana,t20s02975,
field,Ireland,t20s02976,
bat,England,t20s02977,
field,Nigeria,t20s02978,
field,Uganda,t20s02979,
field,Ireland,t20s02980,
bat,Zimbabwe,t20s02981,
field,Tanzania,t20s02982,
bat,Rwanda,t20s02983,
field,Uganda,t20s02984,
field,West Indies,t20s02985,
field,South Africa,t20s02986,
field,Kenya,t20s02987,
field,Zimbabwe,t20s02988,
field,Rwanda,t20s02989,
field,Uganda,t20s02990,
field,England,t20s02991,
field,South Africa,t20s02992,
field,England,t20s02993,
field,Namibia,t20s02994,
field,Tanzania,t20s02995,
field,Zimbabwe,t20s02996,
field,West Indies,t20s02997,
field,West Indies,t20s02998,
field,Indonesia,t20s02999,
field,Indonesia,t20s03000,
field,Philippines,t20s03001,
field,Philippines,t20s03002,
field,Indonesia,t20s03003,
field,Philippines,t20s03004,
field,Bangladesh,t20s03005,
field,Bangladesh,t20s03006,
field,New Zealand,t20s03007,
field,India,t20s03008,
field,Australia,t20s03009,
field,Australia,t20s03010,
field,Pakistan,t20s03011,
field,Pakistan,t20s03012,
field,Sri Lanka,t20s03013,
field,Zimbabwe,t20s03014,
field,Pakistan,t20s03015,
field,Sri Lanka,t20s03016,
field,New Zealand,t20s03017,
bat,Pakistan,t20s03018,
bat,Ireland,t20s03019,
field,Australia,t20s03020,
field,Cambodia,t20s03021,
bat,Cambodia,t20s03022,
field,Zimbabwe,t20s03023,
bat,Australia,t20s03024,
field,Australia,t20s03025,
bat,Ireland,t20s03026,
field,Ireland,t20s03027,
field,Bhutan,t20s03028,
field,Zimbabwe,t20s03029,
bat,Singapore,t20s03030,
field,Thailand,t20s03031,
field,Saudi Arabia,t20s03032,
bat,Indonesia,t20s03033,
field,Kuwait,t20s03034,
bat,Singapore,t20s03035,
bat,Japan,t20s03036,
field,Malaysia,t20s03037,
bat,Saudi Arabia,t20s03038,
field,Japan,t20s03039,
bat,Maldives,t20s03040,
field,Thailand,t20s03041,
bat,Maldives,t20s03042,
field,West Indies,t20s03043,
field,Saudi Arabia,t20s03044,
bat,Singapore,t20s03045,
bat,Japan,t20s03046,
field,Maldives,t20s03047,
bat,Singapore,t20s03048,
bat,Bahrain,t20s03049,
field,Malaysia,t20s03050,
field,Thailand,t20s03051,
bat,United Arab Emirates,t20s03052,
field,Nepal,t20s03053,
field,Kuwait,t20s03054,
field,Oman,t20s03055,
bat,Indonesia,t20s03056,
field,Nepal,t20s03057,
bat,Singapore,t20s03058,
bat,China,t20s03059,
field,Qatar,t20s03060,
bat,Hong Kong,t20s03061,
field,West Indies,t20s03062,
field,Singapore,t20s03063,
field,Saudi Arabia,t20s03064,
bat,Bhutan,t20s03065,
bat,Saudi Arabia,t20s03066,
field,Myanmar,t20s03067,
field,China,t20s03068,
field,Bahrain,t20s03069,
bat,Hong Kong,t20s03070,
bat,Thailand,t20s03071,
bat,Japan,t20s03072,
field,Indonesia,t20s03073,
bat,Nepal,t20s03074,
bat,West Indies,t20s03075,
field,Saudi Arabia,t20s03076,
bat,Bhutan,t20s03077,
bat,Hong Kong,t20s03078,
bat,Kuwait,t20s03079,
bat,Japan,t20s03080,
bat,United Arab Emirates,t20s03081,
field,Thailand,t20s03082,
bat,Malaysia,t20s03083,
bat,Japan,t20s03084,
bat,Hong Kong,t20s03085,
field,Thailand,t20s03086,
field,Bhutan,t20s03087,
bat,United Arab Emirates,t20s03088,
bat,Nepal,t20s03089,
bat,China,t20s03090,
bat,Japan,t20s03091,
field,Saudi Arabia,t20s03092,
bat,Maldives,t20s03093,
field,Japan,t20s03094,
bat,United Arab Emirates,t20s03095,
bat,New Zealand,t20s03096,
field,New Zealand,t20s03097,
field,New Zealand,t20s03098,
bat,Namibia,t20s03099,
field,Qatar,t20s03100,
field,Nepal,t20s03101,
bat,Netherlands,t20s03102,
bat,Hong Kong,t20s03103,
field,Namibia,t20s03104,
field,Hong Kong,t20s03105,
bat,Netherlands,t20s03106,
field,Netherlands,t20s03107,
field,Bangladesh,t20s03108,
bat,Nepal,t20s03109,
field,Tanzania,t20s03110,
field,Bahrain,t20s03111,
field,Oman,t20s03112,
field,Bangladesh,t20s03113,
bat,Tanzania,t20s03114,
bat,Malaysia,t20s03115,
bat,Namibia,t20s03116,
bat,Tanzania,t20s03117,
field,Bahrain,t20s03118,
field,Kuwait,t20s03119,
field,Papua New Guinea,t20s03120,
bat,Tanzania,t20s03121,
bat,Nigeria,t20s03122,
field,Zimbabwe,t20s03123,
field,Oman,t20s03124,
field,Tanzania,t20s03125,
field,Nepal,t20s03126,
field,Bangladesh,t20s03127,
field,Malaysia,t20s03128,
bat,Namibia,t20s03129,
field,Rwanda,t20s03130,
bat,Bahrain,t20s03131,
bat,Tanzania,t20s03132,
field,Nepal,t20s03133,
field,Uganda,t20s03134,
bat,Nigeria,t20s03135,
field,United Arab Emirates,t20s03136,
field,Kuwait,t20s03137,
bat,Malaysia,t20s03138,
field,Papua New Guinea,t20s03139,
bat,Hong Kong,t20s03140,
field,United Arab Emirates,t20s03141,
field,Nepal,t20s03142,
field,Nigeria,t20s03143,
field,South Africa,t20s03144,
field,United Arab Emirates,t20s03145,
field,Malaysia,t20s03146,
bat,Zimbabwe,t20s03147,
bat,Tanzania,t20s03148,
bat,South Africa,t20s03149,
bat,Uganda,t20s03150,
bat,Malaysia,t20s03151,
bat,Tanzania,t20s03152,
bat,Namibia,t20s03153,
bat,Uganda,t20s03154,
field,New Zealand,t20s03155,
bat,Ghana,t20s03156,
bat,Nigeria,t20s03157,
bat,Tanzania,t20s03158,
bat,Namibia,t20s03159,
bat,Zimbabwe,t20s03160,
field,New Zealand,t20s03161,
bat,Uganda,t20s03162,
bat,Namibia,t20s03163,
bat,New Zealand,t20s03164,
field,New Zealand,t20s03165,
field,Sri Lanka,t20s03166,
bat,New Zealand,t20s03167,
bat,South Africa,t20s03168,
field,Zimbabwe,t20s03169,
bat,Bangladesh,t20s03170,
field,Papua New Guinea,t20s03171,
field,Namibia,t20s03172,
bat,Oman,t20s03173,
bat,Australia,t20s03174,
field,Papua New Guinea,t20s03175,
field,Sri Lanka,t20s03176,
bat,Australia,t20s03177,
field,Oman,t20s03178,
field,Oman,t20s03179,
field,United States of America,t20s03180,
bat,Namibia,t20s03181,
field,Canada,t20s03182,
field,Costa Rica,t20s03183,
bat,Hong Kong,t20s03184,
bat,Mexico,t20s03185,
field,United Arab Emirates,t20s03186,
field,Bahrain,t20s03187,
field,Canada,t20s03188,
bat,Malaysia,t20s03189,
bat,Canada,t20s03190,
bat,Cambodia,t20s03191,
field,Bahrain,t20s03192,
bat,Nepal,t20s03193,
bat,Malaysia,t20s03194,
bat,Costa Rica,t20s03195,
field,Cambodia,t20s03196,
bat,Saudi Arabia,t20s03197,
field,Spain,t20s03198,
bat,Jersey,t20s03199,
bat,Mexico,t20s03200,
field,Oman,t20s03201,
field,Bahrain,t20s03202,
field,Nepal,t20s03203,
field,Qatar,t20s03204,
bat,Cambodia,t20s03205,
field,Saudi Arabia,t20s03206,
field,Hong Kong,t20s03207,
field,Nepal,t20s03208,
bat,Cambodia,t20s03209,
field,Kuwait,t20s03210,
bat,Thailand,t20s03211,
bat,New Zealand,t20s03212,
field,United Arab Emirates,t20s03213,
field,Oman,t20s03214,
field,Estonia,t20s03215,
field,Pakistan,t20s03216,
bat,Nepal,t20s03217,
field,Oman,t20s03218,
field,New Zealand,t20s03219,
bat,Gibraltar,t20s03220,
field,Mongolia,t20s03221,
bat,Indonesia,t20s03222,
field,Estonia,t20s03223,
bat,Mongolia,t20s03224,
bat,Indonesia,t20s03225,
bat,Botswana,t20s03226,
bat,Mozambique,t20s03227,
bat,Lesotho,t20s03228,
bat,Mozambique,t20s03229,
bat,Mozambique,t20s03230,
bat,Botswana,t20s03231,
field,Lesotho,t20s03232,
bat,Mongolia,t20s03233,
bat,Indonesia,t20s03234,
bat,Sri Lanka,t20s03235,
field,Ireland,t20s03236,
field,Uganda,t20s03237,
bat,Zimbabwe,t20s03238,
bat,Mozambique,t20s03239,
bat,Botswana,t20s03240,
field,Rwanda,t20s03241,
field,Pakistan,t20s03242,
bat,West Indies,t20s03243,
bat,Mozambique,t20s03244,
field,Rwanda,t20s03245,
field,Sri Lanka,t20s03246,
field,New Zealand,t20s03247,
bat,United States of America,t20s03248,
bat,Netherlands,t20s03249,
bat,United Arab Emirates,t20s03250,
bat,Pakistan,t20s03251,
bat,India,t20s03252,
field,United States of America,t20s03253,
field,Zimbabwe,t20s03254,
field,Thailand,t20s03255,
bat,Netherlands,t20s03256,
field,Pakistan,t20s03257,
bat,Bangladesh,t20s03258,
bat,Netherlands,t20s03259,
bat,Sri Lanka,t20s03260,
field,Ireland,t20s03261,
field,Thailand,t20s03262,
field,Indonesia,t20s03263,
bat,Thailand,t20s03264,
bat,West Indies,t20s03265,
field,India,t20s03266,
bat,Thailand,t20s03267,
field,Vanuatu,t20s03268,
bat,Sri Lanka,t20s03269,
bat,Ireland,t20s03270,
field,West Indies,t20s03271,
field,Bangladesh,t20s03272,
field,Thailand,t20s03273,
bat,Ireland,t20s03274,
field,United Arab Emirates,t20s03275,
field,Bangladesh,t20s03276,
field,Indonesia,t20s03277,
field,Bangladesh,t20s03278,
bat,Indonesia,t20s03279,
bat,Japan,t20s03280,
field,Scotland,t20s03281,
field,Zimbabwe,t20s03282,
bat,Japan,t20s03283,
bat,Japan,t20s03284,
bat,India,t20s03285,
bat,Mongolia,t20s03286,
bat,France,t20s03287,
bat,France,t20s03288,
field,Zimbabwe,t20s03289,
field,Ireland,t20s03290,
bat,Belgium,t20s03291,
bat,Belgium,t20s03292,
bat,Malta,t20s03293,
bat,Belgium,t20s03294,
bat,Japan,t20s03295,
field,Pakistan,t20s03296,
bat,Japan,t20s03297,
field,Zimbabwe,t20s03298,
field,Pakistan,t20s03299,
bat,Japan,t20s03300,
bat,France,t20s03301,
field,Pakistan,t20s03302,
bat,England,t20s03303,
field,Scotland,t20s03304,
bat,England,t20s03305,
field,Netherlands,t20s03306,
field,United States of America,t20s03307,
field,Netherlands,t20s03308,
field,South Africa,t20s03309,
field,Bangladesh,t20s03310,
bat,Scotland,t20s03311,
field,Netherlands,t20s03312,
field,Gibraltar,t20s03313,
bat,Bulgaria,t20s03314,
field,Pakistan,t20s03315,
field,Bangladesh,t20s03316,
bat,West Indies,t20s03317,
bat,Romania,t20s03318,
bat,South Africa,t20s03319,
field,Bulgaria,t20s03320,
bat,Netherlands,t20s03321,
bat,Italy,t20s03322,
bat,Rwanda,t20s03323,
bat,Uganda,t20s03324,
field,England,t20s03325,
bat,Malawi,t20s03326,
field,Nigeria,t20s03327,
bat,Botswana,t20s03328,
bat,Rwanda,t20s03329,
bat,Kenya,t20s03330,
bat,Cameroon,t20s03331,
field,United States of America,t20s03332,
field,Nigeria,t20s03333,
field,West Indies,t20s03334,
field,Namibia,t20s03335,
bat,Uganda,t20s03336,
bat,Botswana,t20s03337,
field,Kenya,t20s03338,
bat,Sri Lanka,t20s03339,
field,Netherlands,t20s03340,
bat,Scotland,t20s03341,
bat,Kenya,t20s03342,
bat,Nigeria,t20s03343,
bat,Cameroon,t20s03344,
bat,Cameroon,t20s03345,
field,Malawi,t20s03346,
bat,Uganda,t20s03347,
field,India,t20s03348,
field,Uganda,t20s03349,
field,Oman,t20s03350,
field,United States of America,t20s03351,
bat,Namibia,t20s03352,
field,Ireland,t20s03353,
field,Bangladesh,t20s03354,
field,Malawi,t20s03355,
bat,Uganda,t20s03356,
bat,Kenya,t20s03357,
bat,Cameroon,t20s03358,
field,Botswana,t20s03359,
bat,Nigeria,t20s03360,
field,South Africa,t20s03361,
field,England,t20s03362,
bat,West Indies,t20s03363,
bat,Austria,t20s03364,
field,Isle of Man,t20s03365,
field,Pakistan,t20s03366,
field,Luxembourg,t20s03367,
bat,Oman,t20s03368,
field,Hungary,t20s03369,
field,Italy,t20s03370,
bat,Portugal,t20s03371,
bat,South Africa,t20s03372,
bat,Israel,t20s03373,
field,Turkey,t20s03374,
field,Pakistan,t20s03375,
field,Australia,t20s03376,
field,India,t20s03377,
field,New Zealand,t20s03378,
bat,Isle of Man,t20s03379,
bat,Portugal,t20s03380,
field,Turkey,t20s03381,
bat,Israel,t20s03382,
bat,Turkey,t20s03383,
bat,Portugal,t20s03384,
bat,France,t20s03385,
field,England,t20s03386,
field,Romania,t20s03387,
field,Netherlands,t20s03388,
field,Finland,t20s03389,
field,New Zealand,t20s03390,
field,Czech Republic,t20s03391,
field,Czech Republic,t20s03392,
field,Nepal,t20s03393,
field,Israel,t20s03394,
field,Turkey,t20s03395,
field,Hungary,t20s03396,
bat,Finland,t20s03397,
field,Australia,t20s03398,
field,Namibia,t20s03399,
bat,Czech Republic,t20s03400,
bat,Croatia,t20s03401,
bat,Isle of Man,t20s03402,
bat,Finland,t20s03403,
field,Denmark,t20s03404,
field,Jersey,t20s03405,
field,Romania,t20s03406,
bat,Portugal,t20s03407,
field,Netherlands,t20s03408,
bat,Luxembourg,t20s03409,
field,Nepal,t20s03410,
field,Pakistan,t20s03411,
bat,Croatia,t20s03412,
field,Austria,t20s03413,
bat,Gibraltar,t20s03414,
bat,Cyprus,t20s03415,
bat,Cyprus,t20s03416,
bat,Netherlands,t20s03417,
field,New Zealand,t20s03418,
bat,Estonia,t20s03419,
field,Estonia,t20s03420,
field,Netherlands,t20s03421,
field,Estonia,t20s03422,
bat,Estonia,t20s03423,
field,Estonia,t20s03424,
field,Netherlands,t20s03425,
bat,Netherlands,t20s03426,
field,United States of America,t20s03427,
field,England,t20s03428,
field,Cyprus,t20s03429,
bat,Estonia,t20s03430,
field,Australia,t20s03431,
field,West Indies,t20s03432,
field,England,t20s03433,
field,Jersey,t20s03434,
field,Jersey,t20s03435,
field,Bangladesh,t20s03436,
field,England,t20s03437,
field,South Africa,t20s03438,
field,Guernsey,t20s03439,
field,Sri Lanka,t20s03440,
field,Australia,t20s03441,
field,West Indies,t20s03442,
field,England,t20s03443,
field,West Indies,t20s03444,
bat,Malawi,t20s03445,
bat,India,t20s03446,
bat,Rwanda,t20s03447,
field,Kenya,t20s03448,
bat,Singapore,t20s03449,
field,Bhutan,t20s03450,
bat,Rwanda,t20s03451,
bat,Bhutan,t20s03452,
field,India,t20s03453,
bat,Indonesia,t20s03454,
bat,Kenya,t20s03455,
field,New Zealand,t20s03456,
bat,Bhutan,t20s03457,
field,India,t20s03458,
bat,Jersey,t20s03459,
bat,India,t20s03460,
field,Belgium,t20s03461,
field,Bhutan,t20s03462,
field,India,t20s03463,
field,Singapore,t20s03464,
field,Gibraltar,t20s03465,
field,Sweden,t20s03466,
bat,Croatia,t20s03467,
field,Singapore,t20s03468,
field,New Zealand,t20s03469,
field,India,t20s03470,
bat,Slovenia,t20s03471,
bat,Germany,t20s03472,
bat,Jersey,t20s03473,
bat,India,t20s03474,
field,Belgium,t20s03475,
field,Serbia,t20s03476,
bat,Switzerland,t20s03477,
field,Sweden,t20s03478,
field,England,t20s03479,
field,Germany,t20s03480,
bat,Belgium,t20s03481,
bat,Kenya,t20s03482,
bat,New Zealand,t20s03483,
field,India,t20s03484,
bat,Norway,t20s03485,
field,Switzerland,t20s03486,
bat,Nigeria,t20s03487,
field,Guernsey,t20s03488,
field,Zimbabwe,t20s03489,
bat,Croatia,t20s03490,
field,Jersey,t20s03491,
field,Nigeria,t20s03492,
field,Kenya,t20s03493,
field,New Zealand,t20s03494,
bat,Nigeria,t20s03495,
field,Nepal,t20s03496,
bat,Pakistan,t20s03497,
bat,Thailand,t20s03498,
bat,Bangladesh,t20s03499,
field,United Arab Emirates,t20s03500,
field,Pakistan,t20s03501,
bat,Sri Lanka,t20s03502,
bat,Thailand,t20s03503,
field,Pakistan,t20s03504,
bat,India,t20s03505,
bat,Bangladesh,t20s03506,
bat,Thailand,t20s03507,
bat,Germany,t20s03508,
field,Sri Lanka,t20s03509,
bat,Bangladesh,t20s03510,
bat,Germany,t20s03511,
bat,Germany,t20s03512,
bat,Italy,t20s03513,
field,Sri Lanka,t20s03514,
field,Germany,t20s03515,
bat,India,t20s03516,
field,Italy,t20s03517,
bat,Italy,t20s03518,
field,India,t20s03519,
field,Sri Lanka,t20s03520,
field,Spain,t20s03521,
field,Spain,t20s03522,
field,Spain,t20s03523,
field,Croatia,t20s03524,
field,Croatia,t20s03525,
field,Estonia,t20s03526,
field,Denmark,t20s03527,
bat,Denmark,t20s03528,
field,Sri Lanka,t20s03529,
field,Guernsey,t20s03530,
bat,Ireland,t20s03531,
field,Papua New Guinea,t20s03532,
bat,Scotland,t20s03533,
field,Netherlands,t20s03534,
field,Cook Islands,t20s03535,
bat,Fiji,t20s03536,
field,Cook Islands,t20s03537,
field,Fiji,t20s03538,
bat,Samoa,t20s03539,
field,Cook Islands,t20s03540,
field,Cook Islands,t20s03541,
field,Kuwait,t20s03542,
field,Fiji,t20s03543,
field,Cyprus,t20s03544,
bat,Denmark,t20s03545,
bat,Malta,t20s03546,
field,Isle of Man,t20s03547,
bat,Bulgaria,t20s03548,
field,Estonia,t20s03549,
field,Greece,t20s03550,
field,Guernsey,t20s03551,
field,Czech Republic,t20s03552,
field,Malaysia,t20s03553,
bat,Canada,t20s03554,
field,Hong Kong,t20s03555,
bat,Vanuatu,t20s03556,
field,West Indies,t20s03557,
bat,Samoa,t20s03558,
field,Greece,t20s03559,
bat,Greece,t20s03560,
field,Estonia,t20s03561,
field,Cook Islands,t20s03562,
bat,Samoa,t20s03563,
bat,Canada,t20s03564,
field,Kuwait,t20s03565,
field,Guernsey,t20s03566,
field,Guernsey,t20s03567,
field,Malaysia,t20s03568,
field,United States of America,t20s03569,
bat,Greece,t20s03570,
bat,Cyprus,t20s03571,
field,South Africa,t20s03572,
field,Serbia,t20s03573,
bat,Malta,t20s03574,
field,Isle of Man,t20s03575,
field,Netherlands,t20s03576,
field,Malaysia,t20s03577,
field,West Indies,t20s03578,
bat,Denmark,t20s03579,
bat,Finland,t20s03580,
bat,Czech Republic,t20s03581,
bat,Malta,t20s03582,
bat,United States of America,t20s03583,
field,Kuwait,t20s03584,
bat,Netherlands,t20s03585,
field,Guernsey,t20s03586,
field,Finland,t20s03587,
field,Estonia,t20s03588,
field,Malta,t20s03589,
field,Maldives,t20s03590,
field,Hong Kong,t20s03591,
field,Mongolia,t20s03592,
bat,Singapore,t20s03593,
field,Malaysia,t20s03594,
field,Hong Kong,t20s03595,
field,Singapore,t20s03596,
field,Maldives,t20s03597,
field,Mongolia,t20s03598,
bat,Malaysia,t20s03599,
field,Kuwait,t20s03600,
field,Hong Kong,t20s03601,
field,Australia,t20s03602,
field,Kuwait,t20s03603,
field,Singapore,t20s03604,
bat,Myanmar,t20s03605,
field,United Arab Emirates,t20s03606,
field,Scotland,t20s03607,
bat,Maldives,t20s03608,
field,Singapore,t20s03609,
field,Zimbabwe,t20s03610,
field,Australia,t20s03611,
field,Hong Kong,t20s03612,
field,Namibia,t20s03613,
field,Kuwait,t20s03614,
field,Singapore,t20s03615,
field,Namibia,t20s03616,
field,Malaysia,t20s03617,
field,United Arab Emirates,t20s03618,
bat,Kenya,t20s03619,
field,Namibia,t20s03620,
bat,Rwanda,t20s03621,
bat,Kenya,t20s03622,
field,England,t20s03623,
field,United Arab Emirates,t20s03624,
field,United Arab Emirates,t20s03625,
bat,Kenya,t20s03626,
field,England,t20s03627,
field,Cyprus,t20s03628,
bat,Cyprus,t20s03629,
bat,Rwanda,t20s03630,
field,Ireland,t20s03631,
bat,Austria,t20s03632,
field,Zimbabwe,t20s03633,
field,Denmark,t20s03634,
bat,Denmark,t20s03635,
bat,Norway,t20s03636,
field,Ireland,t20s03637,
field,Luxembourg,t20s03638,
field,Pakistan,t20s03639,
field,South Africa,t20s03640,
bat,New Zealand,t20s03641,
field,South Africa,t20s03642,
field,Greece,t20s03643,
field,Spain,t20s03644,
field,Lesotho,t20s03645,
bat,Cameroon,t20s03646,
field,Tanzania,t20s03647,
field,Ghana,t20s03648,
bat,Mali,t20s03649,
bat,Greece,t20s03650,
bat,Australia,t20s03651,
field,Spain,t20s03652,
bat,New Zealand,t20s03653,
bat,Ghana,t20s03654,
bat,Cameroon,t20s03655,
bat,Mali,t20s03656,
bat,Ghana,t20s03657,
field,Mali,t20s03658,
field,Malawi,t20s03659,
bat,Japan,t20s03660,
bat,Tanzania,t20s03661,
bat,Japan,t20s03662,
bat,Mali,t20s03663,
field,Cameroon,t20s03664,
field,South Africa,t20s03665,
bat,Philippines,t20s03666,
bat,South Korea,t20s03667,
field,Nepal,t20s03668,
field,Oman,t20s03669,
field,Namibia,t20s03670,
field,Indonesia,t20s03671,
field,South Africa,t20s03672,
bat,South Korea,t20s03673,
bat,United States of America,t20s03674,
field,Oman,t20s03675,
bat,Serbia,t20s03676,
field,Gibraltar,t20s03677,
field,Canada,t20s03678,
bat,United States of America,t20s03679,
field,Japan,t20s03680,
field,Indonesia,t20s03681,
field,South Korea,t20s03682,
bat,Singapore,t20s03683,
bat,Japan,t20s03684,
bat,Indonesia,t20s03685,
bat,Namibia,t20s03686,
field,Oman,t20s03687,
bat,Bangladesh,t20s03688,
bat,Pakistan,t20s03689,
field,Canada,t20s03690,
bat,United Arab Emirates,t20s03691,
bat,Japan,t20s03692,
bat,Japan,t20s03693,
bat,New Zealand,t20s03694,
field,South Africa,t20s03695,
bat,Indonesia,t20s03696,
bat,Sri Lanka,t20s03697,
bat,England,t20s03698,
field,Singapore,t20s03699,
bat,Philippines,t20s03700,
bat,Japan,t20s03701,
bat,Namibia,t20s03702,
bat,Pakistan,t20s03703,
bat,Scotland,t20s03704,
field,Singapore,t20s03705,
field,India,t20s03706,
bat,South Africa,t20s03707,
field,Japan,t20s03708,
bat,Australia,t20s03709,
bat,South Africa,t20s03710,
bat,India,t20s03711,
field,China,t20s03712,
field,Bangladesh,t20s03713,
bat,Malawi,t20s03714,
field,West Indies,t20s03715,
field,Rwanda,t20s03716,
field,Australia,t20s03717,
bat,India,t20s03718,
field,Bulgaria,t20s03719,
field,Mexico,t20s03720,
bat,Bangladesh,t20s03721,
bat,Sri Lanka,t20s03722,
bat,Hong Kong,t20s03723,
bat,Scotland,t20s03724,
bat,Australia,t20s03725,
bat,South Korea,t20s03726,
bat,Bulgaria,t20s03727,
field,Serbia,t20s03728,
field,West Indies,t20s03729,
field,Argentina,t20s03730,
field,Rwanda,t20s03731,
bat,New Zealand,t20s03732,
field,West Indies,t20s03733,
bat,Sri Lanka,t20s03734,
field,United States of America,t20s03735,
bat,West Indies,t20s03736,
field,South Africa,t20s03737,
bat,New Zealand,t20s03738,
bat,Kenya,t20s03739,
bat,Nepal,t20s03740,
field,Bhutan,t20s03741,
bat,Indonesia,t20s03742,
field,Seychelles,t20s03743,
field,Mozambique,t20s03744,
field,South Africa,t20s03745,
bat,United States of America,t20s03746,
field,Bhutan,t20s03747,
bat,Indonesia,t20s03748,
field,Zimbabwe,t20s03749,
bat,Rwanda,t20s03750,
bat,Singapore,t20s03751,
bat,Singapore,t20s03752,
bat,Zimbabwe,t20s03753,
bat,Kenya,t20s03754,
bat,Kuwait,t20s03755,
bat,Bhutan,t20s03756,
bat,Thailand,t20s03757,
bat,Mozambique,t20s03758,
bat,Thailand,t20s03759,
bat,Bhutan,t20s03760,
bat,Seychelles,t20s03761,
bat,Rwanda,t20s03762,
bat,Zimbabwe,t20s03763,
bat,Zimbabwe,t20s03764,
bat,Gambia,t20s03765,
bat,Indonesia,t20s03766,
bat,Singapore,t20s03767,
bat,Rwanda,t20s03768,
bat,Myanmar,t20s03769,
bat,Singapore,t20s03770,
bat,Bulgaria,t20s03771,
bat,Myanmar,t20s03772,
bat,Kuwait,t20s03773,
field,Uganda,t20s03774,
bat,Singapore,t20s03775,
bat,Rwanda,t20s03776,
bat,Bahrain,t20s03777,
bat,Kuwait,t20s03778,
bat,Kenya,t20s03779,
bat,Rwanda,t20s03780,
bat,Kenya,t20s03781,
bat,Kenya,t20s03782,
bat,Mongolia,t20s03783,
bat,Myanmar,t20s03784,
field,Hong Kong,t20s03785,
bat,Myanmar,t20s03786,
field,South Africa,t20s03787,
bat,Myanmar,t20s03788,
bat,Mongolia,t20s03789,
field,England,t20s03790,
bat,New Zealand,t20s03791,
field,Sri Lanka,t20s03792,
field,South Africa,t20s03793,
field,Hong Kong,t20s03794,
field,Myanmar,t20s03795,
field,England,t20s03796,
field,Myanmar,t20s03797,
field,South Africa,t20s03798,
field,Oman,t20s03799,
bat,Myanmar,t20s03800,
field,Pakistan,t20s03801,
field,England,t20s03802,
field,Oman,t20s03803,
bat,India,t20s03804,
field,Indonesia,t20s03805,
field,Oman,t20s03806,
field,West Indies,t20s03807,
bat,Myanmar,t20s03808,
field,Mexico,t20s03809,
field,Mexico,t20s03810,
bat,Australia,t20s03811,
field,Mexico,t20s03812,
field,England,t20s03813,
bat,Indonesia,t20s03814,
bat,Pakistan,t20s03815,
bat,Myanmar,t20s03816,
field,Qatar,t20s03817,
field,Bhutan,t20s03818,
field,Saudi Arabia,t20s03819,
field,Cambodia,t20s03820,
field,Qatar,t20s03821,
bat,United Arab Emirates,t20s03822,
field,Bhutan,t20s03823,
field,United Arab Emirates,t20s03824,
bat,Bahrain,t20s03825,
field,Bhutan,t20s03826,
bat,United Arab Emirates,t20s03827,
bat,Qatar,t20s03828,
bat,Botswana,t20s03829,
bat,Sierra Leone,t20s03830,
bat,Nigeria,t20s03831,
bat,Eswatini,t20s03832,
bat,Sierra Leone,t20s03833,
field,England,t20s03834,
bat,Nigeria,t20s03835,
field,Bahrain,t20s03836,
field,Saudi Arabia,t20s03837,
bat,Thailand,t20s03838,
field,Botswana,t20s03839,
bat,Eswatini,t20s03840,
field,Cambodia,t20s03841,
bat,United Arab Emirates,t20s03842,
field,Saudi Arabia,t20s03843,
field,Sierra Leone,t20s03844,
field,South Africa,t20s03845,
field,Sierra Leone,t20s03846,
bat,St Helena,t20s03847,
bat,Ivory Coast,t20s03848,
field,Cambodia,t20s03849,
field,Qatar,t20s03850,
bat,Bahrain,t20s03851,
bat,Ivory Coast,t20s03852,
bat,Sierra Leone,t20s03853,
bat,Nigeria,t20s03854,
field,England,t20s03855,
bat,Pakistan,t20s03856,
field,Argentina,t20s03857,
bat,Zimbabwe,t20s03858,
field,Thailand,t20s03859,
field,China,t20s03860,
bat,Bahrain,t20s03861,
field,Botswana,t20s03862,
bat,Rwanda,t20s03863,
bat,Ireland,t20s03864,
bat,China,t20s03865,
bat,Thailand,t20s03866,
bat,Pakistan,t20s03867,
field,Botswana,t20s03868,
field,Rwanda,t20s03869,
