balls_per_over,date,gender,match_type,overs,player_of_match,season,team_type,venue,key,city,supersubs
6,2011-12-16,male,T20,20,BJ Haddin,2011/12,club,Sydney Cricket Ground,bbl00001,,
6,2011-12-17,male,T20,20,DA Warner,2011/12,club,Melbourne Cricket Ground,bbl00002,,
6,2011-12-18,male,T20,20,BW Hilfenhaus,2011/12,club,Western Australia Cricket Association Ground,bbl00003,Perth,
6,2011-12-18,male,T20,20,M Klinger,2011/12,club,Adelaide Oval,bbl00004,,
6,2011-12-20,male,T20,20,RJ Quiney,2011/12,club,"Brisbane Cricket Ground, Woolloongabba",bbl00005,Brisbane,
6,2011-12-21,male,T20,20,TR Birt,2011/12,club,Bellerive Oval,bbl00006,Hobart,
6,2011-12-22,male,T20,20,SE Marsh,2011/12,club,Docklands Stadium,bbl00007,Melbourne,
6,2011-12-23,male,T20,20,CH Gayle,2011/12,club,Stadium Australia,bbl00008,Sydney,
6,2011-12-27,male,T20,20,DJ Bravo,2011/12,club,Sydney Cricket Ground,bbl00009,,
6,2011-12-28,male,T20,20,XJ Doherty,2011/12,club,Adelaide Oval,bbl00010,,
6,2011-12-29,male,T20,20,MJ North,2011/12,club,Western Australia Cricket Association Ground,bbl00011,Perth,
6,2011-12-30,male,T20,20,Shahid Afridi,2011/12,club,Stadium Australia,bbl00012,Sydney,
6,2012-01-01,male,T20,20,Naved-ul-Hasan,2011/12,club,Bellerive Oval,bbl00013,Hobart,
6,2012-01-02,male,T20,20,AB McDonald,2011/12,club,Docklands Stadium,bbl00014,Melbourne,
6,2012-01-04,male,T20,20,HH Gibbs,2011/12,club,Melbourne Cricket Ground,bbl00015,,
6,2012-01-08,male,T20,20,MA Starc,2011/12,club,Stadium Australia,bbl00016,Sydney,
6,2012-01-08,male,T20,20,GB Hogg,2011/12,club,Western Australia Cricket Association Ground,bbl00017,Perth,
6,2012-01-09,male,T20,20,LJ Wright,2011/12,club,Bellerive Oval,bbl00018,Hobart,
6,2012-01-10,male,T20,20,SNJ O'Keefe,2011/12,club,Adelaide Oval,bbl00019,,
6,2012-01-12,male,T20,20,DL Vettori,2011/12,club,Docklands Stadium,bbl00020,Melbourne,
6,2012-01-17,male,T20,20,DT Christian,2011/12,club,"Brisbane Cricket Ground, Woolloongabba",bbl00021,Brisbane,
6,2012-01-18,male,T20,20,OA Shah,2011/12,club,Bellerive Oval,bbl00022,Hobart,
6,2012-01-18,male,T20,20,MA Starc,2011/12,club,Sydney Cricket Ground,bbl00023,,
6,2012-01-19,male,T20,20,CJ McKay,2011/12,club,Melbourne Cricket Ground,bbl00024,,
6,2012-01-21,male,T20,20,MR Marsh,2011/12,club,Western Australia Cricket Association Ground,bbl00025,Perth,
6,2012-01-22,male,T20,20,NJ Maddinson,2011/12,club,Bellerive Oval,bbl00026,Hobart,
6,2012-01-28,male,T20,20,MC Henriques,2011/12,club,Western Australia Cricket Association Ground,bbl00027,Perth,
6,2012-12-07,male,T20,20,AJ Finch,2012/13,club,Docklands Stadium,bbl00028,Melbourne,
6,2012-12-08,male,T20,20,BJ Haddin,2012/13,club,Sydney Cricket Ground,bbl00029,,
6,2012-12-09,male,T20,20,TR Birt,2012/13,club,"Brisbane Cricket Ground, Woolloongabba",bbl00030,Brisbane,
6,2012-12-09,male,T20,20,PJ Hughes,2012/13,club,Western Australia Cricket Association Ground,bbl00031,Perth,
6,2012-12-12,male,T20,20,SL Malinga,2012/13,club,Western Australia Cricket Association Ground,bbl00032,Perth,
6,2012-12-13,male,T20,20,LA Pomersbach,2012/13,club,Adelaide Oval,bbl00033,,
6,2012-12-14,male,T20,20,AW O'Brien,2012/13,club,Stadium Australia,bbl00034,Sydney,
6,2012-12-15,male,T20,20,CJ McKay,2012/13,club,Melbourne Cricket Ground,bbl00035,,
6,2012-12-16,male,T20,20,MA Beer,2012/13,club,Sydney Cricket Ground,bbl00036,,
6,2012-12-18,male,T20,20,NM Coulter-Nile,2012/13,club,"Brisbane Cricket Ground, Woolloongabba",bbl00037,Brisbane,
6,2012-12-19,male,T20,20,MN Samuels,2012/13,club,Docklands Stadium,bbl00038,Melbourne,
6,2012-12-20,male,T20,20,KW Richardson,2012/13,club,Stadium Australia,bbl00039,Sydney,
6,2012-12-22,male,T20,20,BCJ Cutting,2012/13,club,Docklands Stadium,bbl00040,Melbourne,
6,2012-12-23,male,T20,20,TP Ludeman,2012/13,club,Adelaide Oval,bbl00041,,
6,2012-12-26,male,T20,20,RT Ponting,2012/13,club,Sydney Cricket Ground,bbl00042,,
6,2012-12-27,male,T20,20,BJ Hodge,2012/13,club,Adelaide Oval,bbl00043,,
6,2012-12-28,male,T20,20,DT Christian,2012/13,club,Stadium Australia,bbl00044,Sydney,
6,2012-12-29,male,T20,20,SE Marsh,2012/13,club,Western Australia Cricket Association Ground,bbl00045,Perth,
6,2012-12-30,male,T20,20,DP Hughes,2012/13,club,Stadium Australia,bbl00046,Sydney,
6,2013-01-02,male,T20,20,M Muralitharan,2012/13,club,Docklands Stadium,bbl00047,Melbourne,
6,2013-01-04,male,T20,20,JP Behrendorff,2012/13,club,Western Australia Cricket Association Ground,bbl00048,Perth,
6,2013-01-06,male,T20,20,AJ Finch,2012/13,club,Melbourne Cricket Ground,bbl00049,,
6,2013-01-07,male,T20,20,MJ Lumb,2012/13,club,"Brisbane Cricket Ground, Woolloongabba",bbl00050,Brisbane,
6,2013-01-08,male,T20,20,CH Gayle,2012/13,club,Melbourne Cricket Ground,bbl00051,,
6,2013-01-10,male,T20,20,SE Marsh,2012/13,club,Adelaide Oval,bbl00052,,
6,2013-01-15,male,T20,20,LA Pomersbach,2012/13,club,Docklands Stadium,bbl00053,Melbourne,
6,2013-01-16,male,T20,20,SE Marsh,2012/13,club,Western Australia Cricket Association Ground,bbl00054,Perth,
6,2013-01-19,male,T20,20,NM Hauritz,2012/13,club,Western Australia Cricket Association Ground,bbl00055,Perth,
6,2013-12-20,male,T20,20,LJ Wright,2013/14,club,Melbourne Cricket Ground,bbl00056,,
6,2013-12-21,male,T20,20,NJ Maddinson,2013/14,club,Sydney Cricket Ground,bbl00057,,
6,2013-12-22,male,T20,20,,2013/14,club,Bellerive Oval,bbl00058,Hobart,
6,2013-12-22,male,T20,20,CA Lynn,2013/14,club,"Brisbane Cricket Ground, Woolloongabba",bbl00059,Brisbane,
6,2013-12-26,male,T20,20,Yasir Arafat,2013/14,club,Western Australia Cricket Association Ground,bbl00060,Perth,
6,2013-12-27,male,T20,20,MEK Hussey,2013/14,club,Stadium Australia,bbl00061,Sydney,
6,2013-12-28,male,T20,20,BR Dunk,2013/14,club,"Brisbane Cricket Ground, Woolloongabba",bbl00062,Brisbane,
6,2013-12-29,male,T20,20,GJ Maxwell,2013/14,club,Sydney Cricket Ground,bbl00063,,
6,2013-12-30,male,T20,20,AJ Finch,2013/14,club,Docklands Stadium,bbl00064,Melbourne,
6,2014-01-01,male,T20,20,BJ Hodge,2013/14,club,Stadium Australia,bbl00065,Sydney,
6,2014-01-01,male,T20,20,JL Pattinson,2013/14,club,Bellerive Oval,bbl00066,Hobart,
6,2014-01-02,male,T20,20,B Lee,2013/14,club,"Brisbane Cricket Ground, Woolloongabba",bbl00067,Brisbane,
6,2014-01-03,male,T20,20,SM Katich,2013/14,club,Western Australia Cricket Association Ground,bbl00068,Perth,
6,2014-01-04,male,T20,20,CL White,2013/14,club,Docklands Stadium,bbl00069,Melbourne,
6,2014-01-05,male,T20,20,MJ Lumb,2013/14,club,Adelaide Oval,bbl00070,,
6,2014-01-07,male,T20,20,NM Coulter-Nile,2013/14,club,Western Australia Cricket Association Ground,bbl00071,Perth,
6,2014-01-08,male,T20,20,CA Lynn,2013/14,club,Stadium Australia,bbl00072,Sydney,
6,2014-01-09,male,T20,20,JP Faulkner,2013/14,club,Melbourne Cricket Ground,bbl00073,,
6,2014-01-10,male,T20,20,Yasir Arafat,2013/14,club,Sydney Cricket Ground,bbl00074,,
6,2014-01-11,male,T20,20,BR Dunk,2013/14,club,Bellerive Oval,bbl00075,Hobart,
6,2014-01-11,male,T20,20,LJ Wright,2013/14,club,"Brisbane Cricket Ground, Woolloongabba",bbl00076,Brisbane,
6,2014-01-14,male,T20,20,GS Sandhu,2013/14,club,Docklands Stadium,bbl00077,Melbourne,
6,2014-01-15,male,T20,20,SPD Smith,2013/14,club,Sydney Cricket Ground,bbl00078,,
6,2014-01-16,male,T20,20,CJ Simmons,2013/14,club,Western Australia Cricket Association Ground,bbl00079,Perth,
6,2014-01-18,male,T20,20,MC Henriques,2013/14,club,Docklands Stadium,bbl00080,Melbourne,
6,2014-01-18,male,T20,20,DL Vettori,2013/14,club,Adelaide Oval,bbl00081,,
6,2014-01-21,male,T20,20,LJ Wright,2013/14,club,Melbourne Cricket Ground,bbl00082,,
6,2014-01-22,male,T20,20,DJ Bravo,2013/14,club,Adelaide Oval,bbl00083,,
6,2014-01-23,male,T20,20,BR Dunk,2013/14,club,Bellerive Oval,bbl00084,Hobart,
6,2014-01-25,male,T20,20,NM Lyon,2013/14,club,Stadium Australia,bbl00085,Sydney,
6,2014-01-27,male,T20,20,JW Hastings,2013/14,club,Melbourne Cricket Ground,bbl00086,,
6,2014-02-04,male,T20,20,CJ Boyce,2013/14,club,Melbourne Cricket Ground,bbl00087,,
6,2014-02-05,male,T20,20,CJ Simmons,2013/14,club,Sydney Cricket Ground,bbl00088,,
6,2014-02-07,male,T20,20,GB Hogg,2013/14,club,Western Australia Cricket Association Ground,bbl00089,Perth,
6,2014-12-18,male,T20,20,TP Ludeman,2014/15,club,Adelaide Oval,bbl00090,,
6,2014-12-19,male,T20,20,NJ Maddinson,2014/15,club,Sydney Cricket Ground,bbl00091,,
6,2014-12-20,male,T20,20,DJG Sammy,2014/15,club,Melbourne Cricket Ground,bbl00092,,
6,2014-12-21,male,T20,20,JH Kallis,2014/15,club,Stadium Australia,bbl00093,Sydney,
6,2014-12-22,male,T20,20,JP Behrendorff,2014/15,club,Western Australia Cricket Association Ground,bbl00094,Perth,
6,2014-12-23,male,T20,20,MC Henriques,2014/15,club,Bellerive Oval,bbl00095,Hobart,
6,2014-12-26,male,T20,20,M Klinger,2014/15,club,Western Australia Cricket Association Ground,bbl00096,Perth,
6,2014-12-27,male,T20,20,AC Blizzard,2014/15,club,Stadium Australia,bbl00097,Sydney,
6,2014-12-28,male,T20,20,RM Duffield,2014/15,club,"Brisbane Cricket Ground, Woolloongabba",bbl00098,Brisbane,
6,2014-12-29,male,T20,20,AJ Tye,2014/15,club,Sydney Cricket Ground,bbl00099,,
6,2014-12-30,male,T20,20,JL Pattinson,2014/15,club,Docklands Stadium,bbl00100,Melbourne,
6,2014-12-31,male,T20,20,TP Ludeman,2014/15,club,Adelaide Oval,bbl00101,,
6,2015-01-01,male,T20,20,JH Kallis,2014/15,club,Western Australia Cricket Association Ground,bbl00102,Perth,
6,2015-01-02,male,T20,20,TD Paine,2014/15,club,Bellerive Oval,bbl00103,Hobart,
6,2015-01-03,male,T20,20,MA Beer,2014/15,club,Docklands Stadium,bbl00104,Melbourne,
6,2015-01-04,male,T20,20,TM Head,2014/15,club,"Brisbane Cricket Ground, Woolloongabba",bbl00105,Brisbane,
6,2015-01-05,male,T20,20,JP Faulkner,2014/15,club,Melbourne Cricket Ground,bbl00106,,
6,2015-01-06,male,T20,20,GB Hogg,2014/15,club,Adelaide Oval,bbl00107,,
6,2015-01-07,male,T20,20,BA Stokes,2014/15,club,Bellerive Oval,bbl00108,Hobart,
6,2015-01-08,male,T20,20,MA Carberry,2014/15,club,Western Australia Cricket Association Ground,bbl00109,Perth,
6,2015-01-10,male,T20,20,GJ Maxwell,2014/15,club,Melbourne Cricket Ground,bbl00110,,
6,2015-01-11,male,T20,20,DE Bollinger,2014/15,club,"Brisbane Cricket Ground, Woolloongabba",bbl00111,Brisbane,
6,2015-01-11,male,T20,20,JP Behrendorff,2014/15,club,Bellerive Oval,bbl00112,Hobart,
6,2015-01-12,male,T20,20,,2014/15,club,Adelaide Oval,bbl00113,,
6,2015-01-13,male,T20,20,Shakib Al Hasan,2014/15,club,Docklands Stadium,bbl00114,Melbourne,
6,2015-01-14,male,T20,20,J Botha,2014/15,club,Sydney Cricket Ground,bbl00115,,
6,2015-01-15,male,T20,20,CA Lynn,2014/15,club,"Brisbane Cricket Ground, Woolloongabba",bbl00116,Brisbane,
6,2015-01-17,male,T20,20,KP Pietersen,2014/15,club,Sydney Showground Stadium,bbl00117,,
6,2015-01-19,male,T20,20,TM Head,2014/15,club,Docklands Stadium,bbl00118,Melbourne,
6,2015-01-21,male,T20,20,PSP Handscomb,2014/15,club,Melbourne Cricket Ground,bbl00119,,
6,2015-01-22,male,T20,20,JC Silk,2014/15,club,Sydney Cricket Ground,bbl00120,,
6,2015-01-24,male,T20,20,NJ Maddinson,2014/15,club,Adelaide Oval,bbl00121,,
6,2015-01-25,male,T20,20,AJ Tye,2014/15,club,Western Australia Cricket Association Ground,bbl00122,Perth,
6,2015-01-28,male,T20,20,SE Marsh,2014/15,club,Manuka Oval,bbl00123,Canberra,
6,2015-12-18,male,T20,20,AI Ross,2015/16,club,Adelaide Oval,bbl00124,,
6,2015-12-19,male,T20,20,AJ Finch,2015/16,club,"Brisbane Cricket Ground, Woolloongabba",bbl00125,Brisbane,
6,2015-12-20,male,T20,20,BJ Haddin,2015/16,club,Sydney Cricket Ground,bbl00126,,
6,2015-12-21,male,T20,20,AU Rashid,2015/16,club,Western Australia Cricket Association Ground,bbl00127,Perth,
6,2015-12-22,male,T20,20,TD Paine,2015/16,club,Bellerive Oval,bbl00128,Hobart,
6,2015-12-23,male,T20,20,MJ Lumb,2015/16,club,Docklands Stadium,bbl00129,Melbourne,
6,2015-12-26,male,T20,20,DJ Willey,2015/16,club,Western Australia Cricket Association Ground,bbl00130,Perth,
6,2015-12-27,male,T20,20,GJ Maxwell,2015/16,club,Sydney Cricket Ground,bbl00131,,
6,2015-12-28,male,T20,20,JH Kallis,2015/16,club,Sydney Showground Stadium,bbl00132,,
6,2015-12-29,male,T20,20,CA Lynn,2015/16,club,"Brisbane Cricket Ground, Woolloongabba",bbl00133,Brisbane,
6,2015-12-30,male,T20,20,M Klinger,2015/16,club,Docklands Stadium,bbl00134,Melbourne,
6,2015-12-31,male,T20,20,TM Head,2015/16,club,Adelaide Oval,bbl00135,,
6,2016-01-01,male,T20,20,SW Tait,2015/16,club,Bellerive Oval,bbl00136,Hobart,
6,2016-01-02,male,T20,20,DJ Willey,2015/16,club,Western Australia Cricket Association Ground,bbl00137,Perth,
6,2016-01-02,male,T20,20,LJ Wright,2015/16,club,Melbourne Cricket Ground,bbl00138,,
6,2016-01-03,male,T20,20,CA Lynn,2015/16,club,"Brisbane Cricket Ground, Woolloongabba",bbl00139,Brisbane,
6,2016-01-04,male,T20,20,CP Tremain,2015/16,club,Bellerive Oval,bbl00140,Hobart,
6,2016-01-05,male,T20,20,TM Head,2015/16,club,Adelaide Oval,bbl00141,,
6,2016-01-06,male,T20,20,GJ Maxwell,2015/16,club,Melbourne Cricket Ground,bbl00142,,
6,2016-01-07,male,T20,20,CT Bancroft,2015/16,club,Sydney Showground Stadium,bbl00143,,
6,2016-01-08,male,T20,20,DPMD Jayawardene,2015/16,club,"Brisbane Cricket Ground, Woolloongabba",bbl00144,Brisbane,
6,2016-01-09,male,T20,20,MP Stoinis,2015/16,club,Docklands Stadium,bbl00145,Melbourne,
6,2016-01-10,male,T20,20,MA Carberry,2015/16,club,Bellerive Oval,bbl00146,Hobart,
6,2016-01-10,male,T20,20,JA Burns,2015/16,club,Sydney Cricket Ground,bbl00147,,
6,2016-01-11,male,T20,20,CL White,2015/16,club,Sydney Showground Stadium,bbl00148,,
6,2016-01-13,male,T20,20,AU Rashid,2015/16,club,Adelaide Oval,bbl00149,,
6,2016-01-14,male,T20,20,S Badree,2015/16,club,Melbourne Cricket Ground,bbl00150,,
6,2016-01-16,male,T20,20,SR Watson,2015/16,club,Sydney Cricket Ground,bbl00151,,
6,2016-01-18,male,T20,20,TM Head,2015/16,club,Docklands Stadium,bbl00152,Melbourne,
6,2016-01-21,male,T20,20,UT Khawaja,2015/16,club,Adelaide Oval,bbl00153,,
6,2016-01-22,male,T20,20,KP Pietersen,2015/16,club,Melbourne Cricket Ground,bbl00154,,
6,2016-01-24,male,T20,20,UT Khawaja,2015/16,club,Melbourne Cricket Ground,bbl00155,,
6,2016-12-20,male,T20,20,MC Henriques,2016/17,club,Sydney Showground Stadium,bbl00156,,
6,2016-12-21,male,T20,20,BB McCullum,2016/17,club,Adelaide Oval,bbl00157,,
6,2016-12-22,male,T20,20,AJ Finch,2016/17,club,Docklands Stadium,bbl00158,Melbourne,
6,2016-12-23,male,T20,20,AJ Turner,2016/17,club,Western Australia Cricket Association Ground,bbl00159,Perth,
6,2016-12-23,male,T20,20,DJM Short,2016/17,club,Sydney Cricket Ground,bbl00160,,
6,2016-12-26,male,T20,20,RJ Quiney,2016/17,club,Bellerive Oval,bbl00161,Hobart,
6,2016-12-27,male,T20,20,J Botha,2016/17,club,Sydney Cricket Ground,bbl00162,,
6,2016-12-28,male,T20,20,CA Lynn,2016/17,club,Sydney Showground Stadium,bbl00163,,
6,2016-12-29,male,T20,20,M Klinger,2016/17,club,Docklands Stadium,bbl00164,Melbourne,
6,2016-12-30,male,T20,20,CA Lynn,2016/17,club,"Brisbane Cricket Ground, Woolloongabba",bbl00165,Brisbane,
6,2016-12-31,male,T20,20,SA Abbott,2016/17,club,Adelaide Oval,bbl00166,,
6,2017-01-01,male,T20,20,GB Hogg,2016/17,club,Melbourne Cricket Ground,bbl00167,,
6,2017-01-01,male,T20,20,MR Marsh,2016/17,club,Western Australia Cricket Association Ground,bbl00168,Perth,
6,2017-01-02,male,T20,20,DT Christian,2016/17,club,Bellerive Oval,bbl00169,Hobart,
6,2017-01-03,male,T20,20,DP Hughes,2016/17,club,"Brisbane Cricket Ground, Woolloongabba",bbl00170,Brisbane,
6,2017-01-04,male,T20,20,EJG Morgan,2016/17,club,Sydney Showground Stadium,bbl00171,,
6,2017-01-05,male,T20,20,CA Lynn,2016/17,club,Western Australia Cricket Association Ground,bbl00172,Perth,
6,2017-01-06,male,T20,20,BR Dunk,2016/17,club,Adelaide Oval,bbl00173,,
6,2017-01-07,male,T20,20,A Zampa,2016/17,club,Docklands Stadium,bbl00174,Melbourne,
6,2017-01-08,male,T20,20,SR Watson,2016/17,club,Bellerive Oval,bbl00175,Hobart,
6,2017-01-09,male,T20,20,BJ Haddin,2016/17,club,Sydney Cricket Ground,bbl00176,,
6,2017-01-10,male,T20,20,BW Hilfenhaus,2016/17,club,Melbourne Cricket Ground,bbl00177,,
6,2017-01-11,male,T20,20,M Klinger,2016/17,club,"Brisbane Cricket Ground, Woolloongabba",bbl00178,Brisbane,
6,2017-01-12,male,T20,20,BR McDermott,2016/17,club,Docklands Stadium,bbl00179,Melbourne,
6,2017-01-14,male,T20,20,MA Beer,2016/17,club,Western Australia Cricket Association Ground,bbl00180,Perth,
6,2017-01-14,male,T20,20,Fawad Ahmed,2016/17,club,Sydney Cricket Ground,bbl00181,,
6,2017-01-16,male,T20,20,MS Harris,2016/17,club,Adelaide Oval,bbl00182,,
6,2017-01-17,male,T20,20,MJ Swepson,2016/17,club,Melbourne Cricket Ground,bbl00183,,
6,2017-01-18,male,T20,20,IS Sodhi,2016/17,club,Sydney Showground Stadium,bbl00184,,
6,2017-01-20,male,T20,20,AJ Finch,2016/17,club,"Brisbane Cricket Ground, Woolloongabba",bbl00185,Brisbane,
6,2017-01-21,male,T20,20,SE Marsh,2016/17,club,Bellerive Oval,bbl00186,Hobart,
6,2017-01-21,male,T20,20,SA Abbott,2016/17,club,Melbourne Cricket Ground,bbl00187,,
6,2017-01-24,male,T20,20,MG Johnson,2016/17,club,Western Australia Cricket Association Ground,bbl00188,Perth,
6,2017-01-25,male,T20,20,MC Henriques,2016/17,club,"Brisbane Cricket Ground, Woolloongabba",bbl00189,Brisbane,
6,2017-01-28,male,T20,20,JA Richardson,2016/17,club,Western Australia Cricket Association Ground,bbl00190,Perth,
6,2017-12-19,male,T20,20,SR Watson,2017/18,club,Sydney Showground Stadium,bbl00191,Sydney,
6,2017-12-20,male,T20,20,MP Stoinis,2017/18,club,"Brisbane Cricket Ground, Woolloongabba",bbl00192,Brisbane,
6,2017-12-21,male,T20,20,DJ Bravo,2017/18,club,Bellerive Oval,bbl00193,Hobart,
6,2017-12-22,male,T20,20,Rashid Khan,2017/18,club,Adelaide Oval,bbl00194,Adelaide,
6,2017-12-23,male,T20,20,JD Wildermuth,2017/18,club,Docklands Stadium,bbl00195,Melbourne,
6,2017-12-23,male,T20,20,AJ Turner,2017/18,club,Sydney Cricket Ground,bbl00196,Sydney,
6,2017-12-26,male,T20,20,HWR Cartwright,2017/18,club,W.A.C.A. Ground,bbl00197,Perth,
6,2017-12-27,male,T20,20,AI Ross,2017/18,club,"Brisbane Cricket Ground, Woolloongabba",bbl00198,Brisbane,
6,2017-12-28,male,T20,20,AT Carey,2017/18,club,Sydney Cricket Ground,bbl00199,Sydney,
6,2017-12-29,male,T20,20,MG Johnson,2017/18,club,Docklands Stadium,bbl00200,Melbourne,
6,2017-12-30,male,T20,20,JC Buttler,2017/18,club,Aurora Stadium,bbl00201,Launceston,
6,2017-12-31,male,T20,20,MG Neser,2017/18,club,Adelaide Oval,bbl00202,Adelaide,
6,2018-01-01,male,T20,20,DJM Short,2017/18,club,Sydney Showground Stadium,bbl00203,Sydney,
6,2018-01-01,male,T20,20,M Klinger,2017/18,club,W.A.C.A. Ground,bbl00204,Perth,
6,2018-01-02,male,T20,20,MJ Swepson,2017/18,club,Melbourne Cricket Ground,bbl00205,Melbourne,
6,2018-01-03,male,T20,20,AJ Finch,2017/18,club,"Simonds Stadium, South Geelong, Victoria",bbl00206,Geelong,
6,2018-01-04,male,T20,20,DJM Short,2017/18,club,Bellerive Oval,bbl00207,Hobart,
6,2018-01-05,male,T20,20,BCJ Cutting,2017/18,club,"Brisbane Cricket Ground, Woolloongabba",bbl00208,Brisbane,
6,2018-01-06,male,T20,20,Mohammad Nabi,2017/18,club,Melbourne Cricket Ground,bbl00209,Melbourne,
6,2018-01-07,male,T20,20,Rashid Khan,2017/18,club,Sydney Showground Stadium,bbl00210,Sydney,
6,2018-01-08,male,T20,20,SW Billings,2017/18,club,Bellerive Oval,bbl00211,Hobart,
6,2018-01-08,male,T20,20,AJ Turner,2017/18,club,W.A.C.A. Ground,bbl00212,Perth,
6,2018-01-09,male,T20,20,TM Head,2017/18,club,Adelaide Oval,bbl00213,Adelaide,
6,2018-01-10,male,T20,20,DJM Short,2017/18,club,"Brisbane Cricket Ground, Woolloongabba",bbl00214,Brisbane,
6,2018-01-11,male,T20,20,UT Khawaja,2017/18,club,Sydney Showground Stadium,bbl00215,Sydney,
6,2018-01-12,male,T20,20,KP Pietersen,2017/18,club,Docklands Stadium,bbl00216,Melbourne,
6,2018-01-13,male,T20,20,CJ Green,2017/18,club,Sydney Cricket Ground,bbl00217,Sydney,
6,2018-01-13,male,T20,20,AC Agar,2017/18,club,Traeger Park,bbl00218,Alice Springs,
6,2018-01-15,male,T20,20,DT Christian,2017/18,club,Bellerive Oval,bbl00219,Hobart,
6,2018-01-16,male,T20,20,NM Lyon,2017/18,club,Melbourne Cricket Ground,bbl00220,Melbourne,
6,2018-01-17,male,T20,20,AT Carey,2017/18,club,Adelaide Oval,bbl00221,Adelaide,
6,2018-01-18,male,T20,20,SA Abbott,2017/18,club,Sydney Cricket Ground,bbl00222,Sydney,
6,2018-01-20,male,T20,20,SR Watson,2017/18,club,Melbourne Cricket Ground,bbl00223,Melbourne,
6,2018-01-20,male,T20,20,AC Agar,2017/18,club,W.A.C.A. Ground,bbl00224,Perth,
6,2018-01-22,male,T20,20,CA Ingram,2017/18,club,Docklands Stadium,bbl00225,Melbourne,
6,2018-01-23,male,T20,20,JL Denly,2017/18,club,Sydney Cricket Ground,bbl00226,Sydney,
6,2018-01-24,male,T20,20,KW Richardson,2017/18,club,Manuka Oval,bbl00227,Canberra,
6,2018-01-25,male,T20,20,AC Voges,2017/18,club,W.A.C.A. Ground,bbl00228,Perth,
6,2018-01-27,male,T20,20,KP Pietersen,2017/18,club,Melbourne Cricket Ground,bbl00229,Melbourne,
6,2018-01-27,male,T20,20,TLW Cooper,2017/18,club,"Brisbane Cricket Ground, Woolloongabba",bbl00230,Brisbane,
6,2018-02-01,male,T20,20,MS Wade,2017/18,club,Perth Stadium,bbl00231,Perth,
6,2018-02-02,male,T20,20,TM Head,2017/18,club,Adelaide Oval,bbl00232,Adelaide,
6,2018-02-04,male,T20,20,J Weatherald,2017/18,club,Adelaide Oval,bbl00233,Adelaide,
6,2018-12-19,male,T20,20,Rashid Khan,2018/19,club,"Brisbane Cricket Ground, Woolloongabba",bbl00234,Brisbane,
6,2018-12-20,male,T20,20,Usman Shinwari,2018/19,club,Docklands Stadium,bbl00235,Melbourne,
6,2018-12-21,male,T20,20,DR Sams,2018/19,club,Manuka Oval,bbl00236,Canberra,
6,2018-12-22,male,T20,20,DJM Short,2018/19,club,Carrara Oval,bbl00237,Carrara,
6,2018-12-22,male,T20,20,SNJ O'Keefe,2018/19,club,Sydney Cricket Ground,bbl00238,Sydney,
6,2018-12-23,male,T20,20,DT Christian,2018/19,club,Adelaide Oval,bbl00239,Adelaide,
6,2018-12-24,male,T20,20,DJM Short,2018/19,club,Bellerive Oval,bbl00240,Hobart,
6,2018-12-24,male,T20,20,JC Buttler,2018/19,club,Sydney Showground Stadium,bbl00241,Sydney,
6,2018-12-26,male,T20,20,JA Richardson,2018/19,club,Perth Stadium,bbl00242,Perth,
6,2018-12-27,male,T20,20,PSP Handscomb,2018/19,club,Sydney Cricket Ground,bbl00243,Sydney,
6,2018-12-28,male,T20,20,MS Wade,2018/19,club,Bellerive Oval,bbl00244,Hobart,
6,2018-12-29,male,T20,20,BAD Manenti,2018/19,club,Docklands Stadium,bbl00245,Melbourne,
6,2018-12-30,male,T20,20,RP Meredith,2018/19,club,Aurora Stadium,bbl00246,Launceston,
6,2018-12-31,male,T20,20,PM Siddle,2018/19,club,Adelaide Oval,bbl00247,Adelaide,
6,2019-01-01,male,T20,20,CA Lynn,2018/19,club,Carrara Oval,bbl00248,Carrara,
6,2019-01-01,male,T20,20,MP Stoinis,2018/19,club,Melbourne Cricket Ground,bbl00249,Melbourne,
6,2019-01-02,male,T20,20,CJ Ferguson,2018/19,club,Sydney Showground Stadium,bbl00250,Sydney,
6,2019-01-03,male,T20,20,J Weatherald,2018/19,club,"Simonds Stadium, South Geelong, Victoria",bbl00251,Geelong,
6,2019-01-04,male,T20,20,DJM Short,2018/19,club,Bellerive Oval,bbl00252,Hobart,
6,2019-01-05,male,T20,20,MP Stoinis,2018/19,club,Carrara Oval,bbl00253,Carrara,
6,2019-01-05,male,T20,20,Mujeeb Ur Rahman,2018/19,club,Perth Stadium,bbl00254,Perth,
6,2019-01-06,male,T20,20,JL Denly,2018/19,club,Adelaide Oval,bbl00255,Adelaide,
6,2019-01-07,male,T20,20,SB Harper,2018/19,club,Docklands Stadium,bbl00256,Melbourne,
6,2019-01-08,male,T20,20,CA Lynn,2018/19,club,Sydney Showground Stadium,bbl00257,Sydney,
6,2019-01-09,male,T20,20,AJ Tye,2018/19,club,Melbourne Cricket Ground,bbl00258,Melbourne,
6,2019-01-10,male,T20,20,SB Harper,2018/19,club,"Brisbane Cricket Ground, Woolloongabba",bbl00259,Brisbane,
6,2019-01-11,male,T20,20,CA Ingram,2018/19,club,Adelaide Oval,bbl00260,Adelaide,
6,2019-01-13,male,T20,20,SR Watson,2018/19,club,Sydney Showground Stadium,bbl00261,Sydney,
6,2019-01-13,male,T20,20,M Bryant,2018/19,club,Geelong Cricket Ground,bbl00262,Geelong,
6,2019-01-13,male,T20,20,CT Bancroft,2018/19,club,Perth Stadium,bbl00263,Perth,
6,2019-01-14,male,T20,20,DJM Short,2018/19,club,Melbourne Cricket Ground,bbl00264,Melbourne,
6,2019-01-16,male,T20,20,KW Richardson,2018/19,club,Sydney Cricket Ground,bbl00265,Sydney,
6,2019-01-17,male,T20,20,,2018/19,club,"Brisbane Cricket Ground, Woolloongabba",bbl00266,Brisbane,
6,2019-01-18,male,T20,20,GJ Bailey,2018/19,club,Perth Stadium,bbl00267,Perth,
6,2019-01-19,male,T20,20,MP Stoinis,2018/19,club,Docklands Stadium,bbl00268,Melbourne,
6,2019-01-20,male,T20,20,JM Vince,2018/19,club,Sydney Cricket Ground,bbl00269,Sydney,
6,2019-01-21,male,T20,20,MS Wade,2018/19,club,Adelaide Oval,bbl00270,Adelaide,
6,2019-01-22,male,T20,20,HF Gurney,2018/19,club,Sydney Showground Stadium,bbl00271,Sydney,
6,2019-01-23,male,T20,20,JR Philippe,2018/19,club,Sydney Cricket Ground,bbl00272,Sydney,
6,2019-01-23,male,T20,20,BR Dunk,2018/19,club,Ted Summerton Reserve,bbl00273,Moe,
6,2019-01-24,male,T20,20,CJ Ferguson,2018/19,club,Perth Stadium,bbl00274,Perth,
6,2019-01-27,male,T20,20,MP Stoinis,2018/19,club,Melbourne Cricket Ground,bbl00275,Melbourne,
6,2019-01-28,male,T20,20,CP Tremain,2018/19,club,Perth Stadium,bbl00276,Perth,
6,2019-01-29,male,T20,20,BJ Dwarshuis,2018/19,club,Sydney Cricket Ground,bbl00277,Sydney,
6,2019-01-29,male,T20,20,DJM Short,2018/19,club,Bellerive Oval,bbl00278,Hobart,
6,2019-01-30,male,T20,20,CJ Boyce,2018/19,club,Docklands Stadium,bbl00279,Melbourne,
6,2019-01-31,male,T20,20,J Weatherald,2018/19,club,Aurora Stadium,bbl00280,Launceston,
6,2019-02-01,male,T20,20,Mujeeb Ur Rahman,2018/19,club,"Brisbane Cricket Ground, Woolloongabba",bbl00281,Brisbane,
6,2019-02-02,male,T20,20,DP Hughes,2018/19,club,Sydney Cricket Ground,bbl00282,Sydney,
6,2019-02-03,male,T20,20,MT Renshaw,2018/19,club,Adelaide Oval,bbl00283,Adelaide,
6,2019-02-03,male,T20,20,AJ Turner,2018/19,club,Perth Stadium,bbl00284,Perth,
6,2019-02-07,male,T20,20,MS Wade,2018/19,club,Bellerive Oval,bbl00285,Hobart,
6,2019-02-08,male,T20,20,BCJ Cutting,2018/19,club,"Brisbane Cricket Ground, Woolloongabba",bbl00286,Brisbane,
6,2019-02-09,male,T20,20,JW Wells,2018/19,club,Adelaide Oval,bbl00287,Adelaide,
6,2019-02-09,male,T20,20,PJ Cummins,2018/19,club,Manuka Oval,bbl00288,Canberra,
6,2019-02-10,male,T20,20,GJ Maxwell,2018/19,club,Melbourne Cricket Ground,bbl00289,Melbourne,
6,2019-02-14,male,T20,20,DJ Worrall,2018/19,club,Bellerive Oval,bbl00290,Hobart,
6,2019-02-15,male,T20,20,DT Christian,2018/19,club,Docklands Stadium,bbl00291,Melbourne,
6,2019-02-17,male,T20,20,DT Christian,2018/19,club,Docklands Stadium,bbl00292,Melbourne,
6,2019-12-17,male,T20,20,CJ Ferguson,2019/20,club,"Brisbane Cricket Ground, Woolloongabba",bbl00293,Brisbane,
6,2019-12-18,male,T20,20,JR Philippe,2019/20,club,Sydney Cricket Ground,bbl00294,Sydney,
6,2019-12-19,male,T20,20,AD Hales,2019/20,club,"Simonds Stadium, South Geelong, Victoria",bbl00295,Geelong,
6,2019-12-20,male,T20,20,Qais Ahmad,2019/20,club,Traeger Park,bbl00296,Alice Springs,
6,2019-12-20,male,T20,20,GJ Maxwell,2019/20,club,Carrara Oval,bbl00297,Carrara,
6,2019-12-21,male,T20,20,,2019/20,club,Manuka Oval,bbl00298,Canberra,
6,2019-12-21,male,T20,20,MR Marsh,2019/20,club,Perth Stadium,bbl00299,Perth,
6,2019-12-22,male,T20,20,Haris Rauf,2019/20,club,Ted Summerton Reserve,bbl00300,Moe,
6,2019-12-22,male,T20,20,CA Lynn,2019/20,club,Sydney Cricket Ground,bbl00301,Sydney,
6,2019-12-23,male,T20,20,J Weatherald,2019/20,club,Adelaide Oval,bbl00302,Adelaide,
6,2019-12-24,male,T20,20,RP Meredith,2019/20,club,Bellerive Oval,bbl00303,Hobart,
6,2019-12-26,male,T20,20,TK Curran,2019/20,club,Perth Stadium,bbl00304,Perth,
6,2019-12-27,male,T20,20,JW Wells,2019/20,club,Carrara Oval,bbl00305,Carrara,
6,2019-12-28,male,T20,20,TK Curran,2019/20,club,Sydney Cricket Ground,bbl00306,Sydney,
6,2019-12-29,male,T20,20,Rashid Khan,2019/20,club,Docklands Stadium,bbl00307,Melbourne,
6,2019-12-30,male,T20,20,NM Coulter-Nile,2019/20,club,Aurora Stadium,bbl00308,Launceston,
6,2019-12-31,male,T20,20,CJ Ferguson,2019/20,club,Adelaide Oval,bbl00309,Adelaide,
6,2020-01-01,male,T20,20,Fawad Ahmed,2019/20,club,Carrara Oval,bbl00310,Carrara,
6,2020-01-02,male,T20,20,JM Vince,2019/20,club,Docklands Stadium,bbl00311,Melbourne,
6,2020-01-02,male,T20,20,NCR Larkin,2019/20,club,Sydney Showground Stadium,bbl00312,Sydney,
6,2020-01-03,male,T20,20,CA Lynn,2019/20,club,Bellerive Oval,bbl00313,Hobart,
6,2020-01-04,male,T20,20,A Zampa,2019/20,club,Melbourne Cricket Ground,bbl00314,Melbourne,
6,2020-01-05,male,T20,20,DJM Short,2019/20,club,Perth Stadium,bbl00315,Perth,
6,2020-01-05,male,T20,20,JR Philippe,2019/20,club,International Sports Stadium,bbl00316,Coffs Harbour,
6,2020-01-06,male,T20,20,T Banton,2019/20,club,Sydney Showground Stadium,bbl00317,Sydney,
6,2020-01-07,male,T20,20,LS Livingstone,2019/20,club,"Simonds Stadium, South Geelong, Victoria",bbl00318,Geelong,
6,2020-01-08,male,T20,20,TK Curran,2019/20,club,Adelaide Oval,bbl00319,Adelaide,
6,2020-01-08,male,T20,20,Haris Rauf,2019/20,club,Melbourne Cricket Ground,bbl00320,Melbourne,
6,2020-01-09,male,T20,20,BCJ Cutting,2019/20,club,"Brisbane Cricket Ground, Woolloongabba",bbl00321,Brisbane,
6,2020-01-10,male,T20,20,GJ Maxwell,2019/20,club,Docklands Stadium,bbl00322,Melbourne,
6,2020-01-11,male,T20,20,AD Hales,2019/20,club,Sydney Showground Stadium,bbl00323,Sydney,
6,2020-01-11,male,T20,20,MR Marsh,2019/20,club,Perth Stadium,bbl00324,Perth,
6,2020-01-12,male,T20,20,JW Wells,2019/20,club,Adelaide Oval,bbl00325,Adelaide,
6,2020-01-12,male,T20,20,MP Stoinis,2019/20,club,Melbourne Cricket Ground,bbl00326,Melbourne,
6,2020-01-13,male,T20,20,JP Inglis,2019/20,club,Bellerive Oval,bbl00327,Hobart,
6,2020-01-14,male,T20,20,JL Pattinson,2019/20,club,"Brisbane Cricket Ground, Woolloongabba",bbl00328,Brisbane,
6,2020-01-15,male,T20,20,SB Harper,2019/20,club,Manuka Oval,bbl00329,Canberra,
6,2020-01-15,male,T20,20,JR Coleman,2019/20,club,Perth Stadium,bbl00330,Perth,
6,2020-01-16,male,T20,20,,2019/20,club,Sydney Cricket Ground,bbl00331,Sydney,
6,2020-01-17,male,T20,20,LN O'Connor,2019/20,club,Adelaide Oval,bbl00332,Adelaide,
6,2020-01-18,male,T20,20,CH Morris,2019/20,club,Sydney Showground Stadium,bbl00333,Sydney,
6,2020-01-18,male,T20,20,GJ Maxwell,2019/20,club,Melbourne Cricket Ground,bbl00334,Melbourne,
6,2020-01-19,male,T20,20,TM Head,2019/20,club,Aurora Stadium,bbl00335,Launceston,
6,2020-01-19,male,T20,20,CJ Boyce,2019/20,club,"Brisbane Cricket Ground, Woolloongabba",bbl00336,Brisbane,
6,2020-01-20,male,T20,20,MC Henriques,2019/20,club,Sydney Cricket Ground,bbl00337,Sydney,
6,2020-01-20,male,T20,20,LS Livingstone,2019/20,club,Perth Stadium,bbl00338,Perth,
6,2020-01-21,male,T20,20,M Wright,2019/20,club,Docklands Stadium,bbl00339,Melbourne,
6,2020-01-22,male,T20,20,JW Wells,2019/20,club,Adelaide Oval,bbl00340,Adelaide,
6,2020-01-23,male,T20,20,SNJ O'Keefe,2019/20,club,"Brisbane Cricket Ground, Woolloongabba",bbl00341,Brisbane,
6,2020-01-24,male,T20,20,DJM Short,2019/20,club,Bellerive Oval,bbl00342,Hobart,
6,2020-01-24,male,T20,20,WA Agar,2019/20,club,Perth Stadium,bbl00343,Perth,
6,2020-01-25,male,T20,20,SPD Smith,2019/20,club,Sydney Cricket Ground,bbl00344,Sydney,
6,2020-01-25,male,T20,20,AB de Villiers,2019/20,club,Melbourne Cricket Ground,bbl00345,Melbourne,
6,2020-01-26,male,T20,20,AD Hales,2019/20,club,Sydney Showground Stadium,bbl00346,Sydney,
6,2020-01-26,male,T20,20,MS Wade,2019/20,club,Adelaide Oval,bbl00347,Adelaide,
6,2020-01-27,male,T20,20,AJ Finch,2019/20,club,Docklands Stadium,bbl00348,Melbourne,
6,2020-01-30,male,T20,20,JD Cook,2019/20,club,Bellerive Oval,bbl00349,Hobart,
6,2020-01-31,male,T20,20,SNJ O'Keefe,2019/20,club,Melbourne Cricket Ground,bbl00350,Melbourne,
6,2020-02-01,male,T20,20,AD Hales,2019/20,club,Adelaide Oval,bbl00351,Adelaide,
6,2020-02-06,male,T20,20,NCR Larkin,2019/20,club,Melbourne Cricket Ground,bbl00352,Melbourne,
6,2020-02-08,male,T20,20,JR Philippe,2019/20,club,Sydney Cricket Ground,bbl00353,Sydney,
6,2020-12-10,male,T20,20,TH David,2020/21,club,Bellerive Oval,bbl00354,Hobart,
6,2020-12-11,male,T20,20,NM Coulter-Nile,2020/21,club,Manuka Oval,bbl00355,Canberra,
6,2020-12-12,male,T20,20,A Zampa,2020/21,club,Manuka Oval,bbl00356,Canberra,
6,2020-12-12,male,T20,20,JK Lalor,2020/21,club,Bellerive Oval,bbl00357,Hobart,
6,2020-12-13,male,T20,20,JR Philippe,2020/21,club,Bellerive Oval,bbl00358,Hobart,
6,2020-12-13,male,T20,20,DJM Short,2020/21,club,Bellerive Oval,bbl00359,Hobart,
6,2020-12-14,male,T20,20,DR Sams,2020/21,club,Manuka Oval,bbl00360,Canberra,
6,2020-12-15,male,T20,20,PM Siddle,2020/21,club,Aurora Stadium,bbl00361,Launceston,"{'Adelaide Strikers': 'MW Short', 'Hobart Hurricanes': 'M Wright'}"
6,2020-12-16,male,T20,20,,2020/21,club,Aurora Stadium,bbl00362,Launceston,{'Melbourne Stars': 'BR Dunk'}
6,2020-12-19,male,T20,20,BR McDermott,2020/21,club,Bellerive Oval,bbl00363,Hobart,{'Melbourne Renegades': 'MW Harvey'}
6,2020-12-20,male,T20,20,DT Christian,2020/21,club,Bellerive Oval,bbl00364,Hobart,{'Adelaide Strikers': 'L Scott'}
6,2020-12-22,male,T20,20,CJ Ferguson,2020/21,club,Manuka Oval,bbl00365,Canberra,
6,2020-12-23,male,T20,20,JJ Peirson,2020/21,club,Brisbane Cricket Ground,bbl00366,Brisbane,
6,2020-12-26,male,T20,20,DP Hughes,2020/21,club,Carrara Oval,bbl00367,Carrara,{'Sydney Sixers': 'GS Sandhu'}
6,2020-12-26,male,T20,20,O Davies,2020/21,club,Manuka Oval,bbl00368,Canberra,
6,2020-12-27,male,T20,20,L Gregory,2020/21,club,Brisbane Cricket Ground,bbl00369,Brisbane,
6,2020-12-28,male,T20,20,Rashid Khan,2020/21,club,Adelaide Oval,bbl00370,Adelaide,
6,2020-12-29,male,T20,20,JO Holder,2020/21,club,Carrara Oval,bbl00371,Carrara,
6,2020-12-29,male,T20,20,AD Hales,2020/21,club,Manuka Oval,bbl00372,Canberra,{'Melbourne Stars': 'BR Dunk'}
6,2020-12-30,male,T20,20,Mujeeb Ur Rahman,2020/21,club,Brisbane Cricket Ground,bbl00373,Brisbane,
6,2020-12-31,male,T20,20,JA Richardson,2020/21,club,Adelaide Oval,bbl00374,Adelaide,
6,2021-01-01,male,T20,20,AD Hales,2020/21,club,Carrara Oval,bbl00375,Carrara,
6,2021-01-02,male,T20,20,MT Steketee,2020/21,club,Brisbane Cricket Ground,bbl00376,Brisbane,{'Brisbane Heat': 'SD Heazlett'}
6,2021-01-02,male,T20,20,SM Boland,2020/21,club,Bellerive Oval,bbl00377,Hobart,{'Melbourne Stars': 'LR Morris'}
6,2021-01-03,male,T20,20,JR Philippe,2020/21,club,Carrara Oval,bbl00378,Carrara,
6,2021-01-03,male,T20,20,JP Inglis,2020/21,club,Perth Stadium,bbl00379,Perth,
6,2021-01-04,male,T20,20,MP Stoinis,2020/21,club,Bellerive Oval,bbl00380,Hobart,
6,2021-01-04,male,T20,20,JA Burns,2020/21,club,Brisbane Cricket Ground,bbl00381,Brisbane,{'Brisbane Heat': 'CA Lynn'}
6,2021-01-05,male,T20,20,RJ Gibson,2020/21,club,Adelaide Oval,bbl00382,Adelaide,
6,2021-01-06,male,T20,20,MR Marsh,2020/21,club,Perth Stadium,bbl00383,Perth,{'Sydney Sixers': 'L Pope'}
6,2021-01-07,male,T20,20,CA Lynn,2020/21,club,Carrara Oval,bbl00384,Carrara,
6,2021-01-07,male,T20,20,N McAndrew,2020/21,club,Perth Stadium,bbl00385,Perth,{'Hobart Hurricanes': 'M Wright'}
6,2021-01-08,male,T20,20,Mohammad Nabi,2020/21,club,Adelaide Oval,bbl00386,Adelaide,
6,2021-01-09,male,T20,20,JA Richardson,2020/21,club,Perth Stadium,bbl00387,Perth,
6,2021-01-10,male,T20,20,DT Christian,2020/21,club,Carrara Oval,bbl00388,Carrara,
6,2021-01-11,male,T20,20,WA Agar,2020/21,club,Adelaide Oval,bbl00389,Adelaide,
6,2021-01-12,male,T20,20,JJ Roy,2020/21,club,Perth Stadium,bbl00390,Perth,{'Perth Scorchers': 'KR Patterson'}
6,2021-01-13,male,T20,20,SNJ O'Keefe,2020/21,club,Manuka Oval,bbl00391,Canberra,
6,2021-01-14,male,T20,20,JA Burns,2020/21,club,Manuka Oval,bbl00392,Canberra,{'Brisbane Heat': 'M Morkel'}
6,2021-01-15,male,T20,20,ADS Fletcher,2020/21,club,Melbourne Cricket Ground,bbl00393,Melbourne,
6,2021-01-16,male,T20,20,JR Philippe,2020/21,club,Manuka Oval,bbl00394,Canberra,
6,2021-01-17,male,T20,20,LC Hatcher,2020/21,club,Melbourne Cricket Ground,bbl00395,Melbourne,
6,2021-01-18,male,T20,20,BR McDermott,2020/21,club,Manuka Oval,bbl00396,Canberra,
6,2021-01-19,male,T20,20,C Munro,2020/21,club,Docklands Stadium,bbl00397,Melbourne,{'Brisbane Heat': 'JJ Bazley'}
6,2021-01-20,male,T20,20,MW Harvey,2020/21,club,Docklands Stadium,bbl00398,Melbourne,
6,2021-01-21,male,T20,20,AT Carey,2020/21,club,Adelaide Oval,bbl00399,Adelaide,{'Brisbane Heat': 'M Bryant'}
6,2021-01-22,male,T20,20,JA Richardson,2020/21,club,Docklands Stadium,bbl00400,Melbourne,
6,2021-01-22,male,T20,20,AD Hales,2020/21,club,Adelaide Oval,bbl00401,Adelaide,
6,2021-01-23,male,T20,20,M Labuschagne,2020/21,club,Docklands Stadium,bbl00402,Melbourne,
6,2021-01-23,male,T20,20,JJ Roy,2020/21,club,Melbourne Cricket Ground,bbl00403,Melbourne,
6,2021-01-24,male,T20,20,MS Wade,2020/21,club,Melbourne Cricket Ground,bbl00404,Melbourne,{'Hobart Hurricanes': 'TH David'}
6,2021-01-24,male,T20,20,PM Siddle,2020/21,club,Adelaide Oval,bbl00405,Adelaide,{'Sydney Thunder': 'AI Ross'}
6,2021-01-25,male,T20,20,AD Hales,2020/21,club,Adelaide Oval,bbl00406,Adelaide,
6,2021-01-26,male,T20,20,M Labuschagne,2020/21,club,Adelaide Oval,bbl00407,Adelaide,{'Brisbane Heat': 'JD Wildermuth'}
6,2021-01-26,male,T20,20,BJ Dwarshuis,2020/21,club,Melbourne Cricket Ground,bbl00408,Melbourne,{'Sydney Sixers': 'JT Ball'}
6,2021-01-26,male,T20,20,Z Evans,2020/21,club,Melbourne Cricket Ground,bbl00409,Melbourne,{'Hobart Hurricanes': 'TH David'}
6,2021-01-29,male,T20,20,JJ Peirson,2020/21,club,Brisbane Cricket Ground,bbl00410,Brisbane,"{'Adelaide Strikers': 'JW Wells', 'Brisbane Heat': 'M Morkel'}"
6,2021-01-30,male,T20,20,JM Vince,2020/21,club,Manuka Oval,bbl00411,Canberra,
6,2021-01-31,male,T20,20,SD Heazlett,2020/21,club,Manuka Oval,bbl00412,Canberra,{'Brisbane Heat': 'M Morkel'}
6,2021-02-04,male,T20,20,LS Livingstone,2020/21,club,Manuka Oval,bbl00413,Canberra,{'Brisbane Heat': 'M Morkel'}
6,2021-02-06,male,T20,20,JM Vince,2020/21,club,Sydney Cricket Ground,bbl00414,Sydney,
6,2021-12-05,male,T20,20,JR Philippe,2021/22,club,Sydney Cricket Ground,bbl00415,Sydney,
6,2021-12-06,male,T20,20,AI Ross,2021/22,club,"Manuka Oval, Canberra",bbl00416,Canberra,
6,2021-12-07,male,T20,20,Zahir Khan,2021/22,club,"Docklands Stadium, Melbourne",bbl00417,Melbourne,
6,2021-12-08,male,T20,20,MC Henriques,2021/22,club,"Aurora Stadium, Launceston",bbl00418,Launceston,
6,2021-12-08,male,T20,20,M Kelly,2021/22,club,Perth Stadium,bbl00419,Perth,
6,2021-12-09,male,T20,20,WA Agar,2021/22,club,Adelaide Oval,bbl00420,Adelaide,
6,2021-12-10,male,T20,20,NCR Larkin,2021/22,club,Melbourne Cricket Ground,bbl00421,Melbourne,
6,2021-12-11,male,T20,20,MS Wade,2021/22,club,Sydney Cricket Ground,bbl00422,Sydney,{'Hobart Hurricanes': 'J Kann'}
6,2021-12-11,male,T20,20,C Munro,2021/22,club,Sydney Showground Stadium,bbl00423,Sydney,{'Adelaide Strikers': 'L Scott'}
6,2021-12-12,male,T20,20,AD Russell,2021/22,club,Sydney Showground Stadium,bbl00424,Sydney,
6,2021-12-13,male,T20,20,JJ Bazley,2021/22,club,Carrara Oval,bbl00425,Carrara,
6,2021-12-14,male,T20,20,MR Marsh,2021/22,club,"Bellerive Oval, Hobart",bbl00426,Hobart,
6,2021-12-15,male,T20,20,JR Philippe,2021/22,club,Melbourne Cricket Ground,bbl00427,Melbourne,{'Sydney Sixers': 'H Kerr'}
6,2021-12-19,male,T20,20,S Mahmood,2021/22,club,"Brisbane Cricket Ground, Woolloongabba, Brisbane",bbl00428,Brisbane,{'Brisbane Heat': 'TLW Cooper'}
6,2021-12-20,male,T20,20,KR Patterson,2021/22,club,"Bellerive Oval, Hobart",bbl00429,Hobart,{'Hobart Hurricanes': 'JA Thompson'}
6,2021-12-21,male,T20,20,SA Abbott,2021/22,club,Sydney Cricket Ground,bbl00430,Sydney,
6,2021-12-22,male,T20,20,MR Marsh,2021/22,club,"Docklands Stadium, Melbourne",bbl00431,Melbourne,
6,2021-12-23,male,T20,20,BM Duckett,2021/22,club,Adelaide Oval,bbl00432,Adelaide,
6,2021-12-24,male,T20,20,NT Ellis,2021/22,club,"Bellerive Oval, Hobart",bbl00433,Hobart,
6,2021-12-26,male,T20,20,DT Christian,2021/22,club,Sydney Showground Stadium,bbl00434,Sydney,{'Sydney Sixers': 'MW Edwards'}
6,2021-12-26,male,T20,20,MR Marsh,2021/22,club,"Docklands Stadium, Melbourne",bbl00435,Melbourne,
6,2021-12-27,male,T20,20,BR McDermott,2021/22,club,"Bellerive Oval, Hobart",bbl00436,Hobart,
6,2021-12-27,male,T20,20,JM Clarke,2021/22,club,"Brisbane Cricket Ground, Woolloongabba, Brisbane",bbl00437,Brisbane,
6,2021-12-28,male,T20,20,SW Billings,2021/22,club,"Manuka Oval, Canberra",bbl00438,Canberra,{'Perth Scorchers': 'LR Morris'}
6,2021-12-29,male,T20,20,SA Abbott,2021/22,club,Sydney Cricket Ground,bbl00439,Sydney,{'Brisbane Heat': 'JD Wildermuth'}
6,2021-12-29,male,T20,20,BR McDermott,2021/22,club,"Docklands Stadium, Melbourne",bbl00440,Melbourne,
6,2021-12-31,male,T20,20,JJS Sangha,2021/22,club,Adelaide Oval,bbl00441,Adelaide,
6,2022-01-01,male,T20,20,XC Bartlett,2021/22,club,"Bellerive Oval, Hobart",bbl00442,Hobart,{'Brisbane Heat': 'JD Wildermuth'}
6,2022-01-02,male,T20,20,P Hatzoglou,2021/22,club,"Junction Oval, Melbourne",bbl00443,Melbourne,
6,2022-01-02,male,T20,20,M Gilkes,2021/22,club,Sydney Showground Stadium,bbl00444,Sydney,
6,2022-01-03,male,T20,20,KW Richardson,2021/22,club,Melbourne Cricket Ground,bbl00445,Melbourne,{'Melbourne Renegades': 'J Seymour'}
6,2022-01-04,male,T20,20,AM Hardie,2021/22,club,Carrara Oval,bbl00446,Carrara,
6,2022-01-05,male,T20,20,MW Short,2021/22,club,Adelaide Oval,bbl00447,Adelaide,{'Hobart Hurricanes': 'M Wright'}
6,2022-01-06,male,T20,20,GS Sandhu,2021/22,club,Carrara Oval,bbl00448,Carrara,
6,2022-01-06,male,T20,20,SE Marsh,2021/22,club,"GMHBA Stadium, South Geelong, Victoria",bbl00449,Geelong,{'Melbourne Renegades': 'Mohammad Nabi'}
6,2022-01-08,male,T20,20,DR Sams,2021/22,club,"Docklands Stadium, Melbourne",bbl00450,Melbourne,
6,2022-01-08,male,T20,20,BR McDermott,2021/22,club,"Brisbane Cricket Ground, Woolloongabba, Brisbane",bbl00451,Brisbane,
6,2022-01-09,male,T20,20,AJ Turner,2021/22,club,"International Sports Stadium, Coffs Harbour",bbl00452,Coffs Harbour,
6,2022-01-10,male,T20,20,JM Clarke,2021/22,club,Melbourne Cricket Ground,bbl00453,Melbourne,
6,2022-01-10,male,T20,20,AD Hales,2021/22,club,Melbourne Cricket Ground,bbl00454,Melbourne,
6,2022-01-11,male,T20,20,LJ Evans,2021/22,club,"GMHBA Stadium, South Geelong, Victoria",bbl00455,Geelong,{'Melbourne Stars': 'CD Hinchliffe'}
6,2022-01-11,male,T20,20,BJ Dwarshuis,2021/22,club,"GMHBA Stadium, South Geelong, Victoria",bbl00456,Geelong,
6,2022-01-12,male,T20,20,Rashid Khan,2021/22,club,"Brisbane Cricket Ground, Woolloongabba, Brisbane",bbl00457,Brisbane,
6,2022-01-13,male,T20,20,RP Meredith,2021/22,club,"Docklands Stadium, Melbourne",bbl00458,Melbourne,{'Hobart Hurricanes': 'MJ Owen'}
6,2022-01-13,male,T20,20,GJ Maxwell,2021/22,club,"Docklands Stadium, Melbourne",bbl00459,Melbourne,
6,2022-01-14,male,T20,20,Fawad Ahmed,2021/22,club,Adelaide Oval,bbl00460,Adelaide,
6,2022-01-15,male,T20,20,HTRY Thornton,2021/22,club,Adelaide Oval,bbl00461,Adelaide,
6,2022-01-15,male,T20,20,SNJ O'Keefe,2021/22,club,Sydney Cricket Ground,bbl00462,Sydney,
6,2022-01-16,male,T20,20,GJ Maxwell,2021/22,club,Melbourne Cricket Ground,bbl00463,Melbourne,{'Melbourne Stars': 'NCR Larkin'}
6,2022-01-17,male,T20,20,MR Marsh,2021/22,club,"Docklands Stadium, Melbourne",bbl00464,Melbourne,
6,2022-01-17,male,T20,20,IA Cockbain,2021/22,club,Adelaide Oval,bbl00465,Adelaide,
6,2022-01-18,male,T20,20,AJ Finch,2021/22,club,"Docklands Stadium, Melbourne",bbl00466,Melbourne,
6,2022-01-19,male,T20,20,GJ Maxwell,2021/22,club,Melbourne Cricket Ground,bbl00467,Melbourne,{'Hobart Hurricanes': 'JA Thompson'}
6,2022-01-19,male,T20,20,DP Hughes,2021/22,club,"Brisbane Cricket Ground, Woolloongabba, Brisbane",bbl00468,Brisbane,
6,2022-01-19,male,T20,20,CJ Boyce,2021/22,club,Melbourne Cricket Ground,bbl00469,Melbourne,
6,2022-01-21,male,T20,20,MW Short,2021/22,club,Melbourne Cricket Ground,bbl00470,Melbourne,
6,2022-01-22,male,T20,20,JP Inglis,2021/22,club,"Docklands Stadium, Melbourne",bbl00471,Melbourne,
6,2022-01-23,male,T20,20,IA Cockbain,2021/22,club,Melbourne Cricket Ground,bbl00472,Melbourne,
6,2022-01-26,male,T20,20,H Kerr,2021/22,club,Sydney Cricket Ground,bbl00473,Sydney,
6,2022-01-28,male,T20,20,LJ Evans,2021/22,club,"Docklands Stadium, Melbourne",bbl00474,Melbourne,{'Sydney Sixers': 'J Avendano'}
6,2022-12-13,male,T20,20,GS Sandhu,2022/23,club,"Manuka Oval, Canberra",bbl00475,Canberra,
6,2022-12-14,male,T20,20,MW Short,2022/23,club,Adelaide Oval,bbl00476,Adelaide,
6,2022-12-15,male,T20,20,NJ Maddinson,2022/23,club,"Cazaly's Stadium, Cairns",bbl00477,Cairns,
6,2022-12-16,male,T20,20,HTRY Thornton,2022/23,club,Sydney Showground Stadium,bbl00478,Sydney,
6,2022-12-16,male,T20,20,JM Clarke,2022/23,club,Melbourne Cricket Ground,bbl00479,Melbourne,
6,2022-12-17,male,T20,20,JA Richardson,2022/23,club,Perth Stadium,bbl00480,Perth,
6,2022-12-18,male,T20,20,AJ Finch,2022/23,club,"Docklands Stadium, Melbourne",bbl00481,Melbourne,
6,2022-12-19,male,T20,20,PG Dooley,2022/23,club,"University of Tasmania Stadium, Launceston",bbl00482,Launceston,
6,2022-12-20,male,T20,20,MW Short,2022/23,club,Adelaide Oval,bbl00483,Adelaide,
6,2022-12-21,male,T20,20,AD Russell,2022/23,club,"GMHBA Stadium, South Geelong, Victoria",bbl00484,Geelong,
6,2022-12-22,male,T20,20,JR Philippe,2022/23,club,Sydney Cricket Ground,bbl00485,Sydney,
6,2022-12-23,male,T20,20,SW Billings,2022/23,club,"Brisbane Cricket Ground, Woolloongabba, Brisbane",bbl00486,Brisbane,
6,2022-12-23,male,T20,20,JP Inglis,2022/23,club,"Junction Oval, Melbourne",bbl00487,Melbourne,
6,2022-12-24,male,T20,20,RP Meredith,2022/23,club,"Bellerive Oval, Hobart",bbl00488,Hobart,
6,2022-12-26,male,T20,20,AJ Turner,2022/23,club,Perth Stadium,bbl00489,Perth,
6,2022-12-26,male,T20,20,MC Henriques,2022/23,club,Sydney Cricket Ground,bbl00490,Sydney,
6,2022-12-27,male,T20,20,M Gilkes,2022/23,club,Sydney Showground Stadium,bbl00491,Sydney,
6,2022-12-28,male,T20,20,BJ Dwarshuis,2022/23,club,Sydney Cricket Ground,bbl00492,Sydney,
6,2022-12-29,male,T20,20,DR Sams,2022/23,club,Carrara Oval,bbl00493,Carrara,
6,2022-12-29,male,T20,20,JA Richardson,2022/23,club,Perth Stadium,bbl00494,Perth,
6,2022-12-30,male,T20,20,CJ Jordan,2022/23,club,"GMHBA Stadium, South Geelong, Victoria",bbl00495,Geelong,
6,2022-12-31,male,T20,20,MP Stoinis,2022/23,club,Adelaide Oval,bbl00496,Adelaide,
6,2022-12-31,male,T20,20,O Davies,2022/23,club,"Lavington Sports Oval, Albury",bbl00497,Albury,
6,2023-01-01,male,T20,20,AJ Tye,2022/23,club,"Docklands Stadium, Melbourne",bbl00498,Melbourne,
6,2023-01-01,male,T20,20,J Brown,2022/23,club,"Brisbane Cricket Ground, Woolloongabba, Brisbane",bbl00499,Brisbane,
6,2023-01-02,male,T20,20,CP Jewell,2022/23,club,"Bellerive Oval, Hobart",bbl00500,Hobart,
6,2023-01-03,male,T20,20,TS Rogers,2022/23,club,Melbourne Cricket Ground,bbl00501,Melbourne,
6,2023-01-04,male,T20,20,O Davies,2022/23,club,Perth Stadium,bbl00502,Perth,
6,2023-01-04,male,T20,20,,2022/23,club,"North Sydney Oval, Sydney",bbl00503,Sydney,
6,2023-01-05,male,T20,20,MW Short,2022/23,club,Adelaide Oval,bbl00504,Adelaide,
6,2023-01-06,male,T20,20,JM Vince,2022/23,club,Melbourne Cricket Ground,bbl00505,Melbourne,
6,2023-01-07,male,T20,20,SB Harper,2022/23,club,"Docklands Stadium, Melbourne",bbl00506,Melbourne,
6,2023-01-07,male,T20,20,CT Bancroft,2022/23,club,Perth Stadium,bbl00507,Perth,
6,2023-01-08,male,T20,20,SA Abbott,2022/23,club,Sydney Showground Stadium,bbl00508,Sydney,
6,2023-01-09,male,T20,20,NT Ellis,2022/23,club,"Bellerive Oval, Hobart",bbl00509,Hobart,
6,2023-01-10,male,T20,20,CA Lynn,2022/23,club,Adelaide Oval,bbl00510,Adelaide,
6,2023-01-11,male,T20,20,JP Behrendorff,2022/23,club,"Brisbane Cricket Ground, Woolloongabba, Brisbane",bbl00511,Brisbane,
6,2023-01-12,male,T20,20,LC Hatcher,2022/23,club,Melbourne Cricket Ground,bbl00512,Melbourne,
6,2023-01-13,male,T20,20,AJ Tye,2022/23,club,Sydney Showground Stadium,bbl00513,Sydney,
6,2023-01-14,male,T20,20,MP Kuhnemann,2022/23,club,Adelaide Oval,bbl00514,Adelaide,
6,2023-01-14,male,T20,20,KW Richardson,2022/23,club,"Docklands Stadium, Melbourne",bbl00515,Melbourne,
6,2023-01-15,male,T20,20,SA Abbott,2022/23,club,Sydney Cricket Ground,bbl00516,Sydney,
6,2023-01-15,male,T20,20,NT Ellis,2022/23,club,"Bellerive Oval, Hobart",bbl00517,Hobart,
6,2023-01-16,male,T20,20,MT Renshaw,2022/23,club,Melbourne Cricket Ground,bbl00518,Melbourne,
6,2023-01-17,male,T20,20,SPD Smith,2022/23,club,"International Sports Stadium, Coffs Harbour",bbl00519,Coffs Harbour,
6,2023-01-18,male,T20,20,AM Hardie,2022/23,club,Perth Stadium,bbl00520,Perth,
6,2023-01-19,male,T20,20,M Gilkes,2022/23,club,"Manuka Oval, Canberra",bbl00521,Canberra,
6,2023-01-20,male,T20,20,MG Neser,2022/23,club,"Brisbane Cricket Ground, Woolloongabba, Brisbane",bbl00522,Brisbane,
6,2023-01-20,male,T20,20,DA Payne,2022/23,club,Adelaide Oval,bbl00523,Adelaide,
6,2023-01-21,male,T20,20,SPD Smith,2022/23,club,Sydney Cricket Ground,bbl00524,Sydney,
6,2023-01-22,male,T20,20,CT Bancroft,2022/23,club,Perth Stadium,bbl00525,Perth,
6,2023-01-22,male,T20,20,SR Hain,2022/23,club,"Brisbane Cricket Ground, Woolloongabba, Brisbane",bbl00526,Brisbane,
6,2023-01-23,male,T20,20,SPD Smith,2022/23,club,"Bellerive Oval, Hobart",bbl00527,Hobart,
6,2023-01-24,male,T20,20,AJ Finch,2022/23,club,"Docklands Stadium, Melbourne",bbl00528,Melbourne,
6,2023-01-25,male,T20,20,NT Ellis,2022/23,club,"University of Tasmania Stadium, Launceston",bbl00529,Launceston,
6,2023-01-25,male,T20,20,CJ Green,2022/23,club,Melbourne Cricket Ground,bbl00530,Melbourne,
6,2023-01-27,male,T20,20,UT Khawaja,2022/23,club,Sydney Showground Stadium,bbl00531,Sydney,
6,2023-01-28,male,T20,20,AJ Turner,2022/23,club,Perth Stadium,bbl00532,Perth,
6,2023-01-29,male,T20,20,XC Bartlett,2022/23,club,"Docklands Stadium, Melbourne",bbl00533,Melbourne,
6,2023-02-02,male,T20,20,MG Neser,2022/23,club,Sydney Cricket Ground,bbl00534,Sydney,
6,2023-02-04,male,T20,20,AJ Turner,2022/23,club,Perth Stadium,bbl00535,Perth,
6,2023-12-07,male,T20,20,C Munro,2023/24,club,"Brisbane Cricket Ground, Woolloongabba, Brisbane",bbl00536,Brisbane,
6,2023-12-08,male,T20,20,SPD Smith,2023/24,club,Sydney Cricket Ground,bbl00537,Sydney,
6,2023-12-10,male,T20,20,,2023/24,club,"GMHBA Stadium, South Geelong, Victoria",bbl00538,Geelong,
6,2023-12-11,male,T20,20,DP Hughes,2023/24,club,"University of Tasmania Stadium, Launceston",bbl00539,Launceston,
6,2023-12-12,male,T20,20,MJ Swepson,2023/24,club,"Manuka Oval, Canberra",bbl00540,Canberra,
6,2023-12-13,male,T20,20,H McKenzie,2023/24,club,Melbourne Cricket Ground,bbl00541,Melbourne,
6,2023-12-19,male,T20,20,MW Short,2023/24,club,Adelaide Oval,bbl00542,Adelaide,
6,2023-12-20,male,T20,20,JP Behrendorff,2023/24,club,Perth Stadium,bbl00543,Perth,
6,2023-12-21,male,T20,20,PI Walter,2023/24,club,"Docklands Stadium, Melbourne",bbl00544,Melbourne,
6,2023-12-22,male,T20,20,JC Silk,2023/24,club,Sydney Cricket Ground,bbl00545,Sydney,
6,2023-12-23,male,T20,20,Zaman Khan,2023/24,club,"Lavington Sports Oval, Albury",bbl00546,Albury,
6,2023-12-23,male,T20,20,MS Wade,2023/24,club,"Bellerive Oval, Hobart",bbl00547,Hobart,
6,2023-12-26,male,T20,20,HWR Cartwright,2023/24,club,Sydney Cricket Ground,bbl00548,Sydney,
6,2023-12-26,male,T20,20,JP Inglis,2023/24,club,Perth Stadium,bbl00549,Perth,
6,2023-12-27,male,T20,20,NA McSweeney,2023/24,club,"Brisbane Cricket Ground, Woolloongabba, Brisbane",bbl00550,Brisbane,
6,2023-12-28,male,T20,20,GJ Maxwell,2023/24,club,"Bellerive Oval, Hobart",bbl00551,Hobart,
6,2023-12-29,male,T20,20,J Fraser-McGurk,2023/24,club,"Docklands Stadium, Melbourne",bbl00552,Melbourne,
6,2023-12-30,male,T20,20,,2023/24,club,Sydney Showground Stadium,bbl00553,Sydney,
6,2023-12-31,male,T20,20,MP Stoinis,2023/24,club,Adelaide Oval,bbl00554,Adelaide,
6,2024-01-01,male,T20,20,CJ Jordan,2023/24,club,"Bellerive Oval, Hobart",bbl00555,Hobart,
6,2024-01-02,male,T20,20,GJ Maxwell,2023/24,club,Melbourne Cricket Ground,bbl00556,Melbourne,
6,2024-01-03,male,T20,20,PI Walter,2023/24,club,"International Sports Stadium, Coffs Harbour",bbl00557,Coffs Harbour,
6,2024-01-03,male,T20,20,LJ Evans,2023/24,club,Perth Stadium,bbl00558,Perth,
6,2024-01-04,male,T20,20,SR Hain,2023/24,club,"Docklands Stadium, Melbourne",bbl00559,Melbourne,
6,2024-01-05,male,T20,20,MW Short,2023/24,club,Adelaide Oval,bbl00560,Adelaide,
6,2024-01-06,male,T20,20,JM Vince,2023/24,club,Melbourne Cricket Ground,bbl00561,Melbourne,
6,2024-01-07,male,T20,20,XC Bartlett,2023/24,club,"Brisbane Cricket Ground, Woolloongabba, Brisbane",bbl00562,Brisbane,
6,2024-01-08,male,T20,20,AC Agar,2023/24,club,Sydney Showground Stadium,bbl00563,Sydney,
6,2024-01-09,male,T20,20,CJ Boyce,2023/24,club,Adelaide Oval,bbl00564,Adelaide,
6,2024-01-10,male,T20,20,MG Neser,2023/24,club,"Brisbane Cricket Ground, Woolloongabba, Brisbane",bbl00565,Brisbane,
6,2024-01-11,male,T20,20,J Weatherald,2023/24,club,"Bellerive Oval, Hobart",bbl00566,Hobart,
6,2024-01-12,male,T20,20,SNJ O'Keefe,2023/24,club,Sydney Cricket Ground,bbl00567,Sydney,
6,2024-01-13,male,T20,20,NR Hobson,2023/24,club,Perth Stadium,bbl00568,Perth,
6,2024-01-13,male,T20,20,SE Marsh,2023/24,club,"Docklands Stadium, Melbourne",bbl00569,Melbourne,
6,2024-01-14,male,T20,20,L Pope,2023/24,club,"Manuka Oval, Canberra",bbl00570,Canberra,
6,2024-01-15,male,T20,20,NT Ellis,2023/24,club,Melbourne Cricket Ground,bbl00571,Melbourne,
6,2024-01-16,male,T20,20,DP Hughes,2023/24,club,Perth Stadium,bbl00572,Perth,
6,2024-01-19,male,T20,20,BJ Dwarshuis,2023/24,club,Carrara Oval,bbl00573,Carrara,
6,2024-01-20,male,T20,20,L Pope,2023/24,club,Perth Stadium,bbl00574,Perth,
6,2024-01-22,male,T20,20,J Brown,2023/24,club,Carrara Oval,bbl00575,Carrara,
6,2024-01-24,male,T20,20,SH Johnson,2023/24,club,Sydney Cricket Ground,bbl00576,Sydney,
6,2024-12-15,male,T20,20,JA Richardson,2024/25,club,Perth Stadium,bbl00577,Perth,
6,2024-12-16,male,T20,20,MC Henriques,2024/25,club,Sydney Cricket Ground,bbl00578,Sydney,
6,2024-12-17,male,T20,20,DR Sams,2024/25,club,"Manuka Oval, Canberra",bbl00579,Canberra,
6,2024-12-18,male,T20,20,JJ Peirson,2024/25,club,Melbourne Cricket Ground,bbl00580,Melbourne,
6,2024-12-19,male,T20,20,TS Rogers,2024/25,club,"GMHBA Stadium, South Geelong, Victoria",bbl00581,Geelong,
6,2024-12-20,male,T20,20,L Pope,2024/25,club,Adelaide Oval,bbl00582,Adelaide,
6,2024-12-21,male,T20,20,MJ Owen,2024/25,club,"Bellerive Oval, Hobart",bbl00583,Hobart,
6,2024-12-21,male,T20,20,BJ Dwarshuis,2024/25,club,Sydney Showground Stadium,bbl00584,Sydney,
6,2024-12-22,male,T20,20,NA McSweeney,2024/25,club,"Brisbane Cricket Ground, Woolloongabba, Brisbane",bbl00585,Brisbane,
6,2024-12-23,male,T20,20,TS Rogers,2024/25,club,"Docklands Stadium, Melbourne",bbl00586,Melbourne,
6,2024-12-26,male,T20,20,JM Vince,2024/25,club,Sydney Cricket Ground,bbl00587,Sydney,
6,2024-12-26,male,T20,20,NR Hobson,2024/25,club,Perth Stadium,bbl00588,Perth,
6,2024-12-27,male,T20,20,BR McDermott,2024/25,club,Adelaide Oval,bbl00589,Adelaide,
6,2024-12-28,male,T20,20,SW Billings,2024/25,club,"Manuka Oval, Canberra",bbl00590,Canberra,
6,2024-12-29,male,T20,20,BJ Dwarshuis,2024/25,club,"Brisbane Cricket Ground, Woolloongabba, Brisbane",bbl00591,Brisbane,
6,2024-12-30,male,T20,20,DA Warner,2024/25,club,Sydney Showground Stadium,bbl00592,Sydney,
6,2024-12-31,male,T20,20,C Connolly,2024/25,club,Adelaide Oval,bbl00593,Adelaide,
6,2025-01-01,male,T20,20,Nikhil Chaudhary,2024/25,club,"Bellerive Oval, Hobart",bbl00594,Hobart,
6,2025-01-01,male,T20,20,MP Stoinis,2024/25,club,"Brisbane Cricket Ground, Woolloongabba, Brisbane",bbl00595,Brisbane,
6,2025-01-02,male,T20,20,CA Lynn,2024/25,club,"Docklands Stadium, Melbourne",bbl00596,Melbourne,
6,2025-01-03,male,T20,20,SE Rutherford,2024/25,club,Perth Stadium,bbl00597,Perth,
6,2025-01-04,male,T20,20,BM Duckett,2024/25,club,Melbourne Cricket Ground,bbl00598,Melbourne,
6,2025-01-05,male,T20,20,TH David,2024/25,club,"Bellerive Oval, Hobart",bbl00599,Hobart,
6,2025-01-06,male,T20,20,M Bryant,2024/25,club,"Brisbane Cricket Ground, Woolloongabba, Brisbane",bbl00600,Brisbane,
6,2025-01-07,male,T20,20,TS Rogers,2024/25,club,Perth Stadium,bbl00601,Perth,
6,2025-01-09,male,T20,20,GJ Maxwell,2024/25,club,Melbourne Cricket Ground,bbl00602,Melbourne,
6,2025-01-10,male,T20,20,TH David,2024/25,club,"Bellerive Oval, Hobart",bbl00603,Hobart,
6,2025-01-11,male,T20,20,SPD Smith,2024/25,club,Sydney Cricket Ground,bbl00604,Sydney,
6,2025-01-11,male,T20,20,MW Short,2024/25,club,Adelaide Oval,bbl00605,Adelaide,
6,2025-01-12,male,T20,20,GJ Maxwell,2024/25,club,"Docklands Stadium, Melbourne",bbl00606,Melbourne,
6,2025-01-13,male,T20,20,TD Andrews,2024/25,club,Sydney Showground Stadium,bbl00607,Sydney,
6,2025-01-14,male,T20,20,JG Bethell,2024/25,club,"Bellerive Oval, Hobart",bbl00608,Hobart,
6,2025-01-15,male,T20,20,SPD Smith,2024/25,club,Adelaide Oval,bbl00609,Adelaide,
6,2025-01-16,male,T20,20,CP Jewell,2024/25,club,"Brisbane Cricket Ground, Woolloongabba, Brisbane",bbl00610,Brisbane,
6,2025-01-17,male,T20,20,,2024/25,club,Sydney Cricket Ground,bbl00611,Sydney,
6,2025-01-18,male,T20,20,JP Behrendorff,2024/25,club,Perth Stadium,bbl00612,Perth,
6,2025-01-18,male,T20,20,J Fraser-McGurk,2024/25,club,"Docklands Stadium, Melbourne",bbl00613,Melbourne,
6,2025-01-19,male,T20,20,GJ Maxwell,2024/25,club,Melbourne Cricket Ground,bbl00614,Melbourne,
6,2025-01-21,male,T20,20,RP Meredith,2024/25,club,"Bellerive Oval, Hobart",bbl00615,Hobart,
6,2025-01-22,male,T20,20,N McAndrew,2024/25,club,Sydney Showground Stadium,bbl00616,Sydney,
6,2025-01-24,male,T20,20,SW Billings,2024/25,club,Sydney Cricket Ground,bbl00617,Sydney,
6,2025-01-27,male,T20,20,MJ Owen,2024/25,club,"Bellerive Oval, Hobart",bbl00618,Hobart,
