team,name,key,batting_position
Paarl Royals,WJ Lubbe,sat00001,1.0
Paarl Royals,JC Buttler,sat00001,2.0
Paarl Royals,JJ Roy,sat00001,3.0
Paarl Royals,DJ Vilas,sat00001,4.0
Paarl Royals,DA Miller,sat00001,5.0
Paarl Royals,EJG Morgan,sat00001,6.0
Paarl Royals,FD Adams,sat00001,7.0
Paarl Royals,BC Fortuin,sat00001,8.0
Paarl Royals,RR Simmonds,sat00001,
Paarl Royals,Codi Yusuf,sat00001,
Paarl Royals,T Shamsi,sat00001,
MI Cape Town,D Brevis,sat00001,1.0
MI Cape Town,RD Rickelton,sat00001,2.0
MI Cape Town,SM Curran,sat00001,3.0
MI Cape Town,HE van der Dussen,sat00001,4.0
MI Cape Town,G Roelofsen,sat00001,
MI Cape Town,D Potgieter,sat00001,
MI Cape Town,GF Linde,sat00001,
MI Cape Town,Rashid Khan,sat00001,
MI Cape Town,D Jansen,sat00001,
MI Cape Town,OP Stone,sat00001,
MI Cape Town,JC Archer,sat00001,
Joburg Super Kings,JN Malan,sat00002,1.0
Joburg Super Kings,RR Hendricks,sat00002,2.0
Joburg Super Kings,F du Plessis,sat00002,3.0
Joburg Super Kings,K Verreynne,sat00002,4.0
Joburg Super Kings,L Gregory,sat00002,5.0
Joburg Super Kings,D Ferreira,sat00002,6.0
Joburg Super Kings,R Shepherd,sat00002,7.0
Joburg Super Kings,GHS Garton,sat00002,8.0
Joburg Super Kings,AS Joseph,sat00002,
Joburg Super Kings,MP Siboto,sat00002,
Joburg Super Kings,AM Phangiso,sat00002,
Durban's Super Giants,KR Mayers,sat00002,1.0
Durban's Super Giants,Q de Kock,sat00002,2.0
Durban's Super Giants,H Klaasen,sat00002,3.0
Durban's Super Giants,PWA Mulder,sat00002,4.0
Durban's Super Giants,JO Holder,sat00002,5.0
Durban's Super Giants,D Pretorius,sat00002,6.0
Durban's Super Giants,KMA Paul,sat00002,7.0
Durban's Super Giants,MP Breetzke,sat00002,
Durban's Super Giants,P Subrayen,sat00002,
Durban's Super Giants,KA Maharaj,sat00002,
Durban's Super Giants,A Dananjaya,sat00002,
Pretoria Capitals,PD Salt,sat00003,1.0
Pretoria Capitals,WG Jacks,sat00003,2.0
Pretoria Capitals,RR Rossouw,sat00003,3.0
Pretoria Capitals,TB de Bruyn,sat00003,4.0
Pretoria Capitals,S Muthusamy,sat00003,5.0
Pretoria Capitals,S Dadswell,sat00003,6.0
Pretoria Capitals,JDS Neesham,sat00003,7.0
Pretoria Capitals,WD Parnell,sat00003,8.0
Pretoria Capitals,E Bosch,sat00003,
Pretoria Capitals,AU Rashid,sat00003,
Pretoria Capitals,A Nortje,sat00003,
Sunrisers Eastern Cape,JT Smuts,sat00003,1.0
Sunrisers Eastern Cape,SJ Erwee,sat00003,2.0
Sunrisers Eastern Cape,JM Cox,sat00003,3.0
Sunrisers Eastern Cape,AK Markram,sat00003,4.0
Sunrisers Eastern Cape,T Stubbs,sat00003,5.0
Sunrisers Eastern Cape,TB Abell,sat00003,6.0
Sunrisers Eastern Cape,JK Fuller,sat00003,7.0
Sunrisers Eastern Cape,M Jansen,sat00003,
Sunrisers Eastern Cape,SSB Magala,sat00003,
Sunrisers Eastern Cape,MS Crane,sat00003,
Sunrisers Eastern Cape,OEG Baartman,sat00003,
Joburg Super Kings,JN Malan,sat00004,1.0
Joburg Super Kings,RR Hendricks,sat00004,2.0
Joburg Super Kings,F du Plessis,sat00004,3.0
Joburg Super Kings,K Verreynne,sat00004,4.0
Joburg Super Kings,L Gregory,sat00004,5.0
Joburg Super Kings,D Ferreira,sat00004,6.0
Joburg Super Kings,R Shepherd,sat00004,7.0
Joburg Super Kings,GHS Garton,sat00004,8.0
Joburg Super Kings,AS Joseph,sat00004,9.0
Joburg Super Kings,LB Williams,sat00004,10.0
Joburg Super Kings,AM Phangiso,sat00004,11.0
Paarl Royals,JJ Roy,sat00004,1.0
Paarl Royals,JC Buttler,sat00004,2.0
Paarl Royals,WJ Lubbe,sat00004,3.0
Paarl Royals,DJ Vilas,sat00004,4.0
Paarl Royals,DA Miller,sat00004,5.0
Paarl Royals,EJG Morgan,sat00004,
Paarl Royals,FD Adams,sat00004,
Paarl Royals,E Jones,sat00004,
Paarl Royals,BC Fortuin,sat00004,
Paarl Royals,T Shamsi,sat00004,
Paarl Royals,L Ngidi,sat00004,
MI Cape Town,D Brevis,sat00005,1.0
MI Cape Town,RD Rickelton,sat00005,2.0
MI Cape Town,G Roelofsen,sat00005,3.0
MI Cape Town,HE van der Dussen,sat00005,4.0
MI Cape Town,SM Curran,sat00005,5.0
MI Cape Town,GF Linde,sat00005,6.0
MI Cape Town,D Jansen,sat00005,7.0
MI Cape Town,Rashid Khan,sat00005,8.0
MI Cape Town,D Potgieter,sat00005,9.0
MI Cape Town,OP Stone,sat00005,
MI Cape Town,JC Archer,sat00005,
Durban's Super Giants,KR Mayers,sat00005,1.0
Durban's Super Giants,Q de Kock,sat00005,2.0
Durban's Super Giants,PWA Mulder,sat00005,3.0
Durban's Super Giants,H Klaasen,sat00005,4.0
Durban's Super Giants,JO Holder,sat00005,5.0
Durban's Super Giants,D Pretorius,sat00005,6.0
Durban's Super Giants,KMA Paul,sat00005,7.0
Durban's Super Giants,RJW Topley,sat00005,
Durban's Super Giants,KA Maharaj,sat00005,
Durban's Super Giants,GC Viljoen,sat00005,
Durban's Super Giants,P Subrayen,sat00005,
Pretoria Capitals,PD Salt,sat00006,1.0
Pretoria Capitals,WG Jacks,sat00006,2.0
Pretoria Capitals,RR Rossouw,sat00006,3.0
Pretoria Capitals,TB de Bruyn,sat00006,4.0
Pretoria Capitals,JDS Neesham,sat00006,5.0
Pretoria Capitals,S Dadswell,sat00006,6.0
Pretoria Capitals,WD Parnell,sat00006,7.0
Pretoria Capitals,M Pretorius,sat00006,8.0
Pretoria Capitals,E Bosch,sat00006,
Pretoria Capitals,AU Rashid,sat00006,
Pretoria Capitals,A Nortje,sat00006,
Sunrisers Eastern Cape,SJ Erwee,sat00006,1.0
Sunrisers Eastern Cape,JT Smuts,sat00006,2.0
Sunrisers Eastern Cape,JM Cox,sat00006,3.0
Sunrisers Eastern Cape,AK Markram,sat00006,4.0
Sunrisers Eastern Cape,T Stubbs,sat00006,5.0
Sunrisers Eastern Cape,MJ Ackerman,sat00006,6.0
Sunrisers Eastern Cape,JK Fuller,sat00006,7.0
Sunrisers Eastern Cape,M Jansen,sat00006,8.0
Sunrisers Eastern Cape,BA Carse,sat00006,9.0
Sunrisers Eastern Cape,SSB Magala,sat00006,
Sunrisers Eastern Cape,OEG Baartman,sat00006,
Joburg Super Kings,JN Malan,sat00007,1.0
Joburg Super Kings,RR Hendricks,sat00007,2.0
Joburg Super Kings,F du Plessis,sat00007,3.0
Joburg Super Kings,K Verreynne,sat00007,4.0
Joburg Super Kings,JL du Plooy,sat00007,5.0
Joburg Super Kings,D Ferreira,sat00007,6.0
Joburg Super Kings,R Shepherd,sat00007,7.0
Joburg Super Kings,GHS Garton,sat00007,8.0
Joburg Super Kings,AS Joseph,sat00007,9.0
Joburg Super Kings,G Coetzee,sat00007,10.0
Joburg Super Kings,AM Phangiso,sat00007,11.0
MI Cape Town,D Brevis,sat00007,1.0
MI Cape Town,RD Rickelton,sat00007,2.0
MI Cape Town,HE van der Dussen,sat00007,3.0
MI Cape Town,G Roelofsen,sat00007,4.0
MI Cape Town,SM Curran,sat00007,5.0
MI Cape Town,D Potgieter,sat00007,
MI Cape Town,OF Smith,sat00007,
MI Cape Town,GF Linde,sat00007,
MI Cape Town,Rashid Khan,sat00007,
MI Cape Town,K Rabada,sat00007,
MI Cape Town,Waqar Salamkheil,sat00007,
Durban's Super Giants,KR Mayers,sat00008,1.0
Durban's Super Giants,PWA Mulder,sat00008,2.0
Durban's Super Giants,Q de Kock,sat00008,3.0
Durban's Super Giants,H Klaasen,sat00008,4.0
Durban's Super Giants,KMA Paul,sat00008,5.0
Durban's Super Giants,D Pretorius,sat00008,6.0
Durban's Super Giants,JO Holder,sat00008,
Durban's Super Giants,KA Maharaj,sat00008,
Durban's Super Giants,SR Harmer,sat00008,
Durban's Super Giants,P Subrayen,sat00008,
Durban's Super Giants,RJW Topley,sat00008,
Paarl Royals,JJ Roy,sat00008,1.0
Paarl Royals,JC Buttler,sat00008,2.0
Paarl Royals,WJ Lubbe,sat00008,3.0
Paarl Royals,DA Miller,sat00008,4.0
Paarl Royals,EJG Morgan,sat00008,5.0
Paarl Royals,DJ Vilas,sat00008,6.0
Paarl Royals,E Jones,sat00008,7.0
Paarl Royals,FD Adams,sat00008,8.0
Paarl Royals,BC Fortuin,sat00008,9.0
Paarl Royals,I Manack,sat00008,10.0
Paarl Royals,L Ngidi,sat00008,
MI Cape Town,D Brevis,sat00009,1.0
MI Cape Town,RD Rickelton,sat00009,2.0
MI Cape Town,G Roelofsen,sat00009,3.0
MI Cape Town,SM Curran,sat00009,4.0
MI Cape Town,HE van der Dussen,sat00009,5.0
MI Cape Town,GF Linde,sat00009,6.0
MI Cape Town,OF Smith,sat00009,7.0
MI Cape Town,D Potgieter,sat00009,8.0
MI Cape Town,Rashid Khan,sat00009,9.0
MI Cape Town,K Rabada,sat00009,
MI Cape Town,OP Stone,sat00009,
Sunrisers Eastern Cape,AM Rossington,sat00009,1.0
Sunrisers Eastern Cape,JT Smuts,sat00009,2.0
Sunrisers Eastern Cape,SJ Erwee,sat00009,3.0
Sunrisers Eastern Cape,AK Markram,sat00009,4.0
Sunrisers Eastern Cape,T Stubbs,sat00009,5.0
Sunrisers Eastern Cape,JM Cox,sat00009,6.0
Sunrisers Eastern Cape,M Jansen,sat00009,7.0
Sunrisers Eastern Cape,JK Fuller,sat00009,8.0
Sunrisers Eastern Cape,RE van der Merwe,sat00009,
Sunrisers Eastern Cape,SSB Magala,sat00009,
Sunrisers Eastern Cape,OEG Baartman,sat00009,
Paarl Royals,JJ Roy,sat00010,1.0
Paarl Royals,JC Buttler,sat00010,2.0
Paarl Royals,WJ Lubbe,sat00010,3.0
Paarl Royals,DJ Vilas,sat00010,4.0
Paarl Royals,DA Miller,sat00010,5.0
Paarl Royals,EJG Morgan,sat00010,6.0
Paarl Royals,E Jones,sat00010,7.0
Paarl Royals,FD Adams,sat00010,8.0
Paarl Royals,BC Fortuin,sat00010,
Paarl Royals,L Ngidi,sat00010,
Paarl Royals,T Shamsi,sat00010,
Durban's Super Giants,KR Mayers,sat00010,1.0
Durban's Super Giants,PWA Mulder,sat00010,2.0
Durban's Super Giants,Q de Kock,sat00010,3.0
Durban's Super Giants,D Pretorius,sat00010,4.0
Durban's Super Giants,H Klaasen,sat00010,5.0
Durban's Super Giants,JO Holder,sat00010,6.0
Durban's Super Giants,C Jonker,sat00010,7.0
Durban's Super Giants,KA Maharaj,sat00010,8.0
Durban's Super Giants,GC Viljoen,sat00010,9.0
Durban's Super Giants,P Subrayen,sat00010,10.0
Durban's Super Giants,RJW Topley,sat00010,
Joburg Super Kings,RR Hendricks,sat00011,1.0
Joburg Super Kings,F du Plessis,sat00011,2.0
Joburg Super Kings,JL du Plooy,sat00011,3.0
Joburg Super Kings,D Ferreira,sat00011,4.0
Joburg Super Kings,R Shepherd,sat00011,5.0
Joburg Super Kings,BS Makhanya,sat00011,6.0
Joburg Super Kings,G Coetzee,sat00011,7.0
Joburg Super Kings,K Verreynne,sat00011,8.0
Joburg Super Kings,AS Joseph,sat00011,
Joburg Super Kings,M Theekshana,sat00011,
Joburg Super Kings,AM Phangiso,sat00011,
Pretoria Capitals,PD Salt,sat00011,1.0
Pretoria Capitals,WG Jacks,sat00011,2.0
Pretoria Capitals,RR Rossouw,sat00011,3.0
Pretoria Capitals,TB de Bruyn,sat00011,4.0
Pretoria Capitals,S Dadswell,sat00011,5.0
Pretoria Capitals,JDS Neesham,sat00011,6.0
Pretoria Capitals,E Bosch,sat00011,7.0
Pretoria Capitals,WD Parnell,sat00011,8.0
Pretoria Capitals,M Pretorius,sat00011,9.0
Pretoria Capitals,AU Rashid,sat00011,10.0
Pretoria Capitals,A Nortje,sat00011,11.0
Joburg Super Kings,RR Hendricks,sat00012,1.0
Joburg Super Kings,F du Plessis,sat00012,2.0
Joburg Super Kings,JL du Plooy,sat00012,3.0
Joburg Super Kings,K Verreynne,sat00012,4.0
Joburg Super Kings,L Gregory,sat00012,5.0
Joburg Super Kings,D Ferreira,sat00012,6.0
Joburg Super Kings,R Shepherd,sat00012,7.0
Joburg Super Kings,G Coetzee,sat00012,8.0
Joburg Super Kings,AS Joseph,sat00012,9.0
Joburg Super Kings,AM Phangiso,sat00012,10.0
Joburg Super Kings,N Burger,sat00012,11.0
Pretoria Capitals,PD Salt,sat00012,1.0
Pretoria Capitals,WG Jacks,sat00012,2.0
Pretoria Capitals,TB de Bruyn,sat00012,3.0
Pretoria Capitals,RR Rossouw,sat00012,4.0
Pretoria Capitals,S Dadswell,sat00012,5.0
Pretoria Capitals,JDS Neesham,sat00012,6.0
Pretoria Capitals,WD Parnell,sat00012,
Pretoria Capitals,M Pretorius,sat00012,
Pretoria Capitals,E Bosch,sat00012,
Pretoria Capitals,AU Rashid,sat00012,
Pretoria Capitals,A Nortje,sat00012,
MI Cape Town,D Brevis,sat00013,1.0
MI Cape Town,RD Rickelton,sat00013,2.0
MI Cape Town,G Roelofsen,sat00013,3.0
MI Cape Town,GF Linde,sat00013,4.0
MI Cape Town,HE van der Dussen,sat00013,5.0
MI Cape Town,SM Curran,sat00013,6.0
MI Cape Town,D Potgieter,sat00013,7.0
MI Cape Town,OF Smith,sat00013,8.0
MI Cape Town,Rashid Khan,sat00013,
MI Cape Town,K Rabada,sat00013,
MI Cape Town,JC Archer,sat00013,
Sunrisers Eastern Cape,AM Rossington,sat00013,1.0
Sunrisers Eastern Cape,JT Smuts,sat00013,2.0
Sunrisers Eastern Cape,SJ Erwee,sat00013,3.0
Sunrisers Eastern Cape,AK Markram,sat00013,4.0
Sunrisers Eastern Cape,T Stubbs,sat00013,5.0
Sunrisers Eastern Cape,JM Cox,sat00013,6.0
Sunrisers Eastern Cape,M Jansen,sat00013,7.0
Sunrisers Eastern Cape,BA Carse,sat00013,8.0
Sunrisers Eastern Cape,RE van der Merwe,sat00013,9.0
Sunrisers Eastern Cape,SSB Magala,sat00013,10.0
Sunrisers Eastern Cape,OEG Baartman,sat00013,
Paarl Royals,JJ Roy,sat00014,1.0
Paarl Royals,JC Buttler,sat00014,2.0
Paarl Royals,WJ Lubbe,sat00014,3.0
Paarl Royals,C Bosch,sat00014,4.0
Paarl Royals,EJG Morgan,sat00014,5.0
Paarl Royals,DA Miller,sat00014,6.0
Paarl Royals,E Jones,sat00014,7.0
Paarl Royals,BC Fortuin,sat00014,8.0
Paarl Royals,Codi Yusuf,sat00014,9.0
Paarl Royals,L Ngidi,sat00014,
Paarl Royals,T Shamsi,sat00014,
Sunrisers Eastern Cape,AM Rossington,sat00014,1.0
Sunrisers Eastern Cape,J Hermann,sat00014,2.0
Sunrisers Eastern Cape,SJ Erwee,sat00014,3.0
Sunrisers Eastern Cape,AK Markram,sat00014,4.0
Sunrisers Eastern Cape,T Stubbs,sat00014,5.0
Sunrisers Eastern Cape,JM Cox,sat00014,6.0
Sunrisers Eastern Cape,M Jansen,sat00014,7.0
Sunrisers Eastern Cape,A Gqamane,sat00014,
Sunrisers Eastern Cape,RE van der Merwe,sat00014,
Sunrisers Eastern Cape,BA Carse,sat00014,
Sunrisers Eastern Cape,SSB Magala,sat00014,
Durban's Super Giants,KR Mayers,sat00015,1.0
Durban's Super Giants,PWA Mulder,sat00015,2.0
Durban's Super Giants,Q de Kock,sat00015,3.0
Durban's Super Giants,H Klaasen,sat00015,4.0
Durban's Super Giants,JO Holder,sat00015,5.0
Durban's Super Giants,C Jonker,sat00015,6.0
Durban's Super Giants,D Pretorius,sat00015,7.0
Durban's Super Giants,KA Maharaj,sat00015,8.0
Durban's Super Giants,GC Viljoen,sat00015,9.0
Durban's Super Giants,P Subrayen,sat00015,10.0
Durban's Super Giants,RJW Topley,sat00015,11.0
Pretoria Capitals,PD Salt,sat00015,1.0
Pretoria Capitals,WG Jacks,sat00015,2.0
Pretoria Capitals,TB de Bruyn,sat00015,3.0
Pretoria Capitals,RR Rossouw,sat00015,4.0
Pretoria Capitals,S Dadswell,sat00015,
Pretoria Capitals,JDS Neesham,sat00015,
Pretoria Capitals,WD Parnell,sat00015,
Pretoria Capitals,E Bosch,sat00015,
Pretoria Capitals,AU Rashid,sat00015,
Pretoria Capitals,A Nortje,sat00015,
Pretoria Capitals,S Muthusamy,sat00015,
MI Cape Town,RD Rickelton,sat00016,1.0
MI Cape Town,D Brevis,sat00016,2.0
MI Cape Town,SM Curran,sat00016,3.0
MI Cape Town,G Roelofsen,sat00016,4.0
MI Cape Town,HE van der Dussen,sat00016,5.0
MI Cape Town,GF Linde,sat00016,6.0
MI Cape Town,D Potgieter,sat00016,7.0
MI Cape Town,OF Smith,sat00016,8.0
MI Cape Town,Rashid Khan,sat00016,9.0
MI Cape Town,JC Archer,sat00016,10.0
MI Cape Town,K Rabada,sat00016,11.0
Paarl Royals,JJ Roy,sat00016,1.0
Paarl Royals,JC Buttler,sat00016,2.0
Paarl Royals,WJ Lubbe,sat00016,3.0
Paarl Royals,DJ Vilas,sat00016,4.0
Paarl Royals,M Van Buuren,sat00016,5.0
Paarl Royals,DA Miller,sat00016,6.0
Paarl Royals,E Jones,sat00016,7.0
Paarl Royals,FD Adams,sat00016,8.0
Paarl Royals,L Ngidi,sat00016,
Paarl Royals,BC Fortuin,sat00016,
Paarl Royals,T Shamsi,sat00016,
Sunrisers Eastern Cape,AM Rossington,sat00017,1.0
Sunrisers Eastern Cape,J Hermann,sat00017,2.0
Sunrisers Eastern Cape,SJ Erwee,sat00017,3.0
Sunrisers Eastern Cape,AK Markram,sat00017,4.0
Sunrisers Eastern Cape,T Stubbs,sat00017,5.0
Sunrisers Eastern Cape,JT Smuts,sat00017,6.0
Sunrisers Eastern Cape,M Jansen,sat00017,7.0
Sunrisers Eastern Cape,JK Fuller,sat00017,8.0
Sunrisers Eastern Cape,BA Carse,sat00017,9.0
Sunrisers Eastern Cape,RE van der Merwe,sat00017,10.0
Sunrisers Eastern Cape,SSB Magala,sat00017,11.0
Joburg Super Kings,RR Hendricks,sat00017,1.0
Joburg Super Kings,F du Plessis,sat00017,2.0
Joburg Super Kings,N Brand,sat00017,3.0
Joburg Super Kings,JL du Plooy,sat00017,4.0
Joburg Super Kings,BS Makhanya,sat00017,5.0
Joburg Super Kings,D Ferreira,sat00017,6.0
Joburg Super Kings,R Shepherd,sat00017,7.0
Joburg Super Kings,G Coetzee,sat00017,
Joburg Super Kings,AS Joseph,sat00017,
Joburg Super Kings,M Theekshana,sat00017,
Joburg Super Kings,AM Phangiso,sat00017,
Pretoria Capitals,BKG Mendis,sat00018,1.0
Pretoria Capitals,WG Jacks,sat00018,2.0
Pretoria Capitals,TB de Bruyn,sat00018,3.0
Pretoria Capitals,RR Rossouw,sat00018,4.0
Pretoria Capitals,S Dadswell,sat00018,5.0
Pretoria Capitals,JDS Neesham,sat00018,6.0
Pretoria Capitals,E Bosch,sat00018,7.0
Pretoria Capitals,WD Parnell,sat00018,8.0
Pretoria Capitals,S Muthusamy,sat00018,
Pretoria Capitals,AU Rashid,sat00018,
Pretoria Capitals,A Nortje,sat00018,
Paarl Royals,JJ Roy,sat00018,1.0
Paarl Royals,WJ Lubbe,sat00018,2.0
Paarl Royals,JC Buttler,sat00018,3.0
Paarl Royals,DJ Vilas,sat00018,4.0
Paarl Royals,DA Miller,sat00018,5.0
Paarl Royals,M Van Buuren,sat00018,6.0
Paarl Royals,E Jones,sat00018,
Paarl Royals,FD Adams,sat00018,
Paarl Royals,BC Fortuin,sat00018,
Paarl Royals,L Ngidi,sat00018,
Paarl Royals,T Shamsi,sat00018,
Sunrisers Eastern Cape,AM Rossington,sat00019,1.0
Sunrisers Eastern Cape,J Hermann,sat00019,2.0
Sunrisers Eastern Cape,AK Markram,sat00019,3.0
Sunrisers Eastern Cape,T Stubbs,sat00019,4.0
Sunrisers Eastern Cape,SJ Erwee,sat00019,
Sunrisers Eastern Cape,JT Smuts,sat00019,
Sunrisers Eastern Cape,M Jansen,sat00019,
Sunrisers Eastern Cape,JK Fuller,sat00019,
Sunrisers Eastern Cape,RE van der Merwe,sat00019,
Sunrisers Eastern Cape,MS Crane,sat00019,
Sunrisers Eastern Cape,SSB Magala,sat00019,
Durban's Super Giants,KR Mayers,sat00019,1.0
Durban's Super Giants,MP Breetzke,sat00019,2.0
Durban's Super Giants,PWA Mulder,sat00019,3.0
Durban's Super Giants,H Klaasen,sat00019,4.0
Durban's Super Giants,Q de Kock,sat00019,5.0
Durban's Super Giants,JO Holder,sat00019,6.0
Durban's Super Giants,D Pretorius,sat00019,7.0
Durban's Super Giants,KMA Paul,sat00019,8.0
Durban's Super Giants,KA Maharaj,sat00019,9.0
Durban's Super Giants,P Subrayen,sat00019,10.0
Durban's Super Giants,A Dananjaya,sat00019,11.0
Pretoria Capitals,BKG Mendis,sat00020,1.0
Pretoria Capitals,WG Jacks,sat00020,2.0
Pretoria Capitals,RR Rossouw,sat00020,3.0
Pretoria Capitals,TB de Bruyn,sat00020,4.0
Pretoria Capitals,S Muthusamy,sat00020,5.0
Pretoria Capitals,C Fortuin,sat00020,6.0
Pretoria Capitals,JDS Neesham,sat00020,7.0
Pretoria Capitals,WD Parnell,sat00020,8.0
Pretoria Capitals,E Bosch,sat00020,9.0
Pretoria Capitals,AU Rashid,sat00020,10.0
Pretoria Capitals,A Nortje,sat00020,
MI Cape Town,D Brevis,sat00020,1.0
MI Cape Town,RD Rickelton,sat00020,2.0
MI Cape Town,SM Curran,sat00020,3.0
MI Cape Town,HE van der Dussen,sat00020,4.0
MI Cape Town,GF Linde,sat00020,5.0
MI Cape Town,G Roelofsen,sat00020,6.0
MI Cape Town,OF Smith,sat00020,7.0
MI Cape Town,Rashid Khan,sat00020,8.0
MI Cape Town,D Potgieter,sat00020,9.0
MI Cape Town,JC Archer,sat00020,10.0
MI Cape Town,K Rabada,sat00020,11.0
Durban's Super Giants,KR Mayers,sat00021,1.0
Durban's Super Giants,Q de Kock,sat00021,2.0
Durban's Super Giants,MP Breetzke,sat00021,3.0
Durban's Super Giants,PWA Mulder,sat00021,4.0
Durban's Super Giants,H Klaasen,sat00021,5.0
Durban's Super Giants,KMA Paul,sat00021,6.0
Durban's Super Giants,JO Holder,sat00021,7.0
Durban's Super Giants,SR Harmer,sat00021,8.0
Durban's Super Giants,GC Viljoen,sat00021,
Durban's Super Giants,KA Maharaj,sat00021,
Durban's Super Giants,RJW Topley,sat00021,
Joburg Super Kings,RR Hendricks,sat00021,1.0
Joburg Super Kings,F du Plessis,sat00021,2.0
Joburg Super Kings,D Ferreira,sat00021,3.0
Joburg Super Kings,JL du Plooy,sat00021,4.0
Joburg Super Kings,N Brand,sat00021,
Joburg Super Kings,BS Makhanya,sat00021,
Joburg Super Kings,R Shepherd,sat00021,
Joburg Super Kings,N Burger,sat00021,
Joburg Super Kings,G Coetzee,sat00021,
Joburg Super Kings,AS Joseph,sat00021,
Joburg Super Kings,M Theekshana,sat00021,
Sunrisers Eastern Cape,AM Rossington,sat00022,1.0
Sunrisers Eastern Cape,J Hermann,sat00022,2.0
Sunrisers Eastern Cape,JT Smuts,sat00022,3.0
Sunrisers Eastern Cape,AK Markram,sat00022,4.0
Sunrisers Eastern Cape,T Stubbs,sat00022,5.0
Sunrisers Eastern Cape,M Jansen,sat00022,6.0
Sunrisers Eastern Cape,JK Fuller,sat00022,7.0
Sunrisers Eastern Cape,BA Carse,sat00022,8.0
Sunrisers Eastern Cape,SJ Erwee,sat00022,9.0
Sunrisers Eastern Cape,RE van der Merwe,sat00022,
Sunrisers Eastern Cape,SSB Magala,sat00022,
Paarl Royals,JJ Roy,sat00022,1.0
Paarl Royals,JC Buttler,sat00022,2.0
Paarl Royals,WJ Lubbe,sat00022,3.0
Paarl Royals,M Van Buuren,sat00022,4.0
Paarl Royals,AL Phehlukwayo,sat00022,5.0
Paarl Royals,DA Miller,sat00022,6.0
Paarl Royals,DJ Vilas,sat00022,7.0
Paarl Royals,E Jones,sat00022,
Paarl Royals,BC Fortuin,sat00022,
Paarl Royals,L Ngidi,sat00022,
Paarl Royals,T Shamsi,sat00022,
MI Cape Town,D Brevis,sat00023,1.0
MI Cape Town,G Roelofsen,sat00023,2.0
MI Cape Town,HE van der Dussen,sat00023,3.0
MI Cape Town,GF Linde,sat00023,4.0
MI Cape Town,TH David,sat00023,5.0
MI Cape Town,OF Smith,sat00023,6.0
MI Cape Town,D Potgieter,sat00023,7.0
MI Cape Town,D Jansen,sat00023,
MI Cape Town,Rashid Khan,sat00023,
MI Cape Town,BE Hendricks,sat00023,
MI Cape Town,K Rabada,sat00023,
Durban's Super Giants,Q de Kock,sat00023,1.0
Durban's Super Giants,BR McDermott,sat00023,2.0
Durban's Super Giants,MP Breetzke,sat00023,3.0
Durban's Super Giants,KMA Paul,sat00023,4.0
Durban's Super Giants,H Klaasen,sat00023,5.0
Durban's Super Giants,PWA Mulder,sat00023,6.0
Durban's Super Giants,DJ Willey,sat00023,7.0
Durban's Super Giants,D Pretorius,sat00023,
Durban's Super Giants,SR Harmer,sat00023,
Durban's Super Giants,KA Maharaj,sat00023,
Durban's Super Giants,RJW Topley,sat00023,
Sunrisers Eastern Cape,AM Rossington,sat00024,1.0
Sunrisers Eastern Cape,T Bavuma,sat00024,2.0
Sunrisers Eastern Cape,J Hermann,sat00024,3.0
Sunrisers Eastern Cape,AK Markram,sat00024,4.0
Sunrisers Eastern Cape,JT Smuts,sat00024,5.0
Sunrisers Eastern Cape,T Stubbs,sat00024,
Sunrisers Eastern Cape,M Jansen,sat00024,
Sunrisers Eastern Cape,SSB Magala,sat00024,
Sunrisers Eastern Cape,RE van der Merwe,sat00024,
Sunrisers Eastern Cape,BA Carse,sat00024,
Sunrisers Eastern Cape,OEG Baartman,sat00024,
Durban's Super Giants,BR McDermott,sat00024,
Durban's Super Giants,Q de Kock,sat00024,
Durban's Super Giants,MP Breetzke,sat00024,
Durban's Super Giants,KMA Paul,sat00024,
Durban's Super Giants,H Klaasen,sat00024,
Durban's Super Giants,PWA Mulder,sat00024,
Durban's Super Giants,D Pretorius,sat00024,
Durban's Super Giants,DJ Willey,sat00024,
Durban's Super Giants,SR Harmer,sat00024,
Durban's Super Giants,KA Maharaj,sat00024,
Durban's Super Giants,RJW Topley,sat00024,
Paarl Royals,JJ Roy,sat00025,1.0
Paarl Royals,JC Buttler,sat00025,2.0
Paarl Royals,WJ Lubbe,sat00025,3.0
Paarl Royals,DJ Vilas,sat00025,4.0
Paarl Royals,DA Miller,sat00025,5.0
Paarl Royals,E Jones,sat00025,6.0
Paarl Royals,M Van Buuren,sat00025,
Paarl Royals,AL Phehlukwayo,sat00025,
Paarl Royals,BC Fortuin,sat00025,
Paarl Royals,L Ngidi,sat00025,
Paarl Royals,T Shamsi,sat00025,
Joburg Super Kings,F du Plessis,sat00025,
Joburg Super Kings,RR Hendricks,sat00025,
Joburg Super Kings,JL du Plooy,sat00025,
Joburg Super Kings,BS Makhanya,sat00025,
Joburg Super Kings,MS Wade,sat00025,
Joburg Super Kings,D Ferreira,sat00025,
Joburg Super Kings,R Shepherd,sat00025,
Joburg Super Kings,G Coetzee,sat00025,
Joburg Super Kings,KI Simmonds,sat00025,
Joburg Super Kings,N Burger,sat00025,
Joburg Super Kings,M Theekshana,sat00025,
MI Cape Town,HE van der Dussen,sat00026,1.0
MI Cape Town,WB Marshall,sat00026,2.0
MI Cape Town,G Roelofsen,sat00026,3.0
MI Cape Town,D Brevis,sat00026,4.0
MI Cape Town,GF Linde,sat00026,5.0
MI Cape Town,TH David,sat00026,6.0
MI Cape Town,D Jansen,sat00026,7.0
MI Cape Town,SM Curran,sat00026,8.0
MI Cape Town,OF Smith,sat00026,9.0
MI Cape Town,Rashid Khan,sat00026,10.0
MI Cape Town,K Rabada,sat00026,11.0
Pretoria Capitals,PD Salt,sat00026,1.0
Pretoria Capitals,BKG Mendis,sat00026,2.0
Pretoria Capitals,TB de Bruyn,sat00026,3.0
Pretoria Capitals,RR Rossouw,sat00026,4.0
Pretoria Capitals,S Dadswell,sat00026,5.0
Pretoria Capitals,JDS Neesham,sat00026,6.0
Pretoria Capitals,S Muthusamy,sat00026,7.0
Pretoria Capitals,E Bosch,sat00026,8.0
Pretoria Capitals,A Nortje,sat00026,9.0
Pretoria Capitals,WD Parnell,sat00026,10.0
Pretoria Capitals,J Little,sat00026,11.0
Joburg Super Kings,F du Plessis,sat00027,1.0
Joburg Super Kings,RR Hendricks,sat00027,2.0
Joburg Super Kings,MS Wade,sat00027,3.0
Joburg Super Kings,D Ferreira,sat00027,4.0
Joburg Super Kings,JL du Plooy,sat00027,5.0
Joburg Super Kings,R Shepherd,sat00027,6.0
Joburg Super Kings,BS Makhanya,sat00027,7.0
Joburg Super Kings,G Coetzee,sat00027,8.0
Joburg Super Kings,KI Simmonds,sat00027,
Joburg Super Kings,N Burger,sat00027,
Joburg Super Kings,M Theekshana,sat00027,
Sunrisers Eastern Cape,AM Rossington,sat00027,1.0
Sunrisers Eastern Cape,T Bavuma,sat00027,2.0
Sunrisers Eastern Cape,J Hermann,sat00027,3.0
Sunrisers Eastern Cape,JT Smuts,sat00027,4.0
Sunrisers Eastern Cape,AK Markram,sat00027,5.0
Sunrisers Eastern Cape,T Stubbs,sat00027,6.0
Sunrisers Eastern Cape,M Jansen,sat00027,7.0
Sunrisers Eastern Cape,JK Fuller,sat00027,8.0
Sunrisers Eastern Cape,BA Carse,sat00027,9.0
Sunrisers Eastern Cape,RE van der Merwe,sat00027,10.0
Sunrisers Eastern Cape,SSB Magala,sat00027,11.0
Durban's Super Giants,Q de Kock,sat00028,1.0
Durban's Super Giants,BR McDermott,sat00028,2.0
Durban's Super Giants,H Klaasen,sat00028,3.0
Durban's Super Giants,DJ Willey,sat00028,4.0
Durban's Super Giants,PWA Mulder,sat00028,5.0
Durban's Super Giants,MP Breetzke,sat00028,6.0
Durban's Super Giants,KMA Paul,sat00028,
Durban's Super Giants,D Pretorius,sat00028,
Durban's Super Giants,KA Maharaj,sat00028,
Durban's Super Giants,CJ Dala,sat00028,
Durban's Super Giants,RJW Topley,sat00028,
Pretoria Capitals,PD Salt,sat00028,1.0
Pretoria Capitals,BKG Mendis,sat00028,2.0
Pretoria Capitals,TB de Bruyn,sat00028,3.0
Pretoria Capitals,RR Rossouw,sat00028,4.0
Pretoria Capitals,CA Ingram,sat00028,5.0
Pretoria Capitals,JDS Neesham,sat00028,6.0
Pretoria Capitals,S Muthusamy,sat00028,7.0
Pretoria Capitals,M Pretorius,sat00028,8.0
Pretoria Capitals,E Bosch,sat00028,9.0
Pretoria Capitals,DM Dupavillon,sat00028,10.0
Pretoria Capitals,J Little,sat00028,11.0
Joburg Super Kings,F du Plessis,sat00029,1.0
Joburg Super Kings,RR Hendricks,sat00029,2.0
Joburg Super Kings,JL du Plooy,sat00029,3.0
Joburg Super Kings,BS Makhanya,sat00029,4.0
Joburg Super Kings,MS Wade,sat00029,5.0
Joburg Super Kings,D Ferreira,sat00029,6.0
Joburg Super Kings,KI Simmonds,sat00029,7.0
Joburg Super Kings,R Shepherd,sat00029,8.0
Joburg Super Kings,G Coetzee,sat00029,
Joburg Super Kings,LB Williams,sat00029,
Joburg Super Kings,M Theekshana,sat00029,
MI Cape Town,HE van der Dussen,sat00029,1.0
MI Cape Town,WB Marshall,sat00029,2.0
MI Cape Town,G Roelofsen,sat00029,3.0
MI Cape Town,D Brevis,sat00029,4.0
MI Cape Town,GF Linde,sat00029,5.0
MI Cape Town,TH David,sat00029,6.0
MI Cape Town,D Potgieter,sat00029,7.0
MI Cape Town,SM Curran,sat00029,8.0
MI Cape Town,Rashid Khan,sat00029,9.0
MI Cape Town,JC Archer,sat00029,10.0
MI Cape Town,K Rabada,sat00029,11.0
Pretoria Capitals,PD Salt,sat00030,1.0
Pretoria Capitals,BKG Mendis,sat00030,2.0
Pretoria Capitals,TB de Bruyn,sat00030,3.0
Pretoria Capitals,RR Rossouw,sat00030,4.0
Pretoria Capitals,CA Ingram,sat00030,5.0
Pretoria Capitals,JDS Neesham,sat00030,6.0
Pretoria Capitals,S Muthusamy,sat00030,
Pretoria Capitals,M Pretorius,sat00030,
Pretoria Capitals,E Bosch,sat00030,
Pretoria Capitals,AU Rashid,sat00030,
Pretoria Capitals,A Nortje,sat00030,
Paarl Royals,JJ Roy,sat00030,1.0
Paarl Royals,PR Stirling,sat00030,2.0
Paarl Royals,JC Buttler,sat00030,3.0
Paarl Royals,M Van Buuren,sat00030,4.0
Paarl Royals,EJG Morgan,sat00030,5.0
Paarl Royals,DA Miller,sat00030,6.0
Paarl Royals,AL Phehlukwayo,sat00030,7.0
Paarl Royals,E Jones,sat00030,8.0
Paarl Royals,BC Fortuin,sat00030,9.0
Paarl Royals,Codi Yusuf,sat00030,10.0
Paarl Royals,L Ngidi,sat00030,11.0
Pretoria Capitals,PD Salt,sat00031,1.0
Pretoria Capitals,BKG Mendis,sat00031,2.0
Pretoria Capitals,TB de Bruyn,sat00031,3.0
Pretoria Capitals,RR Rossouw,sat00031,4.0
Pretoria Capitals,CA Ingram,sat00031,5.0
Pretoria Capitals,JDS Neesham,sat00031,6.0
Pretoria Capitals,E Bosch,sat00031,7.0
Pretoria Capitals,S Muthusamy,sat00031,8.0
Pretoria Capitals,M Pretorius,sat00031,9.0
Pretoria Capitals,AU Rashid,sat00031,10.0
Pretoria Capitals,A Nortje,sat00031,
Paarl Royals,JJ Roy,sat00031,1.0
Paarl Royals,PR Stirling,sat00031,2.0
Paarl Royals,JC Buttler,sat00031,3.0
Paarl Royals,DJ Vilas,sat00031,4.0
Paarl Royals,EJG Morgan,sat00031,5.0
Paarl Royals,DA Miller,sat00031,6.0
Paarl Royals,E Jones,sat00031,7.0
Paarl Royals,AL Phehlukwayo,sat00031,8.0
Paarl Royals,BC Fortuin,sat00031,9.0
Paarl Royals,L Ngidi,sat00031,10.0
Paarl Royals,T Shamsi,sat00031,11.0
Sunrisers Eastern Cape,AM Rossington,sat00032,1.0
Sunrisers Eastern Cape,T Bavuma,sat00032,2.0
Sunrisers Eastern Cape,J Hermann,sat00032,3.0
Sunrisers Eastern Cape,AK Markram,sat00032,4.0
Sunrisers Eastern Cape,T Stubbs,sat00032,5.0
Sunrisers Eastern Cape,JM Cox,sat00032,6.0
Sunrisers Eastern Cape,M Jansen,sat00032,7.0
Sunrisers Eastern Cape,RE van der Merwe,sat00032,
Sunrisers Eastern Cape,BA Carse,sat00032,
Sunrisers Eastern Cape,SSB Magala,sat00032,
Sunrisers Eastern Cape,OEG Baartman,sat00032,
Joburg Super Kings,F du Plessis,sat00032,1.0
Joburg Super Kings,G Coetzee,sat00032,2.0
Joburg Super Kings,JL du Plooy,sat00032,3.0
Joburg Super Kings,RR Hendricks,sat00032,4.0
Joburg Super Kings,MS Wade,sat00032,5.0
Joburg Super Kings,D Ferreira,sat00032,6.0
Joburg Super Kings,R Shepherd,sat00032,7.0
Joburg Super Kings,BS Makhanya,sat00032,8.0
Joburg Super Kings,N Burger,sat00032,
Joburg Super Kings,LB Williams,sat00032,
Joburg Super Kings,M Theekshana,sat00032,
Pretoria Capitals,PD Salt,sat00033,1.0
Pretoria Capitals,BKG Mendis,sat00033,2.0
Pretoria Capitals,TB de Bruyn,sat00033,3.0
Pretoria Capitals,RR Rossouw,sat00033,4.0
Pretoria Capitals,CA Ingram,sat00033,5.0
Pretoria Capitals,JDS Neesham,sat00033,6.0
Pretoria Capitals,E Bosch,sat00033,7.0
Pretoria Capitals,WD Parnell,sat00033,8.0
Pretoria Capitals,M Pretorius,sat00033,9.0
Pretoria Capitals,AU Rashid,sat00033,10.0
Pretoria Capitals,A Nortje,sat00033,11.0
Sunrisers Eastern Cape,AM Rossington,sat00033,1.0
Sunrisers Eastern Cape,T Bavuma,sat00033,2.0
Sunrisers Eastern Cape,J Hermann,sat00033,3.0
Sunrisers Eastern Cape,AK Markram,sat00033,4.0
Sunrisers Eastern Cape,T Stubbs,sat00033,5.0
Sunrisers Eastern Cape,JM Cox,sat00033,6.0
Sunrisers Eastern Cape,M Jansen,sat00033,7.0
Sunrisers Eastern Cape,BA Carse,sat00033,8.0
Sunrisers Eastern Cape,RE van der Merwe,sat00033,
Sunrisers Eastern Cape,SSB Magala,sat00033,
Sunrisers Eastern Cape,OEG Baartman,sat00033,
MI Cape Town,HE van der Dussen,sat00034,1.0
MI Cape Town,RD Rickelton,sat00034,2.0
MI Cape Town,D Brevis,sat00034,3.0
MI Cape Town,C Esterhuizen,sat00034,4.0
MI Cape Town,LS Livingstone,sat00034,5.0
MI Cape Town,KA Pollard,sat00034,6.0
MI Cape Town,SM Curran,sat00034,7.0
MI Cape Town,TP Kaber,sat00034,
MI Cape Town,K Rabada,sat00034,
MI Cape Town,BE Hendricks,sat00034,
MI Cape Town,OP Stone,sat00034,
Durban's Super Giants,Q de Kock,sat00034,1.0
Durban's Super Giants,MP Breetzke,sat00034,2.0
Durban's Super Giants,PWA Mulder,sat00034,3.0
Durban's Super Giants,KMA Paul,sat00034,4.0
Durban's Super Giants,H Klaasen,sat00034,5.0
Durban's Super Giants,N Pooran,sat00034,6.0
Durban's Super Giants,D Pretorius,sat00034,7.0
Durban's Super Giants,P Subrayen,sat00034,8.0
Durban's Super Giants,KA Maharaj,sat00034,
Durban's Super Giants,RJW Topley,sat00034,
Durban's Super Giants,RJ Gleeson,sat00034,
Paarl Royals,JJ Roy,sat00035,1.0
Paarl Royals,JC Buttler,sat00035,2.0
Paarl Royals,WJ Lubbe,sat00035,3.0
Paarl Royals,DA Miller,sat00035,4.0
Paarl Royals,M Van Buuren,sat00035,5.0
Paarl Royals,FA Allen,sat00035,6.0
Paarl Royals,AL Phehlukwayo,sat00035,7.0
Paarl Royals,BC Fortuin,sat00035,8.0
Paarl Royals,L Ngidi,sat00035,9.0
Paarl Royals,T Shamsi,sat00035,
Paarl Royals,OC McCoy,sat00035,
Pretoria Capitals,PD Salt,sat00035,1.0
Pretoria Capitals,WG Jacks,sat00035,2.0
Pretoria Capitals,TB de Bruyn,sat00035,3.0
Pretoria Capitals,RR Rossouw,sat00035,4.0
Pretoria Capitals,CA Ingram,sat00035,5.0
Pretoria Capitals,C Bosch,sat00035,6.0
Pretoria Capitals,JDS Neesham,sat00035,7.0
Pretoria Capitals,E Bosch,sat00035,8.0
Pretoria Capitals,S Muthusamy,sat00035,
Pretoria Capitals,AU Rashid,sat00035,
Pretoria Capitals,DM Dupavillon,sat00035,
MI Cape Town,HE van der Dussen,sat00036,1.0
MI Cape Town,RD Rickelton,sat00036,2.0
MI Cape Town,D Brevis,sat00036,3.0
MI Cape Town,LS Livingstone,sat00036,4.0
MI Cape Town,KA Pollard,sat00036,5.0
MI Cape Town,SM Curran,sat00036,6.0
MI Cape Town,C Esterhuizen,sat00036,
MI Cape Town,GF Linde,sat00036,
MI Cape Town,K Rabada,sat00036,
MI Cape Town,BE Hendricks,sat00036,
MI Cape Town,OP Stone,sat00036,
Joburg Super Kings,F du Plessis,sat00036,1.0
Joburg Super Kings,RR Hendricks,sat00036,2.0
Joburg Super Kings,R Herrmann,sat00036,3.0
Joburg Super Kings,JL du Plooy,sat00036,4.0
Joburg Super Kings,MM Ali,sat00036,5.0
Joburg Super Kings,D Ferreira,sat00036,6.0
Joburg Super Kings,R Shepherd,sat00036,7.0
Joburg Super Kings,LB Williams,sat00036,8.0
Joburg Super Kings,N Burger,sat00036,9.0
Joburg Super Kings,Zahir Khan,sat00036,10.0
Joburg Super Kings,Imran Tahir,sat00036,11.0
Durban's Super Giants,MP Breetzke,sat00037,1.0
Durban's Super Giants,Q de Kock,sat00037,2.0
Durban's Super Giants,JT Smuts,sat00037,3.0
Durban's Super Giants,N Pooran,sat00037,4.0
Durban's Super Giants,H Klaasen,sat00037,5.0
Durban's Super Giants,D Pretorius,sat00037,
Durban's Super Giants,KMA Paul,sat00037,
Durban's Super Giants,PWA Mulder,sat00037,
Durban's Super Giants,KA Maharaj,sat00037,
Durban's Super Giants,RJW Topley,sat00037,
Durban's Super Giants,RJ Gleeson,sat00037,
Sunrisers Eastern Cape,AM Rossington,sat00037,1.0
Sunrisers Eastern Cape,J Hermann,sat00037,2.0
Sunrisers Eastern Cape,TB Abell,sat00037,3.0
Sunrisers Eastern Cape,AK Markram,sat00037,4.0
Sunrisers Eastern Cape,T Stubbs,sat00037,5.0
Sunrisers Eastern Cape,M Jansen,sat00037,6.0
Sunrisers Eastern Cape,B Swanepoel,sat00037,7.0
Sunrisers Eastern Cape,LA Dawson,sat00037,8.0
Sunrisers Eastern Cape,SR Harmer,sat00037,9.0
Sunrisers Eastern Cape,DJ Worrall,sat00037,10.0
Sunrisers Eastern Cape,OEG Baartman,sat00037,11.0
Paarl Royals,JJ Roy,sat00038,1.0
Paarl Royals,JC Buttler,sat00038,2.0
Paarl Royals,WJ Lubbe,sat00038,3.0
Paarl Royals,DA Miller,sat00038,4.0
Paarl Royals,M Van Buuren,sat00038,5.0
Paarl Royals,AL Phehlukwayo,sat00038,
Paarl Royals,FA Allen,sat00038,
Paarl Royals,BC Fortuin,sat00038,
Paarl Royals,L Ngidi,sat00038,
Paarl Royals,T Shamsi,sat00038,
Paarl Royals,OC McCoy,sat00038,
Pretoria Capitals,PD Salt,sat00038,1.0
Pretoria Capitals,WG Jacks,sat00038,2.0
Pretoria Capitals,TB de Bruyn,sat00038,3.0
Pretoria Capitals,RR Rossouw,sat00038,4.0
Pretoria Capitals,CA Ingram,sat00038,5.0
Pretoria Capitals,JDS Neesham,sat00038,6.0
Pretoria Capitals,C Bosch,sat00038,7.0
Pretoria Capitals,GC Viljoen,sat00038,8.0
Pretoria Capitals,E Bosch,sat00038,9.0
Pretoria Capitals,AU Rashid,sat00038,
Pretoria Capitals,DM Dupavillon,sat00038,
Durban's Super Giants,MP Breetzke,sat00039,1.0
Durban's Super Giants,Q de Kock,sat00039,2.0
Durban's Super Giants,JT Smuts,sat00039,3.0
Durban's Super Giants,PWA Mulder,sat00039,4.0
Durban's Super Giants,KMA Paul,sat00039,5.0
Durban's Super Giants,H Klaasen,sat00039,6.0
Durban's Super Giants,N Pooran,sat00039,7.0
Durban's Super Giants,D Pretorius,sat00039,8.0
Durban's Super Giants,KA Maharaj,sat00039,9.0
Durban's Super Giants,RJW Topley,sat00039,10.0
Durban's Super Giants,RJ Gleeson,sat00039,
Joburg Super Kings,F du Plessis,sat00039,1.0
Joburg Super Kings,RR Hendricks,sat00039,2.0
Joburg Super Kings,R Herrmann,sat00039,3.0
Joburg Super Kings,JL du Plooy,sat00039,4.0
Joburg Super Kings,MM Ali,sat00039,5.0
Joburg Super Kings,D Ferreira,sat00039,6.0
Joburg Super Kings,R Shepherd,sat00039,7.0
Joburg Super Kings,D Wiese,sat00039,8.0
Joburg Super Kings,LB Williams,sat00039,9.0
Joburg Super Kings,N Burger,sat00039,10.0
Joburg Super Kings,Imran Tahir,sat00039,
Sunrisers Eastern Cape,J Hermann,sat00040,1.0
Sunrisers Eastern Cape,DJ Malan,sat00040,2.0
Sunrisers Eastern Cape,AK Markram,sat00040,3.0
Sunrisers Eastern Cape,T Stubbs,sat00040,4.0
Sunrisers Eastern Cape,TB Abell,sat00040,
Sunrisers Eastern Cape,LA Dawson,sat00040,
Sunrisers Eastern Cape,M Jansen,sat00040,
Sunrisers Eastern Cape,SR Harmer,sat00040,
Sunrisers Eastern Cape,OEG Baartman,sat00040,
Sunrisers Eastern Cape,DJ Worrall,sat00040,
Sunrisers Eastern Cape,PE Kruger,sat00040,
MI Cape Town,HE van der Dussen,sat00040,1.0
MI Cape Town,RD Rickelton,sat00040,2.0
MI Cape Town,D Brevis,sat00040,3.0
MI Cape Town,SM Curran,sat00040,4.0
MI Cape Town,LS Livingstone,sat00040,5.0
MI Cape Town,KA Pollard,sat00040,6.0
MI Cape Town,C Esterhuizen,sat00040,7.0
MI Cape Town,GF Linde,sat00040,
MI Cape Town,K Rabada,sat00040,
MI Cape Town,BE Hendricks,sat00040,
MI Cape Town,OP Stone,sat00040,
Joburg Super Kings,RR Hendricks,sat00041,1.0
Joburg Super Kings,F du Plessis,sat00041,2.0
Joburg Super Kings,JL du Plooy,sat00041,3.0
Joburg Super Kings,WL Madsen,sat00041,4.0
Joburg Super Kings,MM Ali,sat00041,5.0
Joburg Super Kings,D Ferreira,sat00041,6.0
Joburg Super Kings,R Shepherd,sat00041,7.0
Joburg Super Kings,AM Phangiso,sat00041,8.0
Joburg Super Kings,LB Williams,sat00041,9.0
Joburg Super Kings,N Burger,sat00041,10.0
Joburg Super Kings,Imran Tahir,sat00041,11.0
Paarl Royals,JJ Roy,sat00041,1.0
Paarl Royals,JC Buttler,sat00041,2.0
Paarl Royals,WJ Lubbe,sat00041,3.0
Paarl Royals,DA Miller,sat00041,4.0
Paarl Royals,M Van Buuren,sat00041,5.0
Paarl Royals,AL Phehlukwayo,sat00041,
Paarl Royals,FA Allen,sat00041,
Paarl Royals,BC Fortuin,sat00041,
Paarl Royals,L Ngidi,sat00041,
Paarl Royals,T Shamsi,sat00041,
Paarl Royals,OC McCoy,sat00041,
Pretoria Capitals,PD Salt,sat00042,1.0
Pretoria Capitals,WG Jacks,sat00042,2.0
Pretoria Capitals,TB de Bruyn,sat00042,3.0
Pretoria Capitals,RR Rossouw,sat00042,4.0
Pretoria Capitals,CA Ingram,sat00042,5.0
Pretoria Capitals,JDS Neesham,sat00042,6.0
Pretoria Capitals,C Bosch,sat00042,7.0
Pretoria Capitals,WD Parnell,sat00042,8.0
Pretoria Capitals,E Bosch,sat00042,9.0
Pretoria Capitals,GC Viljoen,sat00042,10.0
Pretoria Capitals,AU Rashid,sat00042,11.0
Durban's Super Giants,MP Breetzke,sat00042,1.0
Durban's Super Giants,KR Mayers,sat00042,2.0
Durban's Super Giants,Q de Kock,sat00042,3.0
Durban's Super Giants,H Klaasen,sat00042,4.0
Durban's Super Giants,JT Smuts,sat00042,5.0
Durban's Super Giants,MP Stoinis,sat00042,6.0
Durban's Super Giants,KMA Paul,sat00042,7.0
Durban's Super Giants,D Pretorius,sat00042,8.0
Durban's Super Giants,KA Maharaj,sat00042,9.0
Durban's Super Giants,CJ Dala,sat00042,
Durban's Super Giants,RJW Topley,sat00042,
Paarl Royals,JJ Roy,sat00043,1.0
Paarl Royals,JC Buttler,sat00043,2.0
Paarl Royals,WJ Lubbe,sat00043,3.0
Paarl Royals,DA Miller,sat00043,4.0
Paarl Royals,M Van Buuren,sat00043,5.0
Paarl Royals,AL Phehlukwayo,sat00043,6.0
Paarl Royals,FA Allen,sat00043,7.0
Paarl Royals,BC Fortuin,sat00043,8.0
Paarl Royals,L Ngidi,sat00043,9.0
Paarl Royals,OC McCoy,sat00043,10.0
Paarl Royals,T Shamsi,sat00043,
MI Cape Town,HE van der Dussen,sat00043,1.0
MI Cape Town,RD Rickelton,sat00043,2.0
MI Cape Town,D Brevis,sat00043,3.0
MI Cape Town,C Esterhuizen,sat00043,4.0
MI Cape Town,SM Curran,sat00043,
MI Cape Town,LS Livingstone,sat00043,
MI Cape Town,KA Pollard,sat00043,
MI Cape Town,GF Linde,sat00043,
MI Cape Town,K Rabada,sat00043,
MI Cape Town,TP Kaber,sat00043,
MI Cape Town,OP Stone,sat00043,
Durban's Super Giants,MP Breetzke,sat00044,1.0
Durban's Super Giants,Q de Kock,sat00044,2.0
Durban's Super Giants,JT Smuts,sat00044,3.0
Durban's Super Giants,H Klaasen,sat00044,4.0
Durban's Super Giants,MP Stoinis,sat00044,5.0
Durban's Super Giants,PWA Mulder,sat00044,6.0
Durban's Super Giants,D Pretorius,sat00044,7.0
Durban's Super Giants,KA Maharaj,sat00044,8.0
Durban's Super Giants,Naveen-ul-Haq,sat00044,
Durban's Super Giants,RJW Topley,sat00044,
Durban's Super Giants,Noor Ahmad,sat00044,
Sunrisers Eastern Cape,J Hermann,sat00044,1.0
Sunrisers Eastern Cape,DJ Malan,sat00044,2.0
Sunrisers Eastern Cape,TB Abell,sat00044,3.0
Sunrisers Eastern Cape,AK Markram,sat00044,4.0
Sunrisers Eastern Cape,T Stubbs,sat00044,5.0
Sunrisers Eastern Cape,PE Kruger,sat00044,6.0
Sunrisers Eastern Cape,M Jansen,sat00044,7.0
Sunrisers Eastern Cape,LA Dawson,sat00044,
Sunrisers Eastern Cape,SR Harmer,sat00044,
Sunrisers Eastern Cape,OEG Baartman,sat00044,
Sunrisers Eastern Cape,DJ Worrall,sat00044,
Pretoria Capitals,PD Salt,sat00045,1.0
Pretoria Capitals,WG Jacks,sat00045,2.0
Pretoria Capitals,K Verreynne,sat00045,3.0
Pretoria Capitals,RR Rossouw,sat00045,4.0
Pretoria Capitals,CA Ingram,sat00045,5.0
Pretoria Capitals,JDS Neesham,sat00045,6.0
Pretoria Capitals,C Bosch,sat00045,7.0
Pretoria Capitals,WD Parnell,sat00045,8.0
Pretoria Capitals,E Bosch,sat00045,9.0
Pretoria Capitals,AU Rashid,sat00045,10.0
Pretoria Capitals,GC Viljoen,sat00045,11.0
Joburg Super Kings,RR Hendricks,sat00045,1.0
Joburg Super Kings,F du Plessis,sat00045,2.0
Joburg Super Kings,JL du Plooy,sat00045,3.0
Joburg Super Kings,BS Makhanya,sat00045,4.0
Joburg Super Kings,MM Ali,sat00045,5.0
Joburg Super Kings,D Ferreira,sat00045,6.0
Joburg Super Kings,D Wiese,sat00045,
Joburg Super Kings,R Shepherd,sat00045,
Joburg Super Kings,LB Williams,sat00045,
Joburg Super Kings,N Burger,sat00045,
Joburg Super Kings,Imran Tahir,sat00045,
Paarl Royals,JJ Roy,sat00046,1.0
Paarl Royals,JC Buttler,sat00046,2.0
Paarl Royals,DA Miller,sat00046,3.0
Paarl Royals,FA Allen,sat00046,4.0
Paarl Royals,M Van Buuren,sat00046,5.0
Paarl Royals,AL Phehlukwayo,sat00046,6.0
Paarl Royals,WJ Lubbe,sat00046,
Paarl Royals,BC Fortuin,sat00046,
Paarl Royals,L Ngidi,sat00046,
Paarl Royals,T Shamsi,sat00046,
Paarl Royals,OC McCoy,sat00046,
MI Cape Town,RD Rickelton,sat00046,1.0
MI Cape Town,HE van der Dussen,sat00046,2.0
MI Cape Town,D Brevis,sat00046,3.0
MI Cape Town,C Esterhuizen,sat00046,4.0
MI Cape Town,SM Curran,sat00046,5.0
MI Cape Town,LS Livingstone,sat00046,6.0
MI Cape Town,KA Pollard,sat00046,7.0
MI Cape Town,GF Linde,sat00046,8.0
MI Cape Town,TP Kaber,sat00046,9.0
MI Cape Town,K Rabada,sat00046,10.0
MI Cape Town,N Thushara,sat00046,11.0
Pretoria Capitals,PD Salt,sat00047,1.0
Pretoria Capitals,WG Jacks,sat00047,2.0
Pretoria Capitals,K Verreynne,sat00047,3.0
Pretoria Capitals,RR Rossouw,sat00047,4.0
Pretoria Capitals,CA Ingram,sat00047,5.0
Pretoria Capitals,JDS Neesham,sat00047,6.0
Pretoria Capitals,S Muthusamy,sat00047,7.0
Pretoria Capitals,WD Parnell,sat00047,8.0
Pretoria Capitals,E Bosch,sat00047,9.0
Pretoria Capitals,AU Rashid,sat00047,10.0
Pretoria Capitals,DM Dupavillon,sat00047,11.0
Sunrisers Eastern Cape,J Hermann,sat00047,1.0
Sunrisers Eastern Cape,DJ Malan,sat00047,2.0
Sunrisers Eastern Cape,TB Abell,sat00047,3.0
Sunrisers Eastern Cape,AK Markram,sat00047,
Sunrisers Eastern Cape,T Stubbs,sat00047,
Sunrisers Eastern Cape,LA Dawson,sat00047,
Sunrisers Eastern Cape,M Jansen,sat00047,
Sunrisers Eastern Cape,SR Harmer,sat00047,
Sunrisers Eastern Cape,OEG Baartman,sat00047,
Sunrisers Eastern Cape,DJ Worrall,sat00047,
Sunrisers Eastern Cape,PE Kruger,sat00047,
Durban's Super Giants,MP Breetzke,sat00048,1.0
Durban's Super Giants,T de Zorzi,sat00048,2.0
Durban's Super Giants,Q de Kock,sat00048,3.0
Durban's Super Giants,JT Smuts,sat00048,4.0
Durban's Super Giants,H Klaasen,sat00048,5.0
Durban's Super Giants,MP Stoinis,sat00048,6.0
Durban's Super Giants,PWA Mulder,sat00048,7.0
Durban's Super Giants,KA Maharaj,sat00048,8.0
Durban's Super Giants,RJW Topley,sat00048,
Durban's Super Giants,Noor Ahmad,sat00048,
Durban's Super Giants,Naveen-ul-Haq,sat00048,
MI Cape Town,HE van der Dussen,sat00048,1.0
MI Cape Town,RD Rickelton,sat00048,2.0
MI Cape Town,C Esterhuizen,sat00048,3.0
MI Cape Town,SM Curran,sat00048,4.0
MI Cape Town,D Brevis,sat00048,5.0
MI Cape Town,LS Livingstone,sat00048,6.0
MI Cape Town,KA Pollard,sat00048,7.0
MI Cape Town,GF Linde,sat00048,8.0
MI Cape Town,TP Kaber,sat00048,9.0
MI Cape Town,OP Stone,sat00048,10.0
MI Cape Town,K Rabada,sat00048,11.0
Joburg Super Kings,F du Plessis,sat00049,1.0
Joburg Super Kings,RR Hendricks,sat00049,2.0
Joburg Super Kings,JL du Plooy,sat00049,3.0
Joburg Super Kings,BS Makhanya,sat00049,4.0
Joburg Super Kings,MM Ali,sat00049,5.0
Joburg Super Kings,D Ferreira,sat00049,
Joburg Super Kings,R Shepherd,sat00049,
Joburg Super Kings,KI Simmonds,sat00049,
Joburg Super Kings,LB Williams,sat00049,
Joburg Super Kings,N Burger,sat00049,
Joburg Super Kings,Imran Tahir,sat00049,
Paarl Royals,JJ Roy,sat00049,1.0
Paarl Royals,JC Buttler,sat00049,2.0
Paarl Royals,WJ Lubbe,sat00049,3.0
Paarl Royals,M Van Buuren,sat00049,4.0
Paarl Royals,DJ Vilas,sat00049,5.0
Paarl Royals,FA Allen,sat00049,6.0
Paarl Royals,AL Phehlukwayo,sat00049,7.0
Paarl Royals,BC Fortuin,sat00049,
Paarl Royals,L Ngidi,sat00049,
Paarl Royals,T Shamsi,sat00049,
Paarl Royals,OC McCoy,sat00049,
Pretoria Capitals,PD Salt,sat00050,1.0
Pretoria Capitals,WG Jacks,sat00050,2.0
Pretoria Capitals,K Verreynne,sat00050,3.0
Pretoria Capitals,RR Rossouw,sat00050,4.0
Pretoria Capitals,CA Ingram,sat00050,5.0
Pretoria Capitals,S Dadswell,sat00050,6.0
Pretoria Capitals,JDS Neesham,sat00050,7.0
Pretoria Capitals,WD Parnell,sat00050,8.0
Pretoria Capitals,E Bosch,sat00050,9.0
Pretoria Capitals,AU Rashid,sat00050,10.0
Pretoria Capitals,DM Dupavillon,sat00050,11.0
Sunrisers Eastern Cape,AM Rossington,sat00050,1.0
Sunrisers Eastern Cape,DJ Malan,sat00050,2.0
Sunrisers Eastern Cape,J Hermann,sat00050,3.0
Sunrisers Eastern Cape,AK Markram,sat00050,4.0
Sunrisers Eastern Cape,T Stubbs,sat00050,5.0
Sunrisers Eastern Cape,PE Kruger,sat00050,6.0
Sunrisers Eastern Cape,M Jansen,sat00050,7.0
Sunrisers Eastern Cape,LA Dawson,sat00050,8.0
Sunrisers Eastern Cape,B Swanepoel,sat00050,9.0
Sunrisers Eastern Cape,SR Harmer,sat00050,10.0
Sunrisers Eastern Cape,DJ Worrall,sat00050,11.0
Durban's Super Giants,T de Zorzi,sat00051,1.0
Durban's Super Giants,MP Breetzke,sat00051,2.0
Durban's Super Giants,JT Smuts,sat00051,3.0
Durban's Super Giants,Q de Kock,sat00051,4.0
Durban's Super Giants,H Klaasen,sat00051,5.0
Durban's Super Giants,MP Stoinis,sat00051,
Durban's Super Giants,PWA Mulder,sat00051,
Durban's Super Giants,KA Maharaj,sat00051,
Durban's Super Giants,RJW Topley,sat00051,
Durban's Super Giants,Noor Ahmad,sat00051,
Durban's Super Giants,Naveen-ul-Haq,sat00051,
Paarl Royals,JJ Roy,sat00051,1.0
Paarl Royals,JC Buttler,sat00051,2.0
Paarl Royals,WJ Lubbe,sat00051,3.0
Paarl Royals,DA Miller,sat00051,4.0
Paarl Royals,M Van Buuren,sat00051,5.0
Paarl Royals,AL Phehlukwayo,sat00051,6.0
Paarl Royals,FA Allen,sat00051,7.0
Paarl Royals,BC Fortuin,sat00051,8.0
Paarl Royals,L Ngidi,sat00051,9.0
Paarl Royals,OC McCoy,sat00051,10.0
Paarl Royals,T Shamsi,sat00051,11.0
Joburg Super Kings,F du Plessis,sat00052,2.0
Joburg Super Kings,RR Hendricks,sat00052,1.0
Joburg Super Kings,JL du Plooy,sat00052,3.0
Joburg Super Kings,BS Makhanya,sat00052,4.0
Joburg Super Kings,MM Ali,sat00052,
Joburg Super Kings,D Ferreira,sat00052,
Joburg Super Kings,R Shepherd,sat00052,
Joburg Super Kings,LB Williams,sat00052,
Joburg Super Kings,Imran Tahir,sat00052,
Joburg Super Kings,D Wiese,sat00052,
Joburg Super Kings,N Burger,sat00052,
Pretoria Capitals,PD Salt,sat00052,
Pretoria Capitals,WG Jacks,sat00052,
Pretoria Capitals,K Verreynne,sat00052,
Pretoria Capitals,RR Rossouw,sat00052,
Pretoria Capitals,CA Ingram,sat00052,
Pretoria Capitals,S Dadswell,sat00052,
Pretoria Capitals,C Bosch,sat00052,
Pretoria Capitals,WD Parnell,sat00052,
Pretoria Capitals,E Bosch,sat00052,
Pretoria Capitals,AU Rashid,sat00052,
Pretoria Capitals,DM Dupavillon,sat00052,
Sunrisers Eastern Cape,J Hermann,sat00053,1.0
Sunrisers Eastern Cape,DJ Malan,sat00053,2.0
Sunrisers Eastern Cape,TB Abell,sat00053,3.0
Sunrisers Eastern Cape,AK Markram,sat00053,4.0
Sunrisers Eastern Cape,T Stubbs,sat00053,5.0
Sunrisers Eastern Cape,PE Kruger,sat00053,6.0
Sunrisers Eastern Cape,M Jansen,sat00053,7.0
Sunrisers Eastern Cape,LA Dawson,sat00053,
Sunrisers Eastern Cape,SR Harmer,sat00053,
Sunrisers Eastern Cape,DJ Worrall,sat00053,
Sunrisers Eastern Cape,OEG Baartman,sat00053,
MI Cape Town,HE van der Dussen,sat00053,1.0
MI Cape Town,RD Rickelton,sat00053,2.0
MI Cape Town,LS Livingstone,sat00053,3.0
MI Cape Town,SM Curran,sat00053,4.0
MI Cape Town,KA Pollard,sat00053,5.0
MI Cape Town,D Brevis,sat00053,6.0
MI Cape Town,D Potgieter,sat00053,7.0
MI Cape Town,GF Linde,sat00053,8.0
MI Cape Town,TP Kaber,sat00053,9.0
MI Cape Town,N Thushara,sat00053,
MI Cape Town,K Rabada,sat00053,
Durban's Super Giants,T de Zorzi,sat00054,1.0
Durban's Super Giants,MP Breetzke,sat00054,2.0
Durban's Super Giants,Q de Kock,sat00054,3.0
Durban's Super Giants,JT Smuts,sat00054,4.0
Durban's Super Giants,MP Stoinis,sat00054,5.0
Durban's Super Giants,H Klaasen,sat00054,6.0
Durban's Super Giants,PWA Mulder,sat00054,7.0
Durban's Super Giants,KA Maharaj,sat00054,8.0
Durban's Super Giants,RJW Topley,sat00054,
Durban's Super Giants,Noor Ahmad,sat00054,
Durban's Super Giants,Naveen-ul-Haq,sat00054,
Paarl Royals,JJ Roy,sat00054,1.0
Paarl Royals,JC Buttler,sat00054,2.0
Paarl Royals,WJ Lubbe,sat00054,3.0
Paarl Royals,M Van Buuren,sat00054,4.0
Paarl Royals,DA Miller,sat00054,5.0
Paarl Royals,AL Phehlukwayo,sat00054,6.0
Paarl Royals,FA Allen,sat00054,7.0
Paarl Royals,BC Fortuin,sat00054,8.0
Paarl Royals,L Ngidi,sat00054,9.0
Paarl Royals,OC McCoy,sat00054,10.0
Paarl Royals,T Shamsi,sat00054,11.0
MI Cape Town,HE van der Dussen,sat00055,1.0
MI Cape Town,RD Rickelton,sat00055,2.0
MI Cape Town,LS Livingstone,sat00055,3.0
MI Cape Town,KA Pollard,sat00055,4.0
MI Cape Town,SM Curran,sat00055,5.0
MI Cape Town,D Brevis,sat00055,
MI Cape Town,GF Linde,sat00055,
MI Cape Town,TP Kaber,sat00055,
MI Cape Town,D Potgieter,sat00055,
MI Cape Town,N Thushara,sat00055,
MI Cape Town,K Rabada,sat00055,
Joburg Super Kings,JL du Plooy,sat00055,1.0
Joburg Super Kings,F du Plessis,sat00055,2.0
Joburg Super Kings,RR Hendricks,sat00055,
Joburg Super Kings,WL Madsen,sat00055,
Joburg Super Kings,MM Ali,sat00055,
Joburg Super Kings,D Ferreira,sat00055,
Joburg Super Kings,D Wiese,sat00055,
Joburg Super Kings,LB Williams,sat00055,
Joburg Super Kings,Imran Tahir,sat00055,
Joburg Super Kings,N Burger,sat00055,
Joburg Super Kings,KI Simmonds,sat00055,
Durban's Super Giants,MP Breetzke,sat00056,1.0
Durban's Super Giants,T de Zorzi,sat00056,2.0
Durban's Super Giants,Q de Kock,sat00056,3.0
Durban's Super Giants,H Klaasen,sat00056,4.0
Durban's Super Giants,KMA Paul,sat00056,5.0
Durban's Super Giants,JT Smuts,sat00056,6.0
Durban's Super Giants,PWA Mulder,sat00056,7.0
Durban's Super Giants,KA Maharaj,sat00056,8.0
Durban's Super Giants,CJ Dala,sat00056,9.0
Durban's Super Giants,Noor Ahmad,sat00056,10.0
Durban's Super Giants,Naveen-ul-Haq,sat00056,11.0
Pretoria Capitals,PD Salt,sat00056,1.0
Pretoria Capitals,WG Jacks,sat00056,2.0
Pretoria Capitals,K Verreynne,sat00056,3.0
Pretoria Capitals,RR Rossouw,sat00056,4.0
Pretoria Capitals,CN Ackermann,sat00056,5.0
Pretoria Capitals,CA Ingram,sat00056,6.0
Pretoria Capitals,S Muthusamy,sat00056,7.0
Pretoria Capitals,WD Parnell,sat00056,8.0
Pretoria Capitals,E Bosch,sat00056,9.0
Pretoria Capitals,AU Rashid,sat00056,10.0
Pretoria Capitals,DM Dupavillon,sat00056,11.0
Joburg Super Kings,JL du Plooy,sat00057,1.0
Joburg Super Kings,F du Plessis,sat00057,2.0
Joburg Super Kings,RR Hendricks,sat00057,3.0
Joburg Super Kings,WL Madsen,sat00057,4.0
Joburg Super Kings,MM Ali,sat00057,5.0
Joburg Super Kings,KI Simmonds,sat00057,6.0
Joburg Super Kings,D Ferreira,sat00057,7.0
Joburg Super Kings,DAJ Bracewell,sat00057,8.0
Joburg Super Kings,LB Williams,sat00057,9.0
Joburg Super Kings,N Burger,sat00057,10.0
Joburg Super Kings,Imran Tahir,sat00057,11.0
Sunrisers Eastern Cape,J Hermann,sat00057,1.0
Sunrisers Eastern Cape,DJ Malan,sat00057,2.0
Sunrisers Eastern Cape,TB Abell,sat00057,3.0
Sunrisers Eastern Cape,AK Markram,sat00057,
Sunrisers Eastern Cape,T Stubbs,sat00057,
Sunrisers Eastern Cape,PE Kruger,sat00057,
Sunrisers Eastern Cape,M Jansen,sat00057,
Sunrisers Eastern Cape,LA Dawson,sat00057,
Sunrisers Eastern Cape,B Swanepoel,sat00057,
Sunrisers Eastern Cape,SR Harmer,sat00057,
Sunrisers Eastern Cape,DJ Worrall,sat00057,
MI Cape Town,HE van der Dussen,sat00058,1.0
MI Cape Town,RD Rickelton,sat00058,2.0
MI Cape Town,LS Livingstone,sat00058,3.0
MI Cape Town,D Brevis,sat00058,4.0
MI Cape Town,SM Curran,sat00058,5.0
MI Cape Town,KA Pollard,sat00058,6.0
MI Cape Town,N van Heerden,sat00058,
MI Cape Town,GF Linde,sat00058,
MI Cape Town,TP Kaber,sat00058,
MI Cape Town,K Rabada,sat00058,
MI Cape Town,N Thushara,sat00058,
Pretoria Capitals,PD Salt,sat00058,1.0
Pretoria Capitals,WG Jacks,sat00058,2.0
Pretoria Capitals,K Verreynne,sat00058,3.0
Pretoria Capitals,RR Rossouw,sat00058,4.0
Pretoria Capitals,CN Ackermann,sat00058,5.0
Pretoria Capitals,TB de Bruyn,sat00058,6.0
Pretoria Capitals,S Dadswell,sat00058,7.0
Pretoria Capitals,WD Parnell,sat00058,8.0
Pretoria Capitals,E Bosch,sat00058,9.0
Pretoria Capitals,AU Rashid,sat00058,10.0
Pretoria Capitals,DM Dupavillon,sat00058,
Sunrisers Eastern Cape,J Hermann,sat00059,1.0
Sunrisers Eastern Cape,DJ Malan,sat00059,2.0
Sunrisers Eastern Cape,TB Abell,sat00059,3.0
Sunrisers Eastern Cape,M Jansen,sat00059,4.0
Sunrisers Eastern Cape,AK Markram,sat00059,5.0
Sunrisers Eastern Cape,T Stubbs,sat00059,6.0
Sunrisers Eastern Cape,LA Dawson,sat00059,
Sunrisers Eastern Cape,PE Kruger,sat00059,
Sunrisers Eastern Cape,B Swanepoel,sat00059,
Sunrisers Eastern Cape,SR Harmer,sat00059,
Sunrisers Eastern Cape,DJ Worrall,sat00059,
Paarl Royals,JJ Roy,sat00059,1.0
Paarl Royals,JC Buttler,sat00059,2.0
Paarl Royals,DA Miller,sat00059,3.0
Paarl Royals,M Van Buuren,sat00059,4.0
Paarl Royals,E Jones,sat00059,5.0
Paarl Royals,DJ Vilas,sat00059,6.0
Paarl Royals,WJ Lubbe,sat00059,7.0
Paarl Royals,BC Fortuin,sat00059,8.0
Paarl Royals,L Ngidi,sat00059,9.0
Paarl Royals,T Shamsi,sat00059,
Paarl Royals,OC McCoy,sat00059,
Durban's Super Giants,MP Breetzke,sat00060,1.0
Durban's Super Giants,T de Zorzi,sat00060,2.0
Durban's Super Giants,D Pretorius,sat00060,3.0
Durban's Super Giants,JT Smuts,sat00060,4.0
Durban's Super Giants,PWA Mulder,sat00060,5.0
Durban's Super Giants,H Klaasen,sat00060,6.0
Durban's Super Giants,KMA Paul,sat00060,7.0
Durban's Super Giants,KA Maharaj,sat00060,
Durban's Super Giants,RJW Topley,sat00060,
Durban's Super Giants,Noor Ahmad,sat00060,
Durban's Super Giants,Naveen-ul-Haq,sat00060,
Joburg Super Kings,F du Plessis,sat00060,1.0
Joburg Super Kings,JL du Plooy,sat00060,2.0
Joburg Super Kings,WL Madsen,sat00060,3.0
Joburg Super Kings,MM Ali,sat00060,4.0
Joburg Super Kings,D Ferreira,sat00060,5.0
Joburg Super Kings,RR Hendricks,sat00060,
Joburg Super Kings,DAJ Bracewell,sat00060,
Joburg Super Kings,Dayyaan Galiem,sat00060,
Joburg Super Kings,LB Williams,sat00060,
Joburg Super Kings,N Burger,sat00060,
Joburg Super Kings,Imran Tahir,sat00060,
MI Cape Town,HE van der Dussen,sat00061,1.0
MI Cape Town,RD Rickelton,sat00061,2.0
MI Cape Town,LS Livingstone,sat00061,3.0
MI Cape Town,SM Curran,sat00061,4.0
MI Cape Town,D Brevis,sat00061,5.0
MI Cape Town,KA Pollard,sat00061,6.0
MI Cape Town,GF Linde,sat00061,7.0
MI Cape Town,TP Kaber,sat00061,8.0
MI Cape Town,K Rabada,sat00061,9.0
MI Cape Town,N Thushara,sat00061,10.0
MI Cape Town,N van Heerden,sat00061,
Pretoria Capitals,PD Salt,sat00061,1.0
Pretoria Capitals,WG Jacks,sat00061,2.0
Pretoria Capitals,K Verreynne,sat00061,3.0
Pretoria Capitals,RR Rossouw,sat00061,4.0
Pretoria Capitals,CN Ackermann,sat00061,5.0
Pretoria Capitals,TB de Bruyn,sat00061,6.0
Pretoria Capitals,S Muthusamy,sat00061,7.0
Pretoria Capitals,WD Parnell,sat00061,8.0
Pretoria Capitals,AU Rashid,sat00061,
Pretoria Capitals,E Bosch,sat00061,
Pretoria Capitals,DM Dupavillon,sat00061,
Paarl Royals,JJ Roy,sat00062,1.0
Paarl Royals,JC Buttler,sat00062,2.0
Paarl Royals,M Van Buuren,sat00062,3.0
Paarl Royals,DA Miller,sat00062,4.0
Paarl Royals,DJ Vilas,sat00062,5.0
Paarl Royals,WJ Lubbe,sat00062,6.0
Paarl Royals,AL Phehlukwayo,sat00062,7.0
Paarl Royals,BC Fortuin,sat00062,8.0
Paarl Royals,Codi Yusuf,sat00062,9.0
Paarl Royals,N Peter,sat00062,
Paarl Royals,JA Turner,sat00062,
Sunrisers Eastern Cape,J Hermann,sat00062,1.0
Sunrisers Eastern Cape,DJ Malan,sat00062,2.0
Sunrisers Eastern Cape,T Bavuma,sat00062,3.0
Sunrisers Eastern Cape,AK Markram,sat00062,4.0
Sunrisers Eastern Cape,T Stubbs,sat00062,5.0
Sunrisers Eastern Cape,PE Kruger,sat00062,6.0
Sunrisers Eastern Cape,LA Dawson,sat00062,7.0
Sunrisers Eastern Cape,B Swanepoel,sat00062,
Sunrisers Eastern Cape,SR Harmer,sat00062,
Sunrisers Eastern Cape,DJ Worrall,sat00062,
Sunrisers Eastern Cape,OEG Baartman,sat00062,
Sunrisers Eastern Cape,J Hermann,sat00063,1.0
Sunrisers Eastern Cape,DJ Malan,sat00063,2.0
Sunrisers Eastern Cape,TB Abell,sat00063,3.0
Sunrisers Eastern Cape,AK Markram,sat00063,4.0
Sunrisers Eastern Cape,T Stubbs,sat00063,5.0
Sunrisers Eastern Cape,PE Kruger,sat00063,6.0
Sunrisers Eastern Cape,M Jansen,sat00063,7.0
Sunrisers Eastern Cape,LA Dawson,sat00063,8.0
Sunrisers Eastern Cape,SR Harmer,sat00063,9.0
Sunrisers Eastern Cape,DJ Worrall,sat00063,10.0
Sunrisers Eastern Cape,OEG Baartman,sat00063,
Durban's Super Giants,MP Breetzke,sat00063,1.0
Durban's Super Giants,T de Zorzi,sat00063,2.0
Durban's Super Giants,Q de Kock,sat00063,3.0
Durban's Super Giants,JT Smuts,sat00063,4.0
Durban's Super Giants,PWA Mulder,sat00063,5.0
Durban's Super Giants,H Klaasen,sat00063,6.0
Durban's Super Giants,D Pretorius,sat00063,7.0
Durban's Super Giants,KA Maharaj,sat00063,8.0
Durban's Super Giants,CJ Dala,sat00063,9.0
Durban's Super Giants,Naveen-ul-Haq,sat00063,10.0
Durban's Super Giants,RJW Topley,sat00063,11.0
Paarl Royals,JJ Roy,sat00064,1.0
Paarl Royals,JC Buttler,sat00064,2.0
Paarl Royals,M Van Buuren,sat00064,3.0
Paarl Royals,DJ Vilas,sat00064,4.0
Paarl Royals,WJ Lubbe,sat00064,5.0
Paarl Royals,DA Miller,sat00064,6.0
Paarl Royals,AL Phehlukwayo,sat00064,7.0
Paarl Royals,BC Fortuin,sat00064,8.0
Paarl Royals,Codi Yusuf,sat00064,9.0
Paarl Royals,OC McCoy,sat00064,10.0
Paarl Royals,T Shamsi,sat00064,11.0
Joburg Super Kings,JL du Plooy,sat00064,1.0
Joburg Super Kings,F du Plessis,sat00064,2.0
Joburg Super Kings,RR Hendricks,sat00064,3.0
Joburg Super Kings,BS Makhanya,sat00064,
Joburg Super Kings,MM Ali,sat00064,
Joburg Super Kings,D Ferreira,sat00064,
Joburg Super Kings,DAJ Bracewell,sat00064,
Joburg Super Kings,Dayyaan Galiem,sat00064,
Joburg Super Kings,SJ Cook,sat00064,
Joburg Super Kings,N Burger,sat00064,
Joburg Super Kings,Imran Tahir,sat00064,
Durban's Super Giants,MP Breetzke,sat00065,1.0
Durban's Super Giants,Q de Kock,sat00065,2.0
Durban's Super Giants,JT Smuts,sat00065,3.0
Durban's Super Giants,PBB Rajapaksa,sat00065,4.0
Durban's Super Giants,H Klaasen,sat00065,5.0
Durban's Super Giants,PWA Mulder,sat00065,6.0
Durban's Super Giants,D Pretorius,sat00065,7.0
Durban's Super Giants,KA Maharaj,sat00065,8.0
Durban's Super Giants,CJ Dala,sat00065,
Durban's Super Giants,Naveen-ul-Haq,sat00065,
Durban's Super Giants,RJW Topley,sat00065,
Joburg Super Kings,F du Plessis,sat00065,1.0
Joburg Super Kings,JL du Plooy,sat00065,2.0
Joburg Super Kings,RR Hendricks,sat00065,3.0
Joburg Super Kings,BS Makhanya,sat00065,4.0
Joburg Super Kings,MM Ali,sat00065,5.0
Joburg Super Kings,D Ferreira,sat00065,6.0
Joburg Super Kings,DAJ Bracewell,sat00065,7.0
Joburg Super Kings,Dayyaan Galiem,sat00065,8.0
Joburg Super Kings,SJ Cook,sat00065,9.0
Joburg Super Kings,N Burger,sat00065,10.0
Joburg Super Kings,Imran Tahir,sat00065,11.0
Sunrisers Eastern Cape,J Hermann,sat00066,1.0
Sunrisers Eastern Cape,DJ Malan,sat00066,2.0
Sunrisers Eastern Cape,TB Abell,sat00066,3.0
Sunrisers Eastern Cape,AK Markram,sat00066,4.0
Sunrisers Eastern Cape,T Stubbs,sat00066,5.0
Sunrisers Eastern Cape,PE Kruger,sat00066,
Sunrisers Eastern Cape,M Jansen,sat00066,
Sunrisers Eastern Cape,LA Dawson,sat00066,
Sunrisers Eastern Cape,SR Harmer,sat00066,
Sunrisers Eastern Cape,DJ Worrall,sat00066,
Sunrisers Eastern Cape,OEG Baartman,sat00066,
Durban's Super Giants,Q de Kock,sat00066,1.0
Durban's Super Giants,MP Breetzke,sat00066,2.0
Durban's Super Giants,JT Smuts,sat00066,3.0
Durban's Super Giants,PBB Rajapaksa,sat00066,4.0
Durban's Super Giants,PWA Mulder,sat00066,5.0
Durban's Super Giants,H Klaasen,sat00066,6.0
Durban's Super Giants,D Pretorius,sat00066,7.0
Durban's Super Giants,KA Maharaj,sat00066,8.0
Durban's Super Giants,CJ Dala,sat00066,9.0
Durban's Super Giants,Naveen-ul-Haq,sat00066,10.0
Durban's Super Giants,RJW Topley,sat00066,11.0
MI Cape Town,HE van der Dussen,sat00067,1.0
MI Cape Town,RR Hendricks,sat00067,2.0
MI Cape Town,C Esterhuizen,sat00067,3.0
MI Cape Town,CA Ingram,sat00067,4.0
MI Cape Town,D Brevis,sat00067,5.0
MI Cape Town,GF Linde,sat00067,6.0
MI Cape Town,Azmatullah Omarzai,sat00067,7.0
MI Cape Town,Rashid Khan,sat00067,8.0
MI Cape Town,D Potgieter,sat00067,9.0
MI Cape Town,C Bosch,sat00067,
MI Cape Town,TA Boult,sat00067,
Sunrisers Eastern Cape,Z Crawley,sat00067,1.0
Sunrisers Eastern Cape,J Hermann,sat00067,2.0
Sunrisers Eastern Cape,TB Abell,sat00067,3.0
Sunrisers Eastern Cape,AK Markram,sat00067,4.0
Sunrisers Eastern Cape,T Stubbs,sat00067,5.0
Sunrisers Eastern Cape,B Swanepoel,sat00067,6.0
Sunrisers Eastern Cape,DG Bedingham,sat00067,7.0
Sunrisers Eastern Cape,M Jansen,sat00067,8.0
Sunrisers Eastern Cape,LA Dawson,sat00067,9.0
Sunrisers Eastern Cape,SR Harmer,sat00067,10.0
Sunrisers Eastern Cape,RJ Gleeson,sat00067,11.0
Durban's Super Giants,B Parsons,sat00068,1.0
Durban's Super Giants,MP Breetzke,sat00068,2.0
Durban's Super Giants,KS Williamson,sat00068,3.0
Durban's Super Giants,Q de Kock,sat00068,4.0
Durban's Super Giants,H Klaasen,sat00068,5.0
Durban's Super Giants,PWA Mulder,sat00068,6.0
Durban's Super Giants,D Pretorius,sat00068,
Durban's Super Giants,CR Woakes,sat00068,
Durban's Super Giants,KA Maharaj,sat00068,
Durban's Super Giants,Naveen-ul-Haq,sat00068,
Durban's Super Giants,Noor Ahmad,sat00068,
Pretoria Capitals,WG Jacks,sat00068,1.0
Pretoria Capitals,Rahmanullah Gurbaz,sat00068,2.0
Pretoria Capitals,RR Rossouw,sat00068,3.0
Pretoria Capitals,S Muthusamy,sat00068,4.0
Pretoria Capitals,LS Livingstone,sat00068,5.0
Pretoria Capitals,JDS Neesham,sat00068,6.0
Pretoria Capitals,K Verreynne,sat00068,7.0
Pretoria Capitals,S Stolk,sat00068,8.0
Pretoria Capitals,KI Simmonds,sat00068,
Pretoria Capitals,E Bosch,sat00068,
Pretoria Capitals,DM Dupavillon,sat00068,
Sunrisers Eastern Cape,J Hermann,sat00069,1.0
Sunrisers Eastern Cape,Z Crawley,sat00069,2.0
Sunrisers Eastern Cape,TB Abell,sat00069,3.0
Sunrisers Eastern Cape,AK Markram,sat00069,4.0
Sunrisers Eastern Cape,T Stubbs,sat00069,5.0
Sunrisers Eastern Cape,M Jansen,sat00069,6.0
Sunrisers Eastern Cape,DG Bedingham,sat00069,
Sunrisers Eastern Cape,LA Dawson,sat00069,
Sunrisers Eastern Cape,SR Harmer,sat00069,
Sunrisers Eastern Cape,OEG Baartman,sat00069,
Sunrisers Eastern Cape,RJ Gleeson,sat00069,
Paarl Royals,LG Pretorius,sat00069,1.0
Paarl Royals,JE Root,sat00069,2.0
Paarl Royals,DA Miller,sat00069,3.0
Paarl Royals,SR Hain,sat00069,
Paarl Royals,M Van Buuren,sat00069,
Paarl Royals,KD Karthik,sat00069,
Paarl Royals,Dayyaan Galiem,sat00069,
Paarl Royals,BC Fortuin,sat00069,
Paarl Royals,Mujeeb Ur Rahman,sat00069,
Paarl Royals,KT Maphaka,sat00069,
Paarl Royals,L Ngidi,sat00069,
MI Cape Town,HE van der Dussen,sat00070,1.0
MI Cape Town,RR Hendricks,sat00070,2.0
MI Cape Town,C Esterhuizen,sat00070,3.0
MI Cape Town,CA Ingram,sat00070,4.0
MI Cape Town,D Brevis,sat00070,5.0
MI Cape Town,GF Linde,sat00070,6.0
MI Cape Town,Azmatullah Omarzai,sat00070,7.0
MI Cape Town,D Potgieter,sat00070,8.0
MI Cape Town,Rashid Khan,sat00070,
MI Cape Town,K Rabada,sat00070,
MI Cape Town,TA Boult,sat00070,
Joburg Super Kings,DP Conway,sat00070,1.0
Joburg Super Kings,F du Plessis,sat00070,2.0
Joburg Super Kings,JL du Plooy,sat00070,3.0
Joburg Super Kings,JM Bairstow,sat00070,4.0
Joburg Super Kings,WJ Lubbe,sat00070,5.0
Joburg Super Kings,D Ferreira,sat00070,
Joburg Super Kings,D Wiese,sat00070,
Joburg Super Kings,E Jones,sat00070,
Joburg Super Kings,M Pathirana,sat00070,
Joburg Super Kings,L Sipamla,sat00070,
Joburg Super Kings,T Shamsi,sat00070,
MI Cape Town,RD Rickelton,sat00071,1.0
MI Cape Town,HE van der Dussen,sat00071,2.0
MI Cape Town,RR Hendricks,sat00071,3.0
MI Cape Town,CA Ingram,sat00071,4.0
MI Cape Town,GF Linde,sat00071,5.0
MI Cape Town,D Potgieter,sat00071,6.0
MI Cape Town,D Brevis,sat00071,7.0
MI Cape Town,Azmatullah Omarzai,sat00071,8.0
MI Cape Town,Rashid Khan,sat00071,
MI Cape Town,K Rabada,sat00071,
MI Cape Town,TA Boult,sat00071,
Paarl Royals,LG Pretorius,sat00071,1.0
Paarl Royals,JE Root,sat00071,2.0
Paarl Royals,SR Hain,sat00071,3.0
Paarl Royals,M Van Buuren,sat00071,4.0
Paarl Royals,DA Miller,sat00071,5.0
Paarl Royals,Dayyaan Galiem,sat00071,6.0
Paarl Royals,KD Karthik,sat00071,7.0
Paarl Royals,BC Fortuin,sat00071,8.0
Paarl Royals,Mujeeb Ur Rahman,sat00071,9.0
Paarl Royals,KT Maphaka,sat00071,10.0
Paarl Royals,L Ngidi,sat00071,11.0
Joburg Super Kings,F du Plessis,sat00072,1.0
Joburg Super Kings,DP Conway,sat00072,2.0
Joburg Super Kings,JL du Plooy,sat00072,3.0
Joburg Super Kings,JM Bairstow,sat00072,4.0
Joburg Super Kings,WJ Lubbe,sat00072,5.0
Joburg Super Kings,D Ferreira,sat00072,6.0
Joburg Super Kings,D Wiese,sat00072,7.0
Joburg Super Kings,G Coetzee,sat00072,8.0
Joburg Super Kings,T Shamsi,sat00072,9.0
Joburg Super Kings,M Pathirana,sat00072,
Joburg Super Kings,Imran Tahir,sat00072,
Durban's Super Giants,BA King,sat00072,1.0
Durban's Super Giants,MP Breetzke,sat00072,2.0
Durban's Super Giants,Q de Kock,sat00072,3.0
Durban's Super Giants,PWA Mulder,sat00072,4.0
Durban's Super Giants,JF Smith,sat00072,5.0
Durban's Super Giants,H Klaasen,sat00072,6.0
Durban's Super Giants,CR Woakes,sat00072,7.0
Durban's Super Giants,KA Maharaj,sat00072,8.0
Durban's Super Giants,P Subrayen,sat00072,9.0
Durban's Super Giants,Noor Ahmad,sat00072,10.0
Durban's Super Giants,Naveen-ul-Haq,sat00072,11.0
Sunrisers Eastern Cape,DG Bedingham,sat00073,1.0
Sunrisers Eastern Cape,Z Crawley,sat00073,2.0
Sunrisers Eastern Cape,TB Abell,sat00073,3.0
Sunrisers Eastern Cape,AK Markram,sat00073,4.0
Sunrisers Eastern Cape,T Stubbs,sat00073,5.0
Sunrisers Eastern Cape,PE Kruger,sat00073,6.0
Sunrisers Eastern Cape,M Jansen,sat00073,7.0
Sunrisers Eastern Cape,SR Harmer,sat00073,8.0
Sunrisers Eastern Cape,C Overton,sat00073,9.0
Sunrisers Eastern Cape,OEG Baartman,sat00073,10.0
Sunrisers Eastern Cape,RJ Gleeson,sat00073,11.0
Pretoria Capitals,WG Jacks,sat00073,1.0
Pretoria Capitals,Rahmanullah Gurbaz,sat00073,2.0
Pretoria Capitals,K Verreynne,sat00073,3.0
Pretoria Capitals,RR Rossouw,sat00073,4.0
Pretoria Capitals,LS Livingstone,sat00073,5.0
Pretoria Capitals,MJ Ackerman,sat00073,6.0
Pretoria Capitals,JDS Neesham,sat00073,
Pretoria Capitals,M Pretorius,sat00073,
Pretoria Capitals,S Muthusamy,sat00073,
Pretoria Capitals,E Bosch,sat00073,
Pretoria Capitals,DM Dupavillon,sat00073,
MI Cape Town,HE van der Dussen,sat00074,1.0
MI Cape Town,Azmatullah Omarzai,sat00074,2.0
MI Cape Town,RR Hendricks,sat00074,3.0
MI Cape Town,GF Linde,sat00074,4.0
MI Cape Town,D Brevis,sat00074,5.0
MI Cape Town,D Potgieter,sat00074,6.0
MI Cape Town,C Esterhuizen,sat00074,
MI Cape Town,CA Ingram,sat00074,
MI Cape Town,Rashid Khan,sat00074,
MI Cape Town,K Rabada,sat00074,
MI Cape Town,TA Boult,sat00074,
Paarl Royals,LG Pretorius,sat00074,1.0
Paarl Royals,JE Root,sat00074,2.0
Paarl Royals,M Van Buuren,sat00074,3.0
Paarl Royals,DA Miller,sat00074,4.0
Paarl Royals,KD Karthik,sat00074,5.0
Paarl Royals,AL Phehlukwayo,sat00074,6.0
Paarl Royals,DN Wellalage,sat00074,
Paarl Royals,Dayyaan Galiem,sat00074,
Paarl Royals,BC Fortuin,sat00074,
Paarl Royals,Mujeeb Ur Rahman,sat00074,
Paarl Royals,KT Maphaka,sat00074,
Pretoria Capitals,WG Jacks,sat00075,1.0
Pretoria Capitals,Rahmanullah Gurbaz,sat00075,2.0
Pretoria Capitals,K Verreynne,sat00075,3.0
Pretoria Capitals,RR Rossouw,sat00075,4.0
Pretoria Capitals,LS Livingstone,sat00075,5.0
Pretoria Capitals,MJ Ackerman,sat00075,6.0
Pretoria Capitals,JDS Neesham,sat00075,7.0
Pretoria Capitals,S Muthusamy,sat00075,8.0
Pretoria Capitals,M Pretorius,sat00075,9.0
Pretoria Capitals,E Bosch,sat00075,10.0
Pretoria Capitals,T van Vuuren,sat00075,
Joburg Super Kings,DP Conway,sat00075,
Joburg Super Kings,F du Plessis,sat00075,
Joburg Super Kings,JL du Plooy,sat00075,
Joburg Super Kings,JM Bairstow,sat00075,
Joburg Super Kings,MM Ali,sat00075,
Joburg Super Kings,D Ferreira,sat00075,
Joburg Super Kings,E Jones,sat00075,
Joburg Super Kings,D Wiese,sat00075,
Joburg Super Kings,GC Viljoen,sat00075,
Joburg Super Kings,Imran Tahir,sat00075,
Joburg Super Kings,L Sipamla,sat00075,
Sunrisers Eastern Cape,DG Bedingham,sat00076,1.0
Sunrisers Eastern Cape,Z Crawley,sat00076,2.0
Sunrisers Eastern Cape,TB Abell,sat00076,3.0
Sunrisers Eastern Cape,AK Markram,sat00076,4.0
Sunrisers Eastern Cape,J Hermann,sat00076,5.0
Sunrisers Eastern Cape,M Jansen,sat00076,6.0
Sunrisers Eastern Cape,T Stubbs,sat00076,7.0
Sunrisers Eastern Cape,LA Dawson,sat00076,
Sunrisers Eastern Cape,SR Harmer,sat00076,
Sunrisers Eastern Cape,OEG Baartman,sat00076,
Sunrisers Eastern Cape,RJ Gleeson,sat00076,
Durban's Super Giants,MP Breetzke,sat00076,1.0
Durban's Super Giants,B Parsons,sat00076,2.0
Durban's Super Giants,KS Williamson,sat00076,3.0
Durban's Super Giants,Q de Kock,sat00076,4.0
Durban's Super Giants,H Klaasen,sat00076,5.0
Durban's Super Giants,PWA Mulder,sat00076,6.0
Durban's Super Giants,JF Smith,sat00076,7.0
Durban's Super Giants,CR Woakes,sat00076,8.0
Durban's Super Giants,KA Maharaj,sat00076,9.0
Durban's Super Giants,Noor Ahmad,sat00076,10.0
Durban's Super Giants,Naveen-ul-Haq,sat00076,11.0
Pretoria Capitals,WG Jacks,sat00077,1.0
Pretoria Capitals,Rahmanullah Gurbaz,sat00077,2.0
Pretoria Capitals,WCF Smeed,sat00077,3.0
Pretoria Capitals,K Verreynne,sat00077,4.0
Pretoria Capitals,RR Rossouw,sat00077,5.0
Pretoria Capitals,JDS Neesham,sat00077,6.0
Pretoria Capitals,MJ Ackerman,sat00077,7.0
Pretoria Capitals,S Muthusamy,sat00077,
Pretoria Capitals,M Pretorius,sat00077,
Pretoria Capitals,E Bosch,sat00077,
Pretoria Capitals,T van Vuuren,sat00077,
Paarl Royals,LG Pretorius,sat00077,1.0
Paarl Royals,JE Root,sat00077,2.0
Paarl Royals,RA Herman,sat00077,3.0
Paarl Royals,DA Miller,sat00077,4.0
Paarl Royals,M Van Buuren,sat00077,
Paarl Royals,KD Karthik,sat00077,
Paarl Royals,Dayyaan Galiem,sat00077,
Paarl Royals,Mujeeb Ur Rahman,sat00077,
Paarl Royals,E Malinga,sat00077,
Paarl Royals,KT Maphaka,sat00077,
Paarl Royals,L Ngidi,sat00077,
Joburg Super Kings,DP Conway,sat00078,1.0
Joburg Super Kings,F du Plessis,sat00078,2.0
Joburg Super Kings,JL du Plooy,sat00078,3.0
Joburg Super Kings,JM Bairstow,sat00078,4.0
Joburg Super Kings,WJ Lubbe,sat00078,5.0
Joburg Super Kings,D Ferreira,sat00078,6.0
Joburg Super Kings,E Jones,sat00078,7.0
Joburg Super Kings,D Wiese,sat00078,
Joburg Super Kings,T Shamsi,sat00078,
Joburg Super Kings,Imran Tahir,sat00078,
Joburg Super Kings,M Pathirana,sat00078,
MI Cape Town,HE van der Dussen,sat00078,1.0
MI Cape Town,RD Rickelton,sat00078,2.0
MI Cape Town,RR Hendricks,sat00078,3.0
MI Cape Town,D Brevis,sat00078,4.0
MI Cape Town,D Potgieter,sat00078,5.0
MI Cape Town,CA Ingram,sat00078,
MI Cape Town,GF Linde,sat00078,
MI Cape Town,C Bosch,sat00078,
MI Cape Town,Rashid Khan,sat00078,
MI Cape Town,K Rabada,sat00078,
MI Cape Town,TA Boult,sat00078,
Durban's Super Giants,BA King,sat00079,1.0
Durban's Super Giants,MP Breetzke,sat00079,2.0
Durban's Super Giants,KS Williamson,sat00079,3.0
Durban's Super Giants,Q de Kock,sat00079,4.0
Durban's Super Giants,JT Smuts,sat00079,5.0
Durban's Super Giants,PWA Mulder,sat00079,6.0
Durban's Super Giants,H Klaasen,sat00079,7.0
Durban's Super Giants,KA Maharaj,sat00079,8.0
Durban's Super Giants,CJ Dala,sat00079,9.0
Durban's Super Giants,Naveen-ul-Haq,sat00079,10.0
Durban's Super Giants,Noor Ahmad,sat00079,
Sunrisers Eastern Cape,DG Bedingham,sat00079,1.0
Sunrisers Eastern Cape,Z Crawley,sat00079,2.0
Sunrisers Eastern Cape,TB Abell,sat00079,3.0
Sunrisers Eastern Cape,J Hermann,sat00079,4.0
Sunrisers Eastern Cape,AK Markram,sat00079,5.0
Sunrisers Eastern Cape,M Jansen,sat00079,6.0
Sunrisers Eastern Cape,T Stubbs,sat00079,
Sunrisers Eastern Cape,LA Dawson,sat00079,
Sunrisers Eastern Cape,SR Harmer,sat00079,
Sunrisers Eastern Cape,OEG Baartman,sat00079,
Sunrisers Eastern Cape,RJ Gleeson,sat00079,
