key,city,competition,date,gender,match_type,neutral_venue,overs,player_of_match,venue
ipl0001,Bangalore,IPL,2008-04-18,male,T20,,20,BB McCullum,M Chinnaswamy Stadium
ipl0002,Delhi,IPL,2008-04-19,male,T20,,20,MF Maharoof,Feroz Shah Kotla
ipl0003,Chandigarh,IPL,2008-04-19,male,T20,,20,MEK Hussey,"Punjab Cricket Association Stadium, Mohali"
ipl0004,Kolkata,IPL,2008-04-20,male,T20,,20,DJ Hussey,Eden Gardens
ipl0005,Mumbai,IPL,2008-04-20,male,T20,,20,MV Boucher,Wankhede Stadium
ipl0006,Jaipur,IPL,2008-04-21,male,T20,,20,SR Watson,Sawai Mansingh Stadium
ipl0007,Hyderabad,IPL,2008-04-22,male,T20,,20,V Sehwag,"Rajiv Gandhi International Stadium, Uppal"
ipl0008,Chennai,IPL,2008-04-23,male,T20,,20,ML Hayden,"MA Chidambaram Stadium, Chepauk"
ipl0009,Hyderabad,IPL,2008-04-24,male,T20,,20,YK Pathan,"Rajiv Gandhi International Stadium, Uppal"
ipl0010,Chandigarh,IPL,2008-04-25,male,T20,,20,KC Sangakkara,"Punjab Cricket Association Stadium, Mohali"
ipl0011,Chennai,IPL,2008-04-26,male,T20,,20,JDP Oram,"MA Chidambaram Stadium, Chepauk"
ipl0012,Bangalore,IPL,2008-04-26,male,T20,,20,SR Watson,M Chinnaswamy Stadium
ipl0013,Chandigarh,IPL,2008-04-27,male,T20,,20,SM Katich,"Punjab Cricket Association Stadium, Mohali"
ipl0014,Mumbai,IPL,2008-04-27,male,T20,,20,AC Gilchrist,Dr DY Patil Sports Academy
ipl0015,Bangalore,IPL,2008-04-28,male,T20,,20,MS Dhoni,M Chinnaswamy Stadium
ipl0016,Kolkata,IPL,2008-04-29,male,T20,,20,ST Jayasuriya,Eden Gardens
ipl0017,Delhi,IPL,2008-04-30,male,T20,,20,GD McGrath,Feroz Shah Kotla
ipl0018,Jaipur,IPL,2008-05-01,male,T20,,20,SA Asnodkar,Sawai Mansingh Stadium
ipl0019,Hyderabad,IPL,2008-05-01,male,T20,,20,SE Marsh,"Rajiv Gandhi International Stadium, Uppal"
ipl0020,Chennai,IPL,2008-05-02,male,T20,,20,V Sehwag,"MA Chidambaram Stadium, Chepauk"
ipl0021,Bangalore,IPL,2008-05-03,male,T20,,20,P Kumar,M Chinnaswamy Stadium
ipl0022,Chandigarh,IPL,2008-05-03,male,T20,,20,IK Pathan,"Punjab Cricket Association Stadium, Mohali"
ipl0023,Jaipur,IPL,2008-05-04,male,T20,,20,Sohail Tanvir,Sawai Mansingh Stadium
ipl0024,Mumbai,IPL,2008-05-04,male,T20,,20,SM Pollock,Dr DY Patil Sports Academy
ipl0025,Bangalore,IPL,2008-05-05,male,T20,,20,S Sreesanth,M Chinnaswamy Stadium
ipl0026,Chennai,IPL,2008-05-06,male,T20,,20,AC Gilchrist,"MA Chidambaram Stadium, Chepauk"
ipl0027,Mumbai,IPL,2008-05-07,male,T20,,20,A Nehra,Dr DY Patil Sports Academy
ipl0028,Kolkata,IPL,2008-05-08,male,T20,,20,SC Ganguly,Eden Gardens
ipl0029,Delhi,IPL,2008-05-08,male,T20,,20,MS Dhoni,Feroz Shah Kotla
ipl0030,Jaipur,IPL,2008-05-09,male,T20,,20,YK Pathan,Sawai Mansingh Stadium
ipl0031,Chennai,IPL,2008-05-10,male,T20,,20,L Balaji,"MA Chidambaram Stadium, Chepauk"
ipl0032,Jaipur,IPL,2008-05-11,male,T20,,20,SR Watson,Sawai Mansingh Stadium
ipl0033,Hyderabad,IPL,2008-05-11,male,T20,,20,SC Ganguly,"Rajiv Gandhi International Stadium, Uppal"
ipl0034,Chandigarh,IPL,2008-05-12,male,T20,,20,SE Marsh,"Punjab Cricket Association Stadium, Mohali"
ipl0035,Kolkata,IPL,2008-05-13,male,T20,,20,Shoaib Akhtar,Eden Gardens
ipl0036,Mumbai,IPL,2008-05-14,male,T20,,20,ST Jayasuriya,Wankhede Stadium
ipl0037,Delhi,IPL,2008-05-15,male,T20,,20,A Mishra,Feroz Shah Kotla
ipl0038,Mumbai,IPL,2008-05-16,male,T20,,20,SM Pollock,Wankhede Stadium
ipl0039,Jaipur,IPL,2008-05-17,male,T20,,20,GC Smith,Sawai Mansingh Stadium
ipl0040,Delhi,IPL,2008-05-17,male,T20,,20,DPMD Jayawardene,Feroz Shah Kotla
ipl0041,Kolkata,IPL,2008-05-18,male,T20,,20,M Ntini,Eden Gardens
ipl0042,Hyderabad,IPL,2008-05-18,male,T20,,20,DJ Bravo,"Rajiv Gandhi International Stadium, Uppal"
ipl0043,Bangalore,IPL,2008-05-19,male,T20,,20,SP Goswami,M Chinnaswamy Stadium
ipl0044,Kolkata,IPL,2008-05-20,male,T20,,20,YK Pathan,Eden Gardens
ipl0045,Chennai,IPL,2008-05-21,male,T20,,20,A Kumble,"MA Chidambaram Stadium, Chepauk"
ipl0046,Mumbai,IPL,2008-05-21,male,T20,,20,SE Marsh,Wankhede Stadium
ipl0047,Chandigarh,IPL,2008-05-23,male,T20,,20,SE Marsh,"Punjab Cricket Association Stadium, Mohali"
ipl0048,Chennai,IPL,2008-05-24,male,T20,,20,JA Morkel,"MA Chidambaram Stadium, Chepauk"
ipl0049,Delhi,IPL,2008-05-24,male,T20,,20,KD Karthik,Feroz Shah Kotla
ipl0050,Kolkata,IPL,2008-05-25,male,T20,,20,Umar Gul,Eden Gardens
ipl0051,Hyderabad,IPL,2008-05-25,male,T20,,20,R Vinay Kumar,"Rajiv Gandhi International Stadium, Uppal"
ipl0052,Jaipur,IPL,2008-05-26,male,T20,,20,Sohail Tanvir,Sawai Mansingh Stadium
ipl0053,Hyderabad,IPL,2008-05-27,male,T20,,20,SK Raina,"Rajiv Gandhi International Stadium, Uppal"
ipl0054,Chandigarh,IPL,2008-05-28,male,T20,,20,SE Marsh,"Punjab Cricket Association Stadium, Mohali"
ipl0055,Bangalore,IPL,2008-05-28,male,T20,,20,CRD Fernando,M Chinnaswamy Stadium
ipl0056,Mumbai,IPL,2008-05-30,male,T20,,20,SR Watson,Wankhede Stadium
ipl0057,Mumbai,IPL,2008-05-31,male,T20,,20,M Ntini,Wankhede Stadium
ipl0058,Mumbai,IPL,2008-06-01,male,T20,,20,YK Pathan,Dr DY Patil Sports Academy
ipl0059,Cape Town,IPL,2009-04-18,male,T20,1.0,20,R Dravid,Newlands
ipl0060,Cape Town,IPL,2009-04-18,male,T20,1.0,20,SR Tendulkar,Newlands
ipl0061,Cape Town,IPL,2009-04-19,male,T20,1.0,20,RP Singh,Newlands
ipl0062,Cape Town,IPL,2009-04-19,male,T20,1.0,20,DL Vettori,Newlands
ipl0063,Port Elizabeth,IPL,2009-04-20,male,T20,1.0,20,M Muralitharan,St George's Park
ipl0064,Durban,IPL,2009-04-21,male,T20,1.0,20,CH Gayle,Kingsmead
ipl0065,Cape Town,IPL,2009-04-22,male,T20,1.0,20,AC Gilchrist,Newlands
ipl0066,Cape Town,IPL,2009-04-23,male,T20,1.0,20,YK Pathan,Newlands
ipl0067,Durban,IPL,2009-04-23,male,T20,1.0,20,AB de Villiers,Kingsmead
ipl0068,Durban,IPL,2009-04-24,male,T20,1.0,20,RS Bopara,Kingsmead
ipl0069,Durban,IPL,2009-04-25,male,T20,1.0,20,PP Ojha,Kingsmead
ipl0070,Cape Town,IPL,2009-04-26,male,T20,1.0,20,KC Sangakkara,Newlands
ipl0071,Port Elizabeth,IPL,2009-04-26,male,T20,1.0,20,TM Dilshan,St George's Park
ipl0072,Port Elizabeth,IPL,2009-04-27,male,T20,1.0,20,SR Tendulkar,St George's Park
ipl0073,Durban,IPL,2009-04-27,male,T20,1.0,20,HH Gibbs,Kingsmead
ipl0074,Centurion,IPL,2009-04-28,male,T20,1.0,20,YK Pathan,SuperSport Park
ipl0075,Durban,IPL,2009-04-29,male,T20,1.0,20,KC Sangakkara,Kingsmead
ipl0076,Durban,IPL,2009-04-29,male,T20,1.0,20,MV Boucher,Kingsmead
ipl0077,Centurion,IPL,2009-04-30,male,T20,1.0,20,SK Raina,SuperSport Park
ipl0078,Centurion,IPL,2009-04-30,male,T20,1.0,20,DP Nannes,SuperSport Park
ipl0079,Durban,IPL,2009-05-01,male,T20,1.0,20,Yuvraj Singh,Kingsmead
ipl0080,East London,IPL,2009-05-01,male,T20,1.0,20,JP Duminy,Buffalo Park
ipl0081,Johannesburg,IPL,2009-05-02,male,T20,1.0,20,SB Jakati,New Wanderers Stadium
ipl0082,Port Elizabeth,IPL,2009-05-02,male,T20,1.0,20,YK Pathan,St George's Park
ipl0083,Johannesburg,IPL,2009-05-03,male,T20,1.0,20,JH Kallis,New Wanderers Stadium
ipl0084,Port Elizabeth,IPL,2009-05-03,male,T20,1.0,20,DPMD Jayawardene,St George's Park
ipl0085,East London,IPL,2009-05-04,male,T20,1.0,20,MS Dhoni,Buffalo Park
ipl0086,Durban,IPL,2009-05-05,male,T20,1.0,20,G Gambhir,Kingsmead
ipl0087,Durban,IPL,2009-05-05,male,T20,1.0,20,GC Smith,Kingsmead
ipl0088,Centurion,IPL,2009-05-06,male,T20,1.0,20,RG Sharma,SuperSport Park
ipl0089,Centurion,IPL,2009-05-07,male,T20,1.0,20,ML Hayden,SuperSport Park
ipl0090,Centurion,IPL,2009-05-07,male,T20,1.0,20,A Singh,SuperSport Park
ipl0091,East London,IPL,2009-05-08,male,T20,1.0,20,A Nehra,Buffalo Park
ipl0092,Kimberley,IPL,2009-05-09,male,T20,1.0,20,S Badrinath,De Beers Diamond Oval
ipl0093,Kimberley,IPL,2009-05-09,male,T20,1.0,20,DPMD Jayawardene,De Beers Diamond Oval
ipl0094,Johannesburg,IPL,2009-05-10,male,T20,1.0,20,A Mishra,New Wanderers Stadium
ipl0095,Port Elizabeth,IPL,2009-05-10,male,T20,1.0,20,JP Duminy,St George's Park
ipl0096,Kimberley,IPL,2009-05-11,male,T20,1.0,20,DR Smith,De Beers Diamond Oval
ipl0097,Centurion,IPL,2009-05-12,male,T20,1.0,20,Harbhajan Singh,SuperSport Park
ipl0098,Centurion,IPL,2009-05-12,male,T20,1.0,20,LRPL Taylor,SuperSport Park
ipl0099,Durban,IPL,2009-05-13,male,T20,1.0,20,R Bhatia,Kingsmead
ipl0100,Durban,IPL,2009-05-14,male,T20,1.0,20,SK Warne,Kingsmead
ipl0101,Durban,IPL,2009-05-14,male,T20,1.0,20,LRPL Taylor,Kingsmead
ipl0102,Bloemfontein,IPL,2009-05-15,male,T20,1.0,20,B Lee,OUTsurance Oval
ipl0103,Johannesburg,IPL,2009-05-16,male,T20,1.0,20,RG Sharma,New Wanderers Stadium
ipl0104,Port Elizabeth,IPL,2009-05-16,male,T20,1.0,20,ML Hayden,St George's Park
ipl0105,Bloemfontein,IPL,2009-05-17,male,T20,1.0,20,AB de Villiers,OUTsurance Oval
ipl0106,Johannesburg,IPL,2009-05-17,male,T20,1.0,20,Yuvraj Singh,New Wanderers Stadium
ipl0107,Centurion,IPL,2009-05-18,male,T20,1.0,20,BJ Hodge,SuperSport Park
ipl0108,Johannesburg,IPL,2009-05-19,male,T20,1.0,20,JH Kallis,New Wanderers Stadium
ipl0109,Durban,IPL,2009-05-20,male,T20,1.0,20,M Muralitharan,Kingsmead
ipl0110,Durban,IPL,2009-05-20,male,T20,1.0,20,LR Shukla,Kingsmead
ipl0111,Centurion,IPL,2009-05-21,male,T20,1.0,20,MK Pandey,SuperSport Park
ipl0112,Centurion,IPL,2009-05-21,male,T20,1.0,20,V Sehwag,SuperSport Park
ipl0113,Centurion,IPL,2009-05-22,male,T20,1.0,20,AC Gilchrist,SuperSport Park
ipl0114,Johannesburg,IPL,2009-05-23,male,T20,1.0,20,MK Pandey,New Wanderers Stadium
ipl0115,Johannesburg,IPL,2009-05-24,male,T20,1.0,20,A Kumble,New Wanderers Stadium
ipl0116,Mumbai,IPL,2010-03-12,male,T20,,20,AD Mathews,Dr DY Patil Sports Academy
ipl0117,Chandigarh,IPL,2010-03-13,male,T20,,20,G Gambhir,"Punjab Cricket Association Stadium, Mohali"
ipl0118,Mumbai,IPL,2010-03-13,male,T20,,20,YK Pathan,Brabourne Stadium
ipl0119,Chennai,IPL,2010-03-14,male,T20,,20,WPUJC Vaas,"MA Chidambaram Stadium, Chepauk"
ipl0120,Kolkata,IPL,2010-03-14,male,T20,,20,MK Tiwary,Eden Gardens
ipl0121,Ahmedabad,IPL,2010-03-15,male,T20,,20,V Sehwag,"Sardar Patel Stadium, Motera"
ipl0122,Kolkata,IPL,2010-03-16,male,T20,,20,MS Dhoni,Eden Gardens
ipl0123,Bangalore,IPL,2010-03-16,male,T20,,20,JH Kallis,M Chinnaswamy Stadium
ipl0124,Delhi,IPL,2010-03-17,male,T20,,20,SR Tendulkar,Feroz Shah Kotla
ipl0125,Bangalore,IPL,2010-03-18,male,T20,,20,JH Kallis,M Chinnaswamy Stadium
ipl0126,Cuttack,IPL,2010-03-19,male,T20,,20,A Symonds,Barabati Stadium
ipl0127,Delhi,IPL,2010-03-19,male,T20,,20,ML Hayden,Feroz Shah Kotla
ipl0128,Mumbai,IPL,2010-03-20,male,T20,,20,JH Kallis,Brabourne Stadium
ipl0129,Ahmedabad,IPL,2010-03-20,male,T20,,20,AA Jhunjhunwala,"Sardar Patel Stadium, Motera"
ipl0130,Chennai,IPL,2010-03-21,male,T20,,20,J Theron,"MA Chidambaram Stadium, Chepauk"
ipl0131,Cuttack,IPL,2010-03-21,male,T20,,20,A Symonds,Barabati Stadium
ipl0132,Mumbai,IPL,2010-03-22,male,T20,,20,SR Tendulkar,Brabourne Stadium
ipl0133,Bangalore,IPL,2010-03-23,male,T20,,20,RV Uthappa,M Chinnaswamy Stadium
ipl0134,Chandigarh,IPL,2010-03-24,male,T20,,20,AC Voges,"Punjab Cricket Association Stadium, Mohali"
ipl0135,Bangalore,IPL,2010-03-25,male,T20,,20,KM Jadhav,M Chinnaswamy Stadium
ipl0136,Mumbai,IPL,2010-03-25,male,T20,,20,SR Tendulkar,"Brabourne Stadium, Mumbai"
ipl0137,Ahmedabad,IPL,2010-03-26,male,T20,,20,YK Pathan,"Sardar Patel Stadium, Motera"
ipl0138,Chandigarh,IPL,2010-03-27,male,T20,,20,MK Tiwary,"Punjab Cricket Association Stadium, Mohali"
ipl0139,Mumbai,IPL,2010-03-28,male,T20,,20,Harbhajan Singh,Dr DY Patil Sports Academy
ipl0140,Ahmedabad,IPL,2010-03-28,male,T20,,20,NV Ojha,"Sardar Patel Stadium, Motera"
ipl0141,Delhi,IPL,2010-03-29,male,T20,,20,DA Warner,Feroz Shah Kotla
ipl0142,Mumbai,IPL,2010-03-30,male,T20,,20,SL Malinga,Brabourne Stadium
ipl0143,Delhi,IPL,2010-03-31,male,T20,,20,KD Karthik,Feroz Shah Kotla
ipl0144,Chennai,IPL,2010-03-31,male,T20,,20,M Vijay,"MA Chidambaram Stadium, Chepauk"
ipl0145,Kolkata,IPL,2010-04-01,male,T20,,20,SC Ganguly,Eden Gardens
ipl0146,Chandigarh,IPL,2010-04-02,male,T20,,20,KP Pietersen,"Punjab Cricket Association Stadium, Mohali"
ipl0147,Mumbai,IPL,2010-04-03,male,T20,,20,AT Rayudu,Brabourne Stadium
ipl0148,Chennai,IPL,2010-04-03,male,T20,,20,M Vijay,"MA Chidambaram Stadium, Chepauk"
ipl0149,Delhi,IPL,2010-04-04,male,T20,,20,PD Collingwood,Feroz Shah Kotla
ipl0150,Kolkata,IPL,2010-04-04,male,T20,,20,DPMD Jayawardene,Eden Gardens
ipl0151,Nagpur,IPL,2010-04-05,male,T20,,20,SK Warne,"Vidarbha Cricket Association Stadium, Jamtha"
ipl0152,Chennai,IPL,2010-04-06,male,T20,,20,SK Raina,"MA Chidambaram Stadium, Chepauk"
ipl0153,Kolkata,IPL,2010-04-07,male,T20,,20,SC Ganguly,Eden Gardens
ipl0154,Jaipur,IPL,2010-04-07,male,T20,,20,MJ Lumb,Sawai Mansingh Stadium
ipl0155,Bangalore,IPL,2010-04-08,male,T20,,20,TL Suman,M Chinnaswamy Stadium
ipl0156,Chandigarh,IPL,2010-04-09,male,T20,,20,KC Sangakkara,"Punjab Cricket Association Stadium, Mohali"
ipl0157,Bangalore,IPL,2010-04-10,male,T20,,20,R Vinay Kumar,M Chinnaswamy Stadium
ipl0158,Nagpur,IPL,2010-04-10,male,T20,,20,RJ Harris,"Vidarbha Cricket Association Stadium, Jamtha"
ipl0159,Jaipur,IPL,2010-04-11,male,T20,,20,SR Tendulkar,Sawai Mansingh Stadium
ipl0160,Delhi,IPL,2010-04-11,male,T20,,20,PP Chawla,Feroz Shah Kotla
ipl0161,Nagpur,IPL,2010-04-12,male,T20,,20,Harmeet Singh,"Vidarbha Cricket Association Stadium, Jamtha"
ipl0162,Chennai,IPL,2010-04-13,male,T20,,20,R Ashwin,"MA Chidambaram Stadium, Chepauk"
ipl0163,Mumbai,IPL,2010-04-13,male,T20,,20,KA Pollard,Brabourne Stadium
ipl0164,Jaipur,IPL,2010-04-14,male,T20,,20,KP Pietersen,Sawai Mansingh Stadium
ipl0165,Chennai,IPL,2010-04-15,male,T20,,20,G Gambhir,"MA Chidambaram Stadium, Chepauk"
ipl0166,Dharamsala,IPL,2010-04-16,male,T20,,20,RG Sharma,Himachal Pradesh Cricket Association Stadium
ipl0167,Kolkata,IPL,2010-04-17,male,T20,,20,JD Unadkat,Eden Gardens
ipl0168,Bangalore,IPL,2010-04-17,male,T20,,20,R McLaren,M Chinnaswamy Stadium
ipl0169,Delhi,IPL,2010-04-18,male,T20,,20,A Symonds,Feroz Shah Kotla
ipl0170,Dharamsala,IPL,2010-04-18,male,T20,,20,MS Dhoni,Himachal Pradesh Cricket Association Stadium
ipl0171,Kolkata,IPL,2010-04-19,male,T20,,20,M Kartik,Eden Gardens
ipl0172,Mumbai,IPL,2010-04-21,male,T20,,20,KA Pollard,Dr DY Patil Sports Academy
ipl0173,Mumbai,IPL,2010-04-22,male,T20,,20,DE Bollinger,Dr DY Patil Sports Academy
ipl0174,Mumbai,IPL,2010-04-24,male,T20,,20,A Kumble,Dr DY Patil Sports Academy
ipl0175,Mumbai,IPL,2010-04-25,male,T20,,20,SK Raina,Dr DY Patil Sports Academy
ipl0176,Chennai,IPL,2011-04-08,male,T20,,20,S Anirudha,"MA Chidambaram Stadium, Chepauk"
ipl0177,Kochi,IPL,2011-04-09,male,T20,,20,AB de Villiers,Nehru Stadium
ipl0178,Hyderabad,IPL,2011-04-09,male,T20,,20,SK Trivedi,"Rajiv Gandhi International Stadium, Uppal"
ipl0179,Mumbai,IPL,2011-04-10,male,T20,,20,SB Wagh,Dr DY Patil Sports Academy
ipl0180,Delhi,IPL,2011-04-10,male,T20,,20,SL Malinga,Feroz Shah Kotla
ipl0181,Kolkata,IPL,2011-04-11,male,T20,,20,JH Kallis,Eden Gardens
ipl0182,Bangalore,IPL,2011-04-12,male,T20,,20,SR Tendulkar,M Chinnaswamy Stadium
ipl0183,Jaipur,IPL,2011-04-12,male,T20,,20,SK Warne,Sawai Mansingh Stadium
ipl0184,Mumbai,IPL,2011-04-13,male,T20,,20,MD Mishra,Dr DY Patil Sports Academy
ipl0185,Chandigarh,IPL,2011-04-13,male,T20,,20,PC Valthaty,"Punjab Cricket Association Stadium, Mohali"
ipl0186,Hyderabad,IPL,2011-04-14,male,T20,,20,DW Steyn,"Rajiv Gandhi International Stadium, Uppal"
ipl0187,Mumbai,IPL,2011-04-15,male,T20,,20,BB McCullum,Wankhede Stadium
ipl0188,Jaipur,IPL,2011-04-15,male,T20,,20,G Gambhir,Sawai Mansingh Stadium
ipl0189,Hyderabad,IPL,2011-04-16,male,T20,,20,PC Valthaty,"Rajiv Gandhi International Stadium, Uppal"
ipl0190,Chennai,IPL,2011-04-16,male,T20,,20,MEK Hussey,"MA Chidambaram Stadium, Chepauk"
ipl0191,Kolkata,IPL,2011-04-17,male,T20,,20,L Balaji,Eden Gardens
ipl0192,Mumbai,IPL,2011-04-17,male,T20,,20,Yuvraj Singh,Dr DY Patil Sports Academy
ipl0193,Kochi,IPL,2011-04-18,male,T20,,20,BB McCullum,Nehru Stadium
ipl0194,Delhi,IPL,2011-04-19,male,T20,,20,S Sohal,Feroz Shah Kotla
ipl0195,Kolkata,IPL,2011-04-20,male,T20,,20,DPMD Jayawardene,Eden Gardens
ipl0196,Mumbai,IPL,2011-04-20,male,T20,,20,MM Patel,Wankhede Stadium
ipl0197,Chandigarh,IPL,2011-04-21,male,T20,,20,SE Marsh,"Punjab Cricket Association Stadium, Mohali"
ipl0198,Kolkata,IPL,2011-04-22,male,T20,,20,CH Gayle,Eden Gardens
ipl0199,Mumbai,IPL,2011-04-22,male,T20,,20,Harbhajan Singh,Wankhede Stadium
ipl0200,Delhi,IPL,2011-04-23,male,T20,,20,DA Warner,Feroz Shah Kotla
ipl0201,Jaipur,IPL,2011-04-24,male,T20,,20,SK Warne,Sawai Mansingh Stadium
ipl0202,Hyderabad,IPL,2011-04-24,male,T20,,20,SL Malinga,"Rajiv Gandhi International Stadium, Uppal"
ipl0203,Chennai,IPL,2011-04-25,male,T20,,20,MEK Hussey,"MA Chidambaram Stadium, Chepauk"
ipl0204,Delhi,IPL,2011-04-26,male,T20,,20,V Kohli,Feroz Shah Kotla
ipl0205,Kochi,IPL,2011-04-27,male,T20,,20,I Sharma,Nehru Stadium
ipl0206,Mumbai,IPL,2011-04-27,male,T20,,20,DE Bollinger,Dr DY Patil Sports Academy
ipl0207,Delhi,IPL,2011-04-28,male,T20,,20,MK Tiwary,Feroz Shah Kotla
ipl0208,Bangalore,IPL,2011-04-29,male,T20,,20,V Kohli,M Chinnaswamy Stadium
ipl0209,Jaipur,IPL,2011-04-29,male,T20,,20,J Botha,Sawai Mansingh Stadium
ipl0210,Kolkata,IPL,2011-04-30,male,T20,,20,Iqbal Abdulla,Eden Gardens
ipl0211,Kochi,IPL,2011-04-30,male,T20,,20,V Sehwag,Nehru Stadium
ipl0212,Chennai,IPL,2011-05-01,male,T20,,20,JA Morkel,"MA Chidambaram Stadium, Chepauk"
ipl0213,Jaipur,IPL,2011-05-01,male,T20,,20,LRPL Taylor,Sawai Mansingh Stadium
ipl0214,Delhi,IPL,2011-05-02,male,T20,,20,P Parameswaran,Feroz Shah Kotla
ipl0215,Mumbai,IPL,2011-05-02,male,T20,,20,KA Pollard,Wankhede Stadium
ipl0216,Hyderabad,IPL,2011-05-03,male,T20,,20,YK Pathan,"Rajiv Gandhi International Stadium, Uppal"
ipl0217,Mumbai,IPL,2011-05-04,male,T20,,20,R Sharma,Dr DY Patil Sports Academy
ipl0218,Chennai,IPL,2011-05-04,male,T20,,20,MEK Hussey,"MA Chidambaram Stadium, Chepauk"
ipl0219,Hyderabad,IPL,2011-05-05,male,T20,,20,V Sehwag,"Rajiv Gandhi International Stadium, Uppal"
ipl0220,Kochi,IPL,2011-05-05,male,T20,,20,BJ Hodge,Nehru Stadium
ipl0221,Bangalore,IPL,2011-05-06,male,T20,,20,CH Gayle,M Chinnaswamy Stadium
ipl0222,Mumbai,IPL,2011-05-07,male,T20,,20,AT Rayudu,Wankhede Stadium
ipl0223,Kolkata,IPL,2011-05-07,male,T20,,20,Iqbal Abdulla,Eden Gardens
ipl0224,Chandigarh,IPL,2011-05-08,male,T20,,20,R Sharma,"Punjab Cricket Association Stadium, Mohali"
ipl0225,Bangalore,IPL,2011-05-08,male,T20,,20,CH Gayle,M Chinnaswamy Stadium
ipl0226,Jaipur,IPL,2011-05-09,male,T20,,20,M Vijay,Sawai Mansingh Stadium
ipl0227,Chandigarh,IPL,2011-05-10,male,T20,,20,BA Bhatt,"Punjab Cricket Association Stadium, Mohali"
ipl0228,Hyderabad,IPL,2011-05-10,male,T20,,20,MR Marsh,"Rajiv Gandhi International Stadium, Uppal"
ipl0229,Jaipur,IPL,2011-05-11,male,T20,,20,S Aravind,Sawai Mansingh Stadium
ipl0230,Chennai,IPL,2011-05-12,male,T20,,20,MS Dhoni,"MA Chidambaram Stadium, Chepauk"
ipl0231,Indore,IPL,2011-05-13,male,T20,,20,KD Karthik,Holkar Cricket Stadium
ipl0232,Mumbai,IPL,2011-05-14,male,T20,,20,A Mishra,Wankhede Stadium
ipl0233,Bangalore,IPL,2011-05-14,male,T20,,20,CH Gayle,M Chinnaswamy Stadium
ipl0234,Indore,IPL,2011-05-15,male,T20,,20,BJ Hodge,Holkar Cricket Stadium
ipl0235,Dharamsala,IPL,2011-05-15,male,T20,,20,PP Chawla,Himachal Pradesh Cricket Association Stadium
ipl0236,Mumbai,IPL,2011-05-16,male,T20,,20,A Mishra,Dr DY Patil Sports Academy
ipl0237,Dharamsala,IPL,2011-05-17,male,T20,,20,AC Gilchrist,Himachal Pradesh Cricket Association Stadium
ipl0238,Chennai,IPL,2011-05-18,male,T20,,20,WP Saha,"MA Chidambaram Stadium, Chepauk"
ipl0239,Mumbai,IPL,2011-05-19,male,T20,,20,YK Pathan,Dr DY Patil Sports Academy
ipl0240,Mumbai,IPL,2011-05-20,male,T20,,20,SR Watson,Wankhede Stadium
ipl0241,Delhi,IPL,2011-05-21,male,T20,,20,,Feroz Shah Kotla
ipl0242,Dharamsala,IPL,2011-05-21,male,T20,,20,S Dhawan,Himachal Pradesh Cricket Association Stadium
ipl0243,Kolkata,IPL,2011-05-22,male,T20,,20,JEC Franklin,Eden Gardens
ipl0244,Bangalore,IPL,2011-05-22,male,T20,,20,CH Gayle,M Chinnaswamy Stadium
ipl0245,Mumbai,IPL,2011-05-24,male,T20,,20,SK Raina,Wankhede Stadium
ipl0246,Mumbai,IPL,2011-05-25,male,T20,,20,MM Patel,Wankhede Stadium
ipl0247,Chennai,IPL,2011-05-27,male,T20,,20,CH Gayle,"MA Chidambaram Stadium, Chepauk"
ipl0248,Chennai,IPL,2011-05-28,male,T20,,20,M Vijay,"MA Chidambaram Stadium, Chepauk"
ipl0249,Chennai,IPL,2012-04-04,male,T20,,20,RE Levi,"MA Chidambaram Stadium, Chepauk"
ipl0250,Kolkata,IPL,2012-04-05,male,T20,,20,IK Pathan,Eden Gardens
ipl0251,Jaipur,IPL,2012-04-06,male,T20,,20,AM Rahane,Sawai Mansingh Stadium
ipl0252,Mumbai,IPL,2012-04-06,male,T20,,20,SPD Smith,Wankhede Stadium
ipl0253,Visakhapatnam,IPL,2012-04-07,male,T20,,20,RA Jadeja,Dr. Y.S. Rajasekhara Reddy ACA-VDCA Cricket Stadium
ipl0254,Bangalore,IPL,2012-04-07,male,T20,,20,AB de Villiers,M Chinnaswamy Stadium
ipl0255,Pune,IPL,2012-04-08,male,T20,,20,MN Samuels,Subrata Roy Sahara Stadium
ipl0256,Jaipur,IPL,2012-04-08,male,T20,,20,BJ Hodge,Sawai Mansingh Stadium
ipl0257,Visakhapatnam,IPL,2012-04-09,male,T20,,20,RG Sharma,Dr. Y.S. Rajasekhara Reddy ACA-VDCA Cricket Stadium
ipl0258,Delhi,IPL,2012-04-10,male,T20,,20,M Morkel,Feroz Shah Kotla
ipl0259,Bangalore,IPL,2012-04-10,male,T20,,20,L Balaji,M Chinnaswamy Stadium
ipl0260,Mumbai,IPL,2012-04-11,male,T20,,20,KA Pollard,Wankhede Stadium
ipl0261,Chandigarh,IPL,2012-04-12,male,T20,,20,AD Mascarenhas,"Punjab Cricket Association Stadium, Mohali"
ipl0262,Chennai,IPL,2012-04-12,male,T20,,20,F du Plessis,"MA Chidambaram Stadium, Chepauk"
ipl0263,Kolkata,IPL,2012-04-13,male,T20,,20,Shakib Al Hasan,Eden Gardens
ipl0264,Pune,IPL,2012-04-14,male,T20,,20,JD Ryder,Subrata Roy Sahara Stadium
ipl0265,Bangalore,IPL,2012-04-15,male,T20,,20,AM Rahane,M Chinnaswamy Stadium
ipl0266,Kolkata,IPL,2012-04-15,male,T20,,20,SP Narine,Eden Gardens
ipl0267,Mumbai,IPL,2012-04-16,male,T20,,20,S Nadeem,Wankhede Stadium
ipl0268,Bangalore,IPL,2012-04-17,male,T20,,20,CH Gayle,M Chinnaswamy Stadium
ipl0269,Jaipur,IPL,2012-04-17,male,T20,,20,BJ Hodge,Sawai Mansingh Stadium
ipl0270,Chandigarh,IPL,2012-04-18,male,T20,,20,G Gambhir,"Punjab Cricket Association Stadium, Mohali"
ipl0271,Chennai,IPL,2012-04-19,male,T20,,20,KMDN Kulasekara,"MA Chidambaram Stadium, Chepauk"
ipl0272,Delhi,IPL,2012-04-19,male,T20,,20,KP Pietersen,Feroz Shah Kotla
ipl0273,Chandigarh,IPL,2012-04-20,male,T20,,20,CH Gayle,"Punjab Cricket Association Stadium, Mohali"
ipl0274,Delhi,IPL,2012-04-21,male,T20,,20,SC Ganguly,Feroz Shah Kotla
ipl0275,Chennai,IPL,2012-04-21,male,T20,,20,F du Plessis,"MA Chidambaram Stadium, Chepauk"
ipl0276,Cuttack,IPL,2012-04-22,male,T20,,20,B Lee,Barabati Stadium
ipl0277,Mumbai,IPL,2012-04-22,male,T20,,20,SE Marsh,Wankhede Stadium
ipl0278,Jaipur,IPL,2012-04-23,male,T20,,20,AB de Villiers,Sawai Mansingh Stadium
ipl0279,Pune,IPL,2012-04-24,male,T20,,20,V Sehwag,Subrata Roy Sahara Stadium
ipl0280,Chandigarh,IPL,2012-04-25,male,T20,,20,AT Rayudu,"Punjab Cricket Association Stadium, Mohali"
ipl0281,Pune,IPL,2012-04-26,male,T20,,20,CL White,Subrata Roy Sahara Stadium
ipl0282,Delhi,IPL,2012-04-27,male,T20,,20,V Sehwag,Feroz Shah Kotla
ipl0283,Kolkata,IPL,2012-04-28,male,T20,,20,G Gambhir,Eden Gardens
ipl0284,Chennai,IPL,2012-04-28,male,T20,,20,Mandeep Singh,"MA Chidambaram Stadium, Chepauk"
ipl0285,Mumbai,IPL,2012-04-29,male,T20,,20,DW Steyn,Wankhede Stadium
ipl0286,Delhi,IPL,2012-04-29,male,T20,,20,V Sehwag,Feroz Shah Kotla
ipl0287,Chennai,IPL,2012-04-30,male,T20,,20,G Gambhir,"MA Chidambaram Stadium, Chepauk"
ipl0288,Jaipur,IPL,2012-05-01,male,T20,,20,P Negi,Sawai Mansingh Stadium
ipl0289,Cuttack,IPL,2012-05-01,male,T20,,20,KC Sangakkara,Barabati Stadium
ipl0290,Bangalore,IPL,2012-05-02,male,T20,,20,Azhar Mahmood,M Chinnaswamy Stadium
ipl0291,Pune,IPL,2012-05-03,male,T20,,20,SL Malinga,Subrata Roy Sahara Stadium
ipl0292,Chennai,IPL,2012-05-04,male,T20,,20,SK Raina,"MA Chidambaram Stadium, Chepauk"
ipl0293,Chandigarh,IPL,2012-05-05,male,T20,,20,SR Watson,"Punjab Cricket Association Stadium, Mohali"
ipl0294,Kolkata,IPL,2012-05-05,male,T20,,20,SP Narine,Eden Gardens
ipl0295,Bangalore,IPL,2012-05-06,male,T20,,20,AB de Villiers,M Chinnaswamy Stadium
ipl0296,Mumbai,IPL,2012-05-06,male,T20,,20,DR Smith,Wankhede Stadium
ipl0297,Delhi,IPL,2012-05-07,male,T20,,20,JH Kallis,Feroz Shah Kotla
ipl0298,Hyderabad,IPL,2012-05-08,male,T20,,20,Mandeep Singh,"Rajiv Gandhi International Stadium, Uppal"
ipl0299,Pune,IPL,2012-05-08,male,T20,,20,SR Watson,Subrata Roy Sahara Stadium
ipl0300,Mumbai,IPL,2012-05-09,male,T20,,20,CH Gayle,Wankhede Stadium
ipl0301,Jaipur,IPL,2012-05-10,male,T20,,20,BW Hilfenhaus,Sawai Mansingh Stadium
ipl0302,Hyderabad,IPL,2012-05-10,male,T20,,20,DA Warner,"Rajiv Gandhi International Stadium, Uppal"
ipl0303,Pune,IPL,2012-05-11,male,T20,,20,CH Gayle,Subrata Roy Sahara Stadium
ipl0304,Chennai,IPL,2012-05-12,male,T20,,20,BW Hilfenhaus,"MA Chidambaram Stadium, Chepauk"
ipl0305,Kolkata,IPL,2012-05-12,male,T20,,20,RG Sharma,Eden Gardens
ipl0306,Chandigarh,IPL,2012-05-13,male,T20,,20,DJ Hussey,"Punjab Cricket Association Stadium, Mohali"
ipl0307,Jaipur,IPL,2012-05-13,male,T20,,20,A Chandila,Sawai Mansingh Stadium
ipl0308,Kolkata,IPL,2012-05-14,male,T20,,20,MEK Hussey,Eden Gardens
ipl0309,Bangalore,IPL,2012-05-14,male,T20,,20,AT Rayudu,M Chinnaswamy Stadium
ipl0310,Delhi,IPL,2012-05-15,male,T20,,20,UT Yadav,Feroz Shah Kotla
ipl0311,Mumbai,IPL,2012-05-16,male,T20,,20,SP Narine,Wankhede Stadium
ipl0312,Delhi,IPL,2012-05-17,male,T20,,20,CH Gayle,Feroz Shah Kotla
ipl0313,Dharamsala,IPL,2012-05-17,male,T20,,20,AC Gilchrist,Himachal Pradesh Cricket Association Stadium
ipl0314,Hyderabad,IPL,2012-05-18,male,T20,,20,DW Steyn,"Rajiv Gandhi International Stadium, Uppal"
ipl0315,Pune,IPL,2012-05-19,male,T20,,20,Shakib Al Hasan,Subrata Roy Sahara Stadium
ipl0316,Dharamsala,IPL,2012-05-19,male,T20,,20,UT Yadav,Himachal Pradesh Cricket Association Stadium
ipl0317,Jaipur,IPL,2012-05-20,male,T20,,20,DR Smith,Sawai Mansingh Stadium
ipl0318,Hyderabad,IPL,2012-05-20,male,T20,,20,DW Steyn,"Rajiv Gandhi International Stadium, Uppal"
ipl0319,Pune,IPL,2012-05-22,male,T20,,20,YK Pathan,Subrata Roy Sahara Stadium
ipl0320,Bangalore,IPL,2012-05-23,male,T20,,20,MS Dhoni,M Chinnaswamy Stadium
ipl0321,Chennai,IPL,2012-05-25,male,T20,,20,M Vijay,"MA Chidambaram Stadium, Chepauk"
ipl0322,Chennai,IPL,2012-05-27,male,T20,,20,MS Bisla,"MA Chidambaram Stadium, Chepauk"
ipl0323,Kolkata,IPL,2013-04-03,male,T20,,20,SP Narine,Eden Gardens
ipl0324,Bangalore,IPL,2013-04-04,male,T20,,20,CH Gayle,M Chinnaswamy Stadium
ipl0325,Hyderabad,IPL,2013-04-05,male,T20,,20,A Mishra,"Rajiv Gandhi International Stadium, Uppal"
ipl0326,Chennai,IPL,2013-04-06,male,T20,,20,KA Pollard,"MA Chidambaram Stadium, Chepauk"
ipl0327,Delhi,IPL,2013-04-06,male,T20,,20,R Dravid,Feroz Shah Kotla
ipl0328,Hyderabad,IPL,2013-04-07,male,T20,,20,GH Vihari,"Rajiv Gandhi International Stadium, Uppal"
ipl0329,Pune,IPL,2013-04-07,male,T20,,20,M Vohra,Subrata Roy Sahara Stadium
ipl0330,Jaipur,IPL,2013-04-08,male,T20,,20,SK Trivedi,Sawai Mansingh Stadium
ipl0331,Bangalore,IPL,2013-04-09,male,T20,,20,V Kohli,M Chinnaswamy Stadium
ipl0332,Mumbai,IPL,2013-04-09,male,T20,,20,KD Karthik,Wankhede Stadium
ipl0333,Chandigarh,IPL,2013-04-10,male,T20,,20,MEK Hussey,"Punjab Cricket Association Stadium, Mohali"
ipl0334,Pune,IPL,2013-04-11,male,T20,,20,AJ Finch,Subrata Roy Sahara Stadium
ipl0335,Bangalore,IPL,2013-04-11,male,T20,,20,CH Gayle,M Chinnaswamy Stadium
ipl0336,Delhi,IPL,2013-04-12,male,T20,,20,A Mishra,Feroz Shah Kotla
ipl0337,Chennai,IPL,2013-04-13,male,T20,,20,RA Jadeja,"MA Chidambaram Stadium, Chepauk"
ipl0338,Mumbai,IPL,2013-04-13,male,T20,,20,RG Sharma,Wankhede Stadium
ipl0339,Jaipur,IPL,2013-04-14,male,T20,,20,JP Faulkner,Sawai Mansingh Stadium
ipl0340,Kolkata,IPL,2013-04-14,male,T20,,20,G Gambhir,Eden Gardens
ipl0341,Chennai,IPL,2013-04-15,male,T20,,20,SPD Smith,"MA Chidambaram Stadium, Chepauk"
ipl0342,Bangalore,IPL,2013-04-16,male,T20,,20,V Kohli,M Chinnaswamy Stadium
ipl0343,Chandigarh,IPL,2013-04-16,male,T20,,20,MS Gony,"Punjab Cricket Association Stadium, Mohali"
ipl0344,Jaipur,IPL,2013-04-17,male,T20,,20,AM Rahane,Sawai Mansingh Stadium
ipl0345,Pune,IPL,2013-04-17,male,T20,,20,A Mishra,Maharashtra Cricket Association Stadium
ipl0346,Delhi,IPL,2013-04-18,male,T20,,20,MEK Hussey,Feroz Shah Kotla
ipl0347,Hyderabad,IPL,2013-04-19,male,T20,,20,GH Vihari,"Rajiv Gandhi International Stadium, Uppal"
ipl0348,Bangalore,IPL,2013-04-20,male,T20,,20,R Vinay Kumar,M Chinnaswamy Stadium
ipl0349,Kolkata,IPL,2013-04-20,male,T20,,20,RA Jadeja,Eden Gardens
ipl0350,Chandigarh,IPL,2013-04-21,male,T20,,20,DA Miller,"Punjab Cricket Association Stadium, Mohali"
ipl0351,Delhi,IPL,2013-04-21,male,T20,,20,V Sehwag,Feroz Shah Kotla
ipl0352,Chennai,IPL,2013-04-22,male,T20,,20,MEK Hussey,"MA Chidambaram Stadium, Chepauk"
ipl0353,Delhi,IPL,2013-04-23,male,T20,,20,Harmeet Singh,Feroz Shah Kotla
ipl0354,Bangalore,IPL,2013-04-23,male,T20,,20,CH Gayle,M Chinnaswamy Stadium
ipl0355,Kolkata,IPL,2013-04-24,male,T20,,20,DR Smith,Eden Gardens
ipl0356,Chennai,IPL,2013-04-25,male,T20,,20,MS Dhoni,"MA Chidambaram Stadium, Chepauk"
ipl0357,Kolkata,IPL,2013-04-26,male,T20,,20,JH Kallis,Eden Gardens
ipl0358,Mumbai,IPL,2013-04-27,male,T20,,20,DR Smith,Wankhede Stadium
ipl0359,Jaipur,IPL,2013-04-27,male,T20,,20,JP Faulkner,Sawai Mansingh Stadium
ipl0360,Raipur,IPL,2013-04-28,male,T20,,20,DA Warner,Shaheed Veer Narayan Singh International Stadium
ipl0361,Chennai,IPL,2013-04-28,male,T20,,20,MEK Hussey,"MA Chidambaram Stadium, Chepauk"
ipl0362,Mumbai,IPL,2013-04-29,male,T20,,20,RG Sharma,Wankhede Stadium
ipl0363,Jaipur,IPL,2013-04-29,male,T20,,20,SV Samson,Sawai Mansingh Stadium
ipl0364,Pune,IPL,2013-04-30,male,T20,,20,MS Dhoni,Subrata Roy Sahara Stadium
ipl0365,Raipur,IPL,2013-05-01,male,T20,,20,DA Warner,Shaheed Veer Narayan Singh International Stadium
ipl0366,Hyderabad,IPL,2013-05-01,male,T20,,20,I Sharma,"Rajiv Gandhi International Stadium, Uppal"
ipl0367,Pune,IPL,2013-05-02,male,T20,,20,AB de Villiers,Subrata Roy Sahara Stadium
ipl0368,Chennai,IPL,2013-05-02,male,T20,,20,SK Raina,"MA Chidambaram Stadium, Chepauk"
ipl0369,Kolkata,IPL,2013-05-03,male,T20,,20,YK Pathan,Eden Gardens
ipl0370,Hyderabad,IPL,2013-05-04,male,T20,,20,DJG Sammy,"Rajiv Gandhi International Stadium, Uppal"
ipl0371,Jaipur,IPL,2013-05-05,male,T20,,20,AM Rahane,Sawai Mansingh Stadium
ipl0372,Mumbai,IPL,2013-05-05,male,T20,,20,MG Johnson,Wankhede Stadium
ipl0373,Chandigarh,IPL,2013-05-06,male,T20,,20,DA Miller,"Punjab Cricket Association Stadium, Mohali"
ipl0374,Mumbai,IPL,2013-05-07,male,T20,,20,SR Tendulkar,Wankhede Stadium
ipl0375,Jaipur,IPL,2013-05-07,male,T20,,20,AM Rahane,Sawai Mansingh Stadium
ipl0376,Hyderabad,IPL,2013-05-08,male,T20,,20,SK Raina,"Rajiv Gandhi International Stadium, Uppal"
ipl0377,Pune,IPL,2013-05-09,male,T20,,20,G Gambhir,Subrata Roy Sahara Stadium
ipl0378,Chandigarh,IPL,2013-05-09,male,T20,,20,KK Cooper,"Punjab Cricket Association Stadium, Mohali"
ipl0379,Delhi,IPL,2013-05-10,male,T20,,20,JD Unadkat,Feroz Shah Kotla
ipl0380,Chandigarh,IPL,2013-05-11,male,T20,,20,PA Patel,"Punjab Cricket Association Stadium, Mohali"
ipl0381,Pune,IPL,2013-05-11,male,T20,,20,MG Johnson,Subrata Roy Sahara Stadium
ipl0382,Jaipur,IPL,2013-05-12,male,T20,,20,SR Watson,Sawai Mansingh Stadium
ipl0383,Ranchi,IPL,2013-05-12,male,T20,,20,JH Kallis,JSCA International Stadium Complex
ipl0384,Mumbai,IPL,2013-05-13,male,T20,,20,KA Pollard,Wankhede Stadium
ipl0385,Chennai,IPL,2013-05-14,male,T20,,20,MS Dhoni,"MA Chidambaram Stadium, Chepauk"
ipl0386,Bangalore,IPL,2013-05-14,male,T20,,20,AC Gilchrist,M Chinnaswamy Stadium
ipl0387,Mumbai,IPL,2013-05-15,male,T20,,20,AP Tare,Wankhede Stadium
ipl0388,Ranchi,IPL,2013-05-15,male,T20,,20,MK Pandey,JSCA International Stadium Complex
ipl0389,Dharamsala,IPL,2013-05-16,male,T20,,20,DA Miller,Himachal Pradesh Cricket Association Stadium
ipl0390,Hyderabad,IPL,2013-05-17,male,T20,,20,A Mishra,"Rajiv Gandhi International Stadium, Uppal"
ipl0391,Bangalore,IPL,2013-05-18,male,T20,,20,V Kohli,M Chinnaswamy Stadium
ipl0392,Dharamsala,IPL,2013-05-18,male,T20,,20,Azhar Mahmood,Himachal Pradesh Cricket Association Stadium
ipl0393,Hyderabad,IPL,2013-05-19,male,T20,,20,PA Patel,"Rajiv Gandhi International Stadium, Uppal"
ipl0394,Pune,IPL,2013-05-19,male,T20,,20,LJ Wright,Subrata Roy Sahara Stadium
ipl0395,Delhi,IPL,2013-05-21,male,T20,,20,MEK Hussey,Feroz Shah Kotla
ipl0396,Delhi,IPL,2013-05-22,male,T20,,20,BJ Hodge,Feroz Shah Kotla
ipl0397,Kolkata,IPL,2013-05-24,male,T20,,20,Harbhajan Singh,Eden Gardens
ipl0398,Kolkata,IPL,2013-05-26,male,T20,,20,KA Pollard,Eden Gardens
ipl0399,Abu Dhabi,IPL,2014-04-16,male,T20,1.0,20,JH Kallis,Sheikh Zayed Stadium
ipl0400,,IPL,2014-04-17,male,T20,1.0,20,YS Chahal,Sharjah Cricket Stadium
ipl0401,Abu Dhabi,IPL,2014-04-18,male,T20,1.0,20,AM Rahane,Sheikh Zayed Stadium
ipl0402,Abu Dhabi,IPL,2014-04-18,male,T20,1.0,20,GJ Maxwell,Sheikh Zayed Stadium
ipl0403,,IPL,2014-04-19,male,T20,1.0,20,JP Duminy,Dubai International Cricket Stadium
ipl0404,,IPL,2014-04-19,male,T20,1.0,20,PA Patel,Dubai International Cricket Stadium
ipl0405,,IPL,2014-04-20,male,T20,1.0,20,GJ Maxwell,Sharjah Cricket Stadium
ipl0406,Abu Dhabi,IPL,2014-04-21,male,T20,1.0,20,SK Raina,Sheikh Zayed Stadium
ipl0407,,IPL,2014-04-22,male,T20,1.0,20,GJ Maxwell,Sharjah Cricket Stadium
ipl0408,,IPL,2014-04-23,male,T20,1.0,20,RA Jadeja,Dubai International Cricket Stadium
ipl0409,,IPL,2014-04-24,male,T20,1.0,20,CA Lynn,Sharjah Cricket Stadium
ipl0410,,IPL,2014-04-25,male,T20,1.0,20,MM Sharma,Dubai International Cricket Stadium
ipl0411,,IPL,2014-04-25,male,T20,1.0,20,AJ Finch,Dubai International Cricket Stadium
ipl0412,Abu Dhabi,IPL,2014-04-26,male,T20,1.0,20,Sandeep Sharma,Sheikh Zayed Stadium
ipl0413,Abu Dhabi,IPL,2014-04-26,male,T20,1.0,20,PV Tambe,Sheikh Zayed Stadium
ipl0414,,IPL,2014-04-27,male,T20,1.0,20,DR Smith,Sharjah Cricket Stadium
ipl0415,,IPL,2014-04-27,male,T20,1.0,20,M Vijay,Sharjah Cricket Stadium
ipl0416,,IPL,2014-04-28,male,T20,1.0,20,Sandeep Sharma,Dubai International Cricket Stadium
ipl0417,Abu Dhabi,IPL,2014-04-29,male,T20,1.0,20,JP Faulkner,Sheikh Zayed Stadium
ipl0418,,IPL,2014-04-30,male,T20,1.0,20,B Kumar,Dubai International Cricket Stadium
ipl0419,Ranchi,IPL,2014-05-02,male,T20,,20,RA Jadeja,JSCA International Stadium Complex
ipl0420,Delhi,IPL,2014-05-03,male,T20,,20,KK Nair,Feroz Shah Kotla
ipl0421,Mumbai,IPL,2014-05-03,male,T20,,20,CJ Anderson,Wankhede Stadium
ipl0422,Bangalore,IPL,2014-05-04,male,T20,,20,AB de Villiers,M Chinnaswamy Stadium
ipl0423,Delhi,IPL,2014-05-05,male,T20,,20,DR Smith,Feroz Shah Kotla
ipl0424,Ahmedabad,IPL,2014-05-05,male,T20,,20,PV Tambe,"Sardar Patel Stadium, Motera"
ipl0425,Mumbai,IPL,2014-05-06,male,T20,,20,RG Sharma,Wankhede Stadium
ipl0426,Cuttack,IPL,2014-05-07,male,T20,,20,GJ Maxwell,Barabati Stadium
ipl0427,Delhi,IPL,2014-05-07,male,T20,,20,G Gambhir,Feroz Shah Kotla
ipl0428,Ahmedabad,IPL,2014-05-08,male,T20,,20,B Kumar,"Sardar Patel Stadium, Motera"
ipl0429,Bangalore,IPL,2014-05-09,male,T20,,20,Sandeep Sharma,M Chinnaswamy Stadium
ipl0430,Mumbai,IPL,2014-05-10,male,T20,,20,DR Smith,Wankhede Stadium
ipl0431,Delhi,IPL,2014-05-10,male,T20,,20,DW Steyn,Feroz Shah Kotla
ipl0432,Bangalore,IPL,2014-05-11,male,T20,,20,JP Faulkner,M Chinnaswamy Stadium
ipl0433,Cuttack,IPL,2014-05-11,male,T20,,20,G Gambhir,Barabati Stadium
ipl0434,Hyderabad,IPL,2014-05-12,male,T20,,20,AT Rayudu,"Rajiv Gandhi International Stadium, Uppal"
ipl0435,Bangalore,IPL,2014-05-13,male,T20,,20,Yuvraj Singh,M Chinnaswamy Stadium
ipl0436,Ranchi,IPL,2014-05-13,male,T20,,20,RA Jadeja,JSCA International Stadium Complex
ipl0437,Cuttack,IPL,2014-05-14,male,T20,,20,RV Uthappa,Barabati Stadium
ipl0438,Hyderabad,IPL,2014-05-14,male,T20,,20,WP Saha,"Rajiv Gandhi International Stadium, Uppal"
ipl0439,Ahmedabad,IPL,2014-05-15,male,T20,,20,AM Rahane,"Sardar Patel Stadium, Motera"
ipl0440,Hyderabad,IPL,2014-05-18,male,T20,,20,UT Yadav,"Rajiv Gandhi International Stadium, Uppal"
ipl0441,Ranchi,IPL,2014-05-18,male,T20,,20,AB de Villiers,JSCA International Stadium Complex
ipl0442,Delhi,IPL,2014-05-19,male,T20,,20,AR Patel,Feroz Shah Kotla
ipl0443,Ahmedabad,IPL,2014-05-19,male,T20,,20,MEK Hussey,"Sardar Patel Stadium, Motera"
ipl0444,Kolkata,IPL,2014-05-20,male,T20,,20,RV Uthappa,Eden Gardens
ipl0445,Hyderabad,IPL,2014-05-20,male,T20,,20,DA Warner,"Rajiv Gandhi International Stadium, Uppal"
ipl0446,Chandigarh,IPL,2014-05-21,male,T20,,20,LMP Simmons,"Punjab Cricket Association Stadium, Mohali"
ipl0447,Ranchi,IPL,2014-05-22,male,T20,,20,DA Warner,JSCA International Stadium Complex
ipl0448,Kolkata,IPL,2014-05-22,male,T20,,20,RV Uthappa,Eden Gardens
ipl0449,Chandigarh,IPL,2014-05-23,male,T20,,20,SE Marsh,"Punjab Cricket Association Stadium, Mohali"
ipl0450,Mumbai,IPL,2014-05-23,male,T20,,20,MEK Hussey,Wankhede Stadium
ipl0451,Kolkata,IPL,2014-05-24,male,T20,,20,YK Pathan,Eden Gardens
ipl0452,Bangalore,IPL,2014-05-24,male,T20,,20,MS Dhoni,M Chinnaswamy Stadium
ipl0453,Mumbai,IPL,2014-05-25,male,T20,,20,CJ Anderson,Wankhede Stadium
ipl0454,Chandigarh,IPL,2014-05-25,male,T20,,20,M Vohra,"Punjab Cricket Association Stadium, Mohali"
ipl0455,Kolkata,IPL,2014-05-27,male,T20,,20,UT Yadav,Eden Gardens
ipl0456,Mumbai,IPL,2014-05-28,male,T20,,20,SK Raina,Brabourne Stadium
ipl0457,Mumbai,IPL,2014-05-30,male,T20,,20,V Sehwag,Wankhede Stadium
ipl0458,Bangalore,IPL,2014-06-01,male,T20,,20,MK Pandey,M Chinnaswamy Stadium
ipl0459,Kolkata,IPL,2015-04-08,male,T20,,20,M Morkel,Eden Gardens
ipl0460,Chennai,IPL,2015-04-09,male,T20,,20,A Nehra,"MA Chidambaram Stadium, Chepauk"
ipl0461,Pune,IPL,2015-04-10,male,T20,,20,JP Faulkner,Maharashtra Cricket Association Stadium
ipl0462,Kolkata,IPL,2015-04-11,male,T20,,20,CH Gayle,Eden Gardens
ipl0463,Chennai,IPL,2015-04-11,male,T20,,20,BB McCullum,"MA Chidambaram Stadium, Chepauk"
ipl0464,Mumbai,IPL,2015-04-12,male,T20,,20,GJ Bailey,Wankhede Stadium
ipl0465,Delhi,IPL,2015-04-12,male,T20,,20,DJ Hooda,Feroz Shah Kotla
ipl0466,Bangalore,IPL,2015-04-13,male,T20,,20,DA Warner,M Chinnaswamy Stadium
ipl0467,Ahmedabad,IPL,2015-04-14,male,T20,,20,SPD Smith,"Sardar Patel Stadium, Motera"
ipl0468,Pune,IPL,2015-04-15,male,T20,,20,MA Agarwal,Maharashtra Cricket Association Stadium
ipl0469,Visakhapatnam,IPL,2015-04-16,male,T20,,20,AM Rahane,Dr. Y.S. Rajasekhara Reddy ACA-VDCA Cricket Stadium
ipl0470,Mumbai,IPL,2015-04-17,male,T20,,20,A Nehra,Wankhede Stadium
ipl0471,Pune,IPL,2015-04-18,male,T20,,20,AD Russell,Maharashtra Cricket Association Stadium
ipl0472,Visakhapatnam,IPL,2015-04-18,male,T20,,20,JP Duminy,Dr. Y.S. Rajasekhara Reddy ACA-VDCA Cricket Stadium
ipl0473,Bangalore,IPL,2015-04-19,male,T20,,20,Harbhajan Singh,M Chinnaswamy Stadium
ipl0474,Ahmedabad,IPL,2015-04-19,male,T20,,20,AM Rahane,"Sardar Patel Stadium, Motera"
ipl0475,Delhi,IPL,2015-04-20,male,T20,,20,UT Yadav,Feroz Shah Kotla
ipl0476,Ahmedabad,IPL,2015-04-21,male,T20,,20,SE Marsh,"Sardar Patel Stadium, Motera"
ipl0477,Bangalore,IPL,2015-04-22,male,T20,,20,SK Raina,M Chinnaswamy Stadium
ipl0478,Visakhapatnam,IPL,2015-04-22,male,T20,,20,DA Warner,Dr. Y.S. Rajasekhara Reddy ACA-VDCA Cricket Stadium
ipl0479,Delhi,IPL,2015-04-23,male,T20,,20,SS Iyer,Feroz Shah Kotla
ipl0480,Ahmedabad,IPL,2015-04-24,male,T20,,20,MA Starc,"Sardar Patel Stadium, Motera"
ipl0481,Chennai,IPL,2015-04-25,male,T20,,20,BB McCullum,"MA Chidambaram Stadium, Chepauk"
ipl0482,Mumbai,IPL,2015-04-25,male,T20,,20,SL Malinga,Wankhede Stadium
ipl0483,Delhi,IPL,2015-04-26,male,T20,,20,VR Aaron,Feroz Shah Kotla
ipl0484,Chandigarh,IPL,2015-04-27,male,T20,,20,TA Boult,"Punjab Cricket Association Stadium, Mohali"
ipl0485,Chennai,IPL,2015-04-28,male,T20,,20,DJ Bravo,"MA Chidambaram Stadium, Chepauk"
ipl0486,Bangalore,IPL,2015-04-29,male,T20,,20,,M Chinnaswamy Stadium
ipl0487,Kolkata,IPL,2015-04-30,male,T20,,20,AD Russell,Eden Gardens
ipl0488,Mumbai,IPL,2015-05-01,male,T20,,20,AT Rayudu,Wankhede Stadium
ipl0489,Delhi,IPL,2015-05-01,male,T20,,20,NM Coulter-Nile,Feroz Shah Kotla
ipl0490,Hyderabad,IPL,2015-05-02,male,T20,,20,DA Warner,"Rajiv Gandhi International Stadium, Uppal"
ipl0491,Bangalore,IPL,2015-05-02,male,T20,,20,Mandeep Singh,M Chinnaswamy Stadium
ipl0492,Mumbai,IPL,2015-05-03,male,T20,,20,AM Rahane,Brabourne Stadium
ipl0493,Chandigarh,IPL,2015-05-03,male,T20,,20,LMP Simmons,"Punjab Cricket Association Stadium, Mohali"
ipl0494,Kolkata,IPL,2015-05-04,male,T20,,20,UT Yadav,Eden Gardens
ipl0495,Chennai,IPL,2015-05-04,male,T20,,20,SK Raina,"MA Chidambaram Stadium, Chepauk"
ipl0496,Mumbai,IPL,2015-05-05,male,T20,,20,Harbhajan Singh,Wankhede Stadium
ipl0497,Bangalore,IPL,2015-05-06,male,T20,,20,CH Gayle,M Chinnaswamy Stadium
ipl0498,Mumbai,IPL,2015-05-07,male,T20,,20,EJG Morgan,Brabourne Stadium
ipl0499,Kolkata,IPL,2015-05-07,male,T20,,20,PP Chawla,Eden Gardens
ipl0500,Chennai,IPL,2015-05-08,male,T20,,20,HH Pandya,"MA Chidambaram Stadium, Chepauk"
ipl0501,Raipur,IPL,2015-05-09,male,T20,,20,MC Henriques,Shaheed Veer Narayan Singh International Stadium
ipl0502,Kolkata,IPL,2015-05-09,male,T20,,20,AD Russell,Eden Gardens
ipl0503,Chennai,IPL,2015-05-10,male,T20,,20,RA Jadeja,"MA Chidambaram Stadium, Chepauk"
ipl0504,Mumbai,IPL,2015-05-10,male,T20,,20,AB de Villiers,Wankhede Stadium
ipl0505,Hyderabad,IPL,2015-05-11,male,T20,,20,DA Warner,"Rajiv Gandhi International Stadium, Uppal"
ipl0506,Raipur,IPL,2015-05-12,male,T20,,20,Z Khan,Shaheed Veer Narayan Singh International Stadium
ipl0507,Chandigarh,IPL,2015-05-13,male,T20,,20,AR Patel,"Punjab Cricket Association Stadium, Mohali"
ipl0508,Mumbai,IPL,2015-05-14,male,T20,,20,HH Pandya,Wankhede Stadium
ipl0509,Hyderabad,IPL,2015-05-15,male,T20,,20,V Kohli,"Rajiv Gandhi International Stadium, Uppal"
ipl0510,Mumbai,IPL,2015-05-16,male,T20,,20,SR Watson,Brabourne Stadium
ipl0511,Chandigarh,IPL,2015-05-16,male,T20,,20,P Negi,"Punjab Cricket Association Stadium, Mohali"
ipl0512,Hyderabad,IPL,2015-05-17,male,T20,,20,MJ McClenaghan,"Rajiv Gandhi International Stadium, Uppal"
ipl0513,Bangalore,IPL,2015-05-17,male,T20,,20,,M Chinnaswamy Stadium
ipl0514,Mumbai,IPL,2015-05-19,male,T20,,20,KA Pollard,Wankhede Stadium
ipl0515,Pune,IPL,2015-05-20,male,T20,,20,AB de Villiers,Maharashtra Cricket Association Stadium
ipl0516,Ranchi,IPL,2015-05-22,male,T20,,20,A Nehra,JSCA International Stadium Complex
ipl0517,Kolkata,IPL,2015-05-24,male,T20,,20,RG Sharma,Eden Gardens
ipl0518,Mumbai,IPL,2016-04-09,male,T20,,20,AM Rahane,Wankhede Stadium
ipl0519,Kolkata,IPL,2016-04-10,male,T20,,20,AD Russell,Eden Gardens
ipl0520,Chandigarh,IPL,2016-04-11,male,T20,,20,AJ Finch,"Punjab Cricket Association IS Bindra Stadium, Mohali"
ipl0521,Bangalore,IPL,2016-04-12,male,T20,,20,AB de Villiers,M Chinnaswamy Stadium
ipl0522,Kolkata,IPL,2016-04-13,male,T20,,20,RG Sharma,Eden Gardens
ipl0523,Rajkot,IPL,2016-04-14,male,T20,,20,AJ Finch,Saurashtra Cricket Association Stadium
ipl0524,Delhi,IPL,2016-04-15,male,T20,,20,A Mishra,Feroz Shah Kotla
ipl0525,Mumbai,IPL,2016-04-16,male,T20,,20,AJ Finch,Wankhede Stadium
ipl0526,Hyderabad,IPL,2016-04-16,male,T20,,20,G Gambhir,"Rajiv Gandhi International Stadium, Uppal"
ipl0527,Bangalore,IPL,2016-04-17,male,T20,,20,Q de Kock,M Chinnaswamy Stadium
ipl0528,Chandigarh,IPL,2016-04-17,male,T20,,20,M Vohra,"Punjab Cricket Association IS Bindra Stadium, Mohali"
ipl0529,Hyderabad,IPL,2016-04-18,male,T20,,20,DA Warner,"Rajiv Gandhi International Stadium, Uppal"
ipl0530,Chandigarh,IPL,2016-04-19,male,T20,,20,RV Uthappa,"Punjab Cricket Association IS Bindra Stadium, Mohali"
ipl0531,Mumbai,IPL,2016-04-20,male,T20,,20,RG Sharma,Wankhede Stadium
ipl0532,Rajkot,IPL,2016-04-21,male,T20,,20,B Kumar,Saurashtra Cricket Association Stadium
ipl0533,Pune,IPL,2016-04-22,male,T20,,20,AB de Villiers,Maharashtra Cricket Association Stadium
ipl0534,Hyderabad,IPL,2016-04-23,male,T20,,20,Mustafizur Rahman,"Rajiv Gandhi International Stadium, Uppal"
ipl0535,Delhi,IPL,2016-04-23,male,T20,,20,SV Samson,Feroz Shah Kotla
ipl0536,Pune,IPL,2016-04-24,male,T20,,20,SA Yadav,Maharashtra Cricket Association Stadium
ipl0537,Rajkot,IPL,2016-04-24,male,T20,,20,V Kohli,Saurashtra Cricket Association Stadium
ipl0538,Chandigarh,IPL,2016-04-25,male,T20,,20,PA Patel,"Punjab Cricket Association IS Bindra Stadium, Mohali"
ipl0539,Hyderabad,IPL,2016-04-26,male,T20,,20,AB Dinda,"Rajiv Gandhi International Stadium, Uppal"
ipl0540,Delhi,IPL,2016-04-27,male,T20,,20,CH Morris,Feroz Shah Kotla
ipl0541,Mumbai,IPL,2016-04-28,male,T20,,20,RG Sharma,Wankhede Stadium
ipl0542,Pune,IPL,2016-04-29,male,T20,,20,DR Smith,Maharashtra Cricket Association Stadium
ipl0543,Hyderabad,IPL,2016-04-30,male,T20,,20,DA Warner,"Rajiv Gandhi International Stadium, Uppal"
ipl0544,Delhi,IPL,2016-04-30,male,T20,,20,CR Brathwaite,Feroz Shah Kotla
ipl0545,Pune,IPL,2016-05-01,male,T20,,20,RG Sharma,Maharashtra Cricket Association Stadium
ipl0546,Rajkot,IPL,2016-05-01,male,T20,,20,AR Patel,Saurashtra Cricket Association Stadium
ipl0547,Bangalore,IPL,2016-05-02,male,T20,,20,AD Russell,M Chinnaswamy Stadium
ipl0548,Rajkot,IPL,2016-05-03,male,T20,,20,RR Pant,Saurashtra Cricket Association Stadium
ipl0549,Kolkata,IPL,2016-05-04,male,T20,,20,AD Russell,Eden Gardens
ipl0550,Delhi,IPL,2016-05-05,male,T20,,20,AM Rahane,Feroz Shah Kotla
ipl0551,Hyderabad,IPL,2016-05-06,male,T20,,20,B Kumar,"Rajiv Gandhi International Stadium, Uppal"
ipl0552,Chandigarh,IPL,2016-05-07,male,T20,,20,MP Stoinis,"Punjab Cricket Association IS Bindra Stadium, Mohali"
ipl0553,Bangalore,IPL,2016-05-07,male,T20,,20,V Kohli,M Chinnaswamy Stadium
ipl0554,Kolkata,IPL,2016-05-08,male,T20,,20,P Kumar,Eden Gardens
ipl0555,Visakhapatnam,IPL,2016-05-08,male,T20,,20,A Nehra,Dr. Y.S. Rajasekhara Reddy ACA-VDCA Cricket Stadium
ipl0556,Chandigarh,IPL,2016-05-09,male,T20,,20,SR Watson,"Punjab Cricket Association IS Bindra Stadium, Mohali"
ipl0557,Visakhapatnam,IPL,2016-05-10,male,T20,,20,A Zampa,Dr. Y.S. Rajasekhara Reddy ACA-VDCA Cricket Stadium
ipl0558,Bangalore,IPL,2016-05-11,male,T20,,20,KH Pandya,M Chinnaswamy Stadium
ipl0559,Hyderabad,IPL,2016-05-12,male,T20,,20,CH Morris,"Rajiv Gandhi International Stadium, Uppal"
ipl0560,Visakhapatnam,IPL,2016-05-13,male,T20,,20,MP Stoinis,Dr. Y.S. Rajasekhara Reddy ACA-VDCA Cricket Stadium
ipl0561,Kolkata,IPL,2016-05-14,male,T20,,20,YK Pathan,Eden Gardens
ipl0562,Bangalore,IPL,2016-05-14,male,T20,,20,AB de Villiers,M Chinnaswamy Stadium
ipl0563,Visakhapatnam,IPL,2016-05-15,male,T20,,20,KH Pandya,Dr. Y.S. Rajasekhara Reddy ACA-VDCA Cricket Stadium
ipl0564,Chandigarh,IPL,2016-05-15,male,T20,,20,HM Amla,"Punjab Cricket Association IS Bindra Stadium, Mohali"
ipl0565,Kolkata,IPL,2016-05-16,male,T20,,20,V Kohli,Eden Gardens
ipl0566,Visakhapatnam,IPL,2016-05-17,male,T20,,20,AB Dinda,Dr. Y.S. Rajasekhara Reddy ACA-VDCA Cricket Stadium
ipl0567,Bangalore,IPL,2016-05-18,male,T20,,20,V Kohli,M Chinnaswamy Stadium
ipl0568,Kanpur,IPL,2016-05-19,male,T20,,20,DR Smith,Green Park
ipl0569,Raipur,IPL,2016-05-20,male,T20,,20,KK Nair,Shaheed Veer Narayan Singh International Stadium
ipl0570,Kanpur,IPL,2016-05-21,male,T20,,20,SK Raina,Green Park
ipl0571,Visakhapatnam,IPL,2016-05-21,male,T20,,20,MS Dhoni,Dr. Y.S. Rajasekhara Reddy ACA-VDCA Cricket Stadium
ipl0572,Raipur,IPL,2016-05-22,male,T20,,20,V Kohli,Shaheed Veer Narayan Singh International Stadium
ipl0573,Kolkata,IPL,2016-05-22,male,T20,,20,YK Pathan,Eden Gardens
ipl0574,Bangalore,IPL,2016-05-24,male,T20,,20,AB de Villiers,M Chinnaswamy Stadium
ipl0575,Delhi,IPL,2016-05-25,male,T20,,20,MC Henriques,Feroz Shah Kotla
ipl0576,Delhi,IPL,2016-05-27,male,T20,,20,DA Warner,Feroz Shah Kotla
ipl0577,Bangalore,IPL,2016-05-29,male,T20,,20,BCJ Cutting,M Chinnaswamy Stadium
ipl0578,Hyderabad,IPL,2017-04-05,male,T20,,20,Yuvraj Singh,"Rajiv Gandhi International Stadium, Uppal"
ipl0579,Pune,IPL,2017-04-06,male,T20,,20,SPD Smith,Maharashtra Cricket Association Stadium
ipl0580,Rajkot,IPL,2017-04-07,male,T20,,20,CA Lynn,Saurashtra Cricket Association Stadium
ipl0581,Bengaluru,IPL,2017-04-08,male,T20,,20,KM Jadhav,M.Chinnaswamy Stadium
ipl0582,Indore,IPL,2017-04-08,male,T20,,20,GJ Maxwell,Holkar Cricket Stadium
ipl0583,Mumbai,IPL,2017-04-09,male,T20,,20,N Rana,Wankhede Stadium
ipl0584,Hyderabad,IPL,2017-04-09,male,T20,,20,Rashid Khan,"Rajiv Gandhi International Stadium, Uppal"
ipl0585,Indore,IPL,2017-04-10,male,T20,,20,AR Patel,Holkar Cricket Stadium
ipl0586,Pune,IPL,2017-04-11,male,T20,,20,SV Samson,Maharashtra Cricket Association Stadium
ipl0587,Mumbai,IPL,2017-04-12,male,T20,,20,JJ Bumrah,Wankhede Stadium
ipl0588,Kolkata,IPL,2017-04-13,male,T20,,20,SP Narine,Eden Gardens
ipl0589,Rajkot,IPL,2017-04-14,male,T20,,20,AJ Tye,Saurashtra Cricket Association Stadium
ipl0590,Bangalore,IPL,2017-04-14,male,T20,,20,KA Pollard,M Chinnaswamy Stadium
ipl0591,Delhi,IPL,2017-04-15,male,T20,,20,CJ Anderson,Feroz Shah Kotla
ipl0592,Kolkata,IPL,2017-04-15,male,T20,,20,RV Uthappa,Eden Gardens
ipl0593,Bangalore,IPL,2017-04-16,male,T20,,20,BA Stokes,M Chinnaswamy Stadium
ipl0594,Mumbai,IPL,2017-04-16,male,T20,,20,N Rana,Wankhede Stadium
ipl0595,Hyderabad,IPL,2017-04-17,male,T20,,20,B Kumar,"Rajiv Gandhi International Stadium, Uppal"
ipl0596,Delhi,IPL,2017-04-17,male,T20,,20,NM Coulter-Nile,Feroz Shah Kotla
ipl0597,Rajkot,IPL,2017-04-18,male,T20,,20,CH Gayle,Saurashtra Cricket Association Stadium
ipl0598,Hyderabad,IPL,2017-04-19,male,T20,,20,KS Williamson,"Rajiv Gandhi International Stadium, Uppal"
ipl0599,Indore,IPL,2017-04-20,male,T20,,20,JC Buttler,Holkar Cricket Stadium
ipl0600,Kolkata,IPL,2017-04-21,male,T20,,20,SK Raina,Eden Gardens
ipl0601,Pune,IPL,2017-04-22,male,T20,,20,MS Dhoni,Maharashtra Cricket Association Stadium
ipl0602,Mumbai,IPL,2017-04-22,male,T20,,20,MJ McClenaghan,Wankhede Stadium
ipl0603,Kolkata,IPL,2017-04-23,male,T20,,20,NM Coulter-Nile,Eden Gardens
ipl0604,Rajkot,IPL,2017-04-23,male,T20,,20,HM Amla,Saurashtra Cricket Association Stadium
ipl0605,Mumbai,IPL,2017-04-24,male,T20,,20,BA Stokes,Wankhede Stadium
ipl0606,Pune,IPL,2017-04-26,male,T20,,20,RV Uthappa,Maharashtra Cricket Association Stadium
ipl0607,Bangalore,IPL,2017-04-27,male,T20,,20,AJ Tye,M Chinnaswamy Stadium
ipl0608,Chandigarh,IPL,2017-04-28,male,T20,,20,Rashid Khan,"Punjab Cricket Association IS Bindra Stadium, Mohali"
ipl0609,Kolkata,IPL,2017-04-28,male,T20,,20,G Gambhir,Eden Gardens
ipl0610,Rajkot,IPL,2017-04-29,male,T20,,20,KH Pandya,Saurashtra Cricket Association Stadium
ipl0611,Pune,IPL,2017-04-29,male,T20,,20,LH Ferguson,Maharashtra Cricket Association Stadium
ipl0612,Hyderabad,IPL,2017-04-30,male,T20,,20,DA Warner,"Rajiv Gandhi International Stadium, Uppal"
ipl0613,Chandigarh,IPL,2017-04-30,male,T20,,20,Sandeep Sharma,"Punjab Cricket Association IS Bindra Stadium, Mohali"
ipl0614,Pune,IPL,2017-05-01,male,T20,,20,BA Stokes,Maharashtra Cricket Association Stadium
ipl0615,Mumbai,IPL,2017-05-01,male,T20,,20,RG Sharma,Wankhede Stadium
ipl0616,Delhi,IPL,2017-05-02,male,T20,,20,Mohammed Shami,Feroz Shah Kotla
ipl0617,Kolkata,IPL,2017-05-03,male,T20,,20,RA Tripathi,Eden Gardens
ipl0618,Delhi,IPL,2017-05-04,male,T20,,20,RR Pant,Feroz Shah Kotla
ipl0619,Bangalore,IPL,2017-05-05,male,T20,,20,Sandeep Sharma,M Chinnaswamy Stadium
ipl0620,Delhi,IPL,2017-05-06,male,T20,,20,LMP Simmons,Feroz Shah Kotla
ipl0621,Hyderabad,IPL,2017-05-06,male,T20,,20,JD Unadkat,"Rajiv Gandhi International Stadium, Uppal"
ipl0622,Chandigarh,IPL,2017-05-07,male,T20,,20,DR Smith,"Punjab Cricket Association IS Bindra Stadium, Mohali"
ipl0623,Bangalore,IPL,2017-05-07,male,T20,,20,SP Narine,M Chinnaswamy Stadium
ipl0624,Hyderabad,IPL,2017-05-08,male,T20,,20,S Dhawan,"Rajiv Gandhi International Stadium, Uppal"
ipl0625,Chandigarh,IPL,2017-05-09,male,T20,,20,MM Sharma,"Punjab Cricket Association IS Bindra Stadium, Mohali"
ipl0626,Kanpur,IPL,2017-05-10,male,T20,,20,SS Iyer,Green Park
ipl0627,Mumbai,IPL,2017-05-11,male,T20,,20,WP Saha,Wankhede Stadium
ipl0628,Delhi,IPL,2017-05-12,male,T20,,20,KK Nair,Feroz Shah Kotla
ipl0629,Kolkata,IPL,2017-05-13,male,T20,,20,AT Rayudu,Eden Gardens
ipl0630,Kanpur,IPL,2017-05-13,male,T20,,20,Mohammed Siraj,Green Park
ipl0631,Delhi,IPL,2017-05-14,male,T20,,20,HV Patel,Feroz Shah Kotla
ipl0632,Pune,IPL,2017-05-14,male,T20,,20,JD Unadkat,Maharashtra Cricket Association Stadium
ipl0633,Mumbai,IPL,2017-05-16,male,T20,,20,Washington Sundar,Wankhede Stadium
ipl0634,Bangalore,IPL,2017-05-17,male,T20,,20,NM Coulter-Nile,M Chinnaswamy Stadium
ipl0635,Bangalore,IPL,2017-05-19,male,T20,,20,KV Sharma,M Chinnaswamy Stadium
ipl0636,Hyderabad,IPL,2017-05-21,male,T20,,20,KH Pandya,"Rajiv Gandhi International Stadium, Uppal"
ipl0637,Mumbai,IPL,2018-04-07,male,T20,,20,DJ Bravo,Wankhede Stadium
ipl0638,Kolkata,IPL,2018-04-08,male,T20,,20,SP Narine,Eden Gardens
ipl0639,Chandigarh,IPL,2018-04-08,male,T20,,20,KL Rahul,Punjab Cricket Association IS Bindra Stadium
ipl0640,Hyderabad,IPL,2018-04-09,male,T20,,20,S Dhawan,Rajiv Gandhi International Stadium
ipl0641,Chennai,IPL,2018-04-10,male,T20,,20,SW Billings,MA Chidambaram Stadium
ipl0642,Jaipur,IPL,2018-04-11,male,T20,,20,SV Samson,Sawai Mansingh Stadium
ipl0643,Hyderabad,IPL,2018-04-12,male,T20,,20,Rashid Khan,Rajiv Gandhi International Stadium
ipl0644,Bengaluru,IPL,2018-04-13,male,T20,,20,UT Yadav,M.Chinnaswamy Stadium
ipl0645,Kolkata,IPL,2018-04-14,male,T20,,20,B Stanlake,Eden Gardens
ipl0646,Mumbai,IPL,2018-04-14,male,T20,,20,JJ Roy,Wankhede Stadium
ipl0647,Chandigarh,IPL,2018-04-15,male,T20,,20,CH Gayle,Punjab Cricket Association IS Bindra Stadium
ipl0648,Bengaluru,IPL,2018-04-15,male,T20,,20,SV Samson,M.Chinnaswamy Stadium
ipl0649,Kolkata,IPL,2018-04-16,male,T20,,20,N Rana,Eden Gardens
ipl0650,Mumbai,IPL,2018-04-17,male,T20,,20,RG Sharma,Wankhede Stadium
ipl0651,Jaipur,IPL,2018-04-18,male,T20,,20,N Rana,Sawai Mansingh Stadium
ipl0652,Chandigarh,IPL,2018-04-19,male,T20,,20,CH Gayle,Punjab Cricket Association IS Bindra Stadium
ipl0653,Pune,IPL,2018-04-20,male,T20,,20,SR Watson,Maharashtra Cricket Association Stadium
ipl0654,Bengaluru,IPL,2018-04-21,male,T20,,20,AB de Villiers,M.Chinnaswamy Stadium
ipl0655,Kolkata,IPL,2018-04-21,male,T20,,20,KL Rahul,Eden Gardens
ipl0656,Jaipur,IPL,2018-04-22,male,T20,,20,JC Archer,Sawai Mansingh Stadium
ipl0657,Hyderabad,IPL,2018-04-22,male,T20,,20,AT Rayudu,Rajiv Gandhi International Stadium
ipl0658,Delhi,IPL,2018-04-23,male,T20,,20,AS Rajpoot,Arun Jaitley Stadium
ipl0659,Mumbai,IPL,2018-04-24,male,T20,,20,Rashid Khan,Wankhede Stadium
ipl0660,Bengaluru,IPL,2018-04-25,male,T20,,20,MS Dhoni,M.Chinnaswamy Stadium
ipl0661,Hyderabad,IPL,2018-04-26,male,T20,,20,AS Rajpoot,Rajiv Gandhi International Stadium
ipl0662,Delhi,IPL,2018-04-27,male,T20,,20,SS Iyer,Arun Jaitley Stadium
ipl0663,Pune,IPL,2018-04-28,male,T20,,20,RG Sharma,Maharashtra Cricket Association Stadium
ipl0664,Bengaluru,IPL,2018-04-29,male,T20,,20,CA Lynn,M.Chinnaswamy Stadium
ipl0665,Jaipur,IPL,2018-04-29,male,T20,,20,KS Williamson,Sawai Mansingh Stadium
ipl0666,Pune,IPL,2018-04-30,male,T20,,20,SR Watson,Maharashtra Cricket Association Stadium
ipl0667,Bengaluru,IPL,2018-05-01,male,T20,,20,TG Southee,M.Chinnaswamy Stadium
ipl0668,Delhi,IPL,2018-05-02,male,T20,,20,RR Pant,Arun Jaitley Stadium
ipl0669,Kolkata,IPL,2018-05-03,male,T20,,20,SP Narine,Eden Gardens
ipl0670,Indore,IPL,2018-05-04,male,T20,,20,SA Yadav,Holkar Cricket Stadium
ipl0671,Hyderabad,IPL,2018-05-05,male,T20,,20,Rashid Khan,Rajiv Gandhi International Stadium
ipl0672,Pune,IPL,2018-05-05,male,T20,,20,RA Jadeja,Maharashtra Cricket Association Stadium
ipl0673,Indore,IPL,2018-05-06,male,T20,,20,Mujeeb Ur Rahman,Holkar Cricket Stadium
ipl0674,Mumbai,IPL,2018-05-06,male,T20,,20,HH Pandya,Wankhede Stadium
ipl0675,Hyderabad,IPL,2018-05-07,male,T20,,20,KS Williamson,Rajiv Gandhi International Stadium
ipl0676,Jaipur,IPL,2018-05-08,male,T20,,20,JC Buttler,Sawai Mansingh Stadium
ipl0677,Kolkata,IPL,2018-05-09,male,T20,,20,Ishan Kishan,Eden Gardens
ipl0678,Delhi,IPL,2018-05-10,male,T20,,20,S Dhawan,Arun Jaitley Stadium
ipl0679,Jaipur,IPL,2018-05-11,male,T20,,20,JC Buttler,Sawai Mansingh Stadium
ipl0680,Delhi,IPL,2018-05-12,male,T20,,20,AB de Villiers,Arun Jaitley Stadium
ipl0681,Indore,IPL,2018-05-12,male,T20,,20,SP Narine,Holkar Cricket Stadium
ipl0682,Mumbai,IPL,2018-05-13,male,T20,,20,JC Buttler,Wankhede Stadium
ipl0683,Pune,IPL,2018-05-13,male,T20,,20,AT Rayudu,Maharashtra Cricket Association Stadium
ipl0684,Indore,IPL,2018-05-14,male,T20,,20,UT Yadav,Holkar Cricket Stadium
ipl0685,Kolkata,IPL,2018-05-15,male,T20,,20,Kuldeep Yadav,Eden Gardens
ipl0686,Mumbai,IPL,2018-05-16,male,T20,,20,JJ Bumrah,Wankhede Stadium
ipl0687,Bengaluru,IPL,2018-05-17,male,T20,,20,AB de Villiers,M.Chinnaswamy Stadium
ipl0688,Delhi,IPL,2018-05-18,male,T20,,20,HV Patel,Arun Jaitley Stadium
ipl0689,Hyderabad,IPL,2018-05-19,male,T20,,20,CA Lynn,Rajiv Gandhi International Stadium
ipl0690,Jaipur,IPL,2018-05-19,male,T20,,20,S Gopal,Sawai Mansingh Stadium
ipl0691,Pune,IPL,2018-05-20,male,T20,,20,L Ngidi,Maharashtra Cricket Association Stadium
ipl0692,Delhi,IPL,2018-05-20,male,T20,,20,A Mishra,Arun Jaitley Stadium
ipl0693,Mumbai,IPL,2018-05-22,male,T20,,20,F du Plessis,Wankhede Stadium
ipl0694,Kolkata,IPL,2018-05-23,male,T20,,20,AD Russell,Eden Gardens
ipl0695,Kolkata,IPL,2018-05-25,male,T20,,20,Rashid Khan,Eden Gardens
ipl0696,Mumbai,IPL,2018-05-27,male,T20,,20,SR Watson,Wankhede Stadium
ipl0697,Chennai,IPL,2019-03-23,male,T20,,20,Harbhajan Singh,MA Chidambaram Stadium
ipl0698,Mumbai,IPL,2019-03-24,male,T20,,20,RR Pant,Wankhede Stadium
ipl0699,Kolkata,IPL,2019-03-24,male,T20,,20,AD Russell,Eden Gardens
ipl0700,Jaipur,IPL,2019-03-25,male,T20,,20,CH Gayle,Sawai Mansingh Stadium
ipl0701,Delhi,IPL,2019-03-26,male,T20,,20,SR Watson,Arun Jaitley Stadium
ipl0702,Kolkata,IPL,2019-03-27,male,T20,,20,AD Russell,Eden Gardens
ipl0703,Bengaluru,IPL,2019-03-28,male,T20,,20,JJ Bumrah,M.Chinnaswamy Stadium
ipl0704,Hyderabad,IPL,2019-03-29,male,T20,,20,Rashid Khan,Rajiv Gandhi International Stadium
ipl0705,Delhi,IPL,2019-03-30,male,T20,,20,PP Shaw,Arun Jaitley Stadium
ipl0706,Chandigarh,IPL,2019-03-30,male,T20,,20,MA Agarwal,Punjab Cricket Association IS Bindra Stadium
ipl0707,Chennai,IPL,2019-03-31,male,T20,,20,MS Dhoni,MA Chidambaram Stadium
ipl0708,Hyderabad,IPL,2019-03-31,male,T20,,20,JM Bairstow,Rajiv Gandhi International Stadium
ipl0709,Chandigarh,IPL,2019-04-01,male,T20,,20,SM Curran,Punjab Cricket Association IS Bindra Stadium
ipl0710,Jaipur,IPL,2019-04-02,male,T20,,20,S Gopal,Sawai Mansingh Stadium
ipl0711,Mumbai,IPL,2019-04-03,male,T20,,20,HH Pandya,Wankhede Stadium
ipl0712,Delhi,IPL,2019-04-04,male,T20,,20,JM Bairstow,Arun Jaitley Stadium
ipl0713,Bengaluru,IPL,2019-04-05,male,T20,,20,AD Russell,M.Chinnaswamy Stadium
ipl0714,Hyderabad,IPL,2019-04-06,male,T20,,20,AS Joseph,Rajiv Gandhi International Stadium
ipl0715,Chennai,IPL,2019-04-06,male,T20,,20,Harbhajan Singh,MA Chidambaram Stadium
ipl0716,Jaipur,IPL,2019-04-07,male,T20,,20,HF Gurney,Sawai Mansingh Stadium
ipl0717,Bengaluru,IPL,2019-04-07,male,T20,,20,K Rabada,M.Chinnaswamy Stadium
ipl0718,Chandigarh,IPL,2019-04-08,male,T20,,20,KL Rahul,Punjab Cricket Association IS Bindra Stadium
ipl0719,Chennai,IPL,2019-04-09,male,T20,,20,DL Chahar,MA Chidambaram Stadium
ipl0720,Mumbai,IPL,2019-04-10,male,T20,,20,KA Pollard,Wankhede Stadium
ipl0721,Jaipur,IPL,2019-04-11,male,T20,,20,MS Dhoni,Sawai Mansingh Stadium
ipl0722,Kolkata,IPL,2019-04-12,male,T20,,20,S Dhawan,Eden Gardens
ipl0723,Chandigarh,IPL,2019-04-13,male,T20,,20,AB de Villiers,Punjab Cricket Association IS Bindra Stadium
ipl0724,Mumbai,IPL,2019-04-13,male,T20,,20,JC Buttler,Wankhede Stadium
ipl0725,Hyderabad,IPL,2019-04-14,male,T20,,20,KMA Paul,Rajiv Gandhi International Stadium
ipl0726,Kolkata,IPL,2019-04-14,male,T20,,20,Imran Tahir,Eden Gardens
ipl0727,Mumbai,IPL,2019-04-15,male,T20,,20,SL Malinga,Wankhede Stadium
ipl0728,Chandigarh,IPL,2019-04-16,male,T20,,20,R Ashwin,Punjab Cricket Association IS Bindra Stadium
ipl0729,Hyderabad,IPL,2019-04-17,male,T20,,20,DA Warner,Rajiv Gandhi International Stadium
ipl0730,Delhi,IPL,2019-04-18,male,T20,,20,HH Pandya,Arun Jaitley Stadium
ipl0731,Kolkata,IPL,2019-04-19,male,T20,,20,V Kohli,Eden Gardens
ipl0732,Delhi,IPL,2019-04-20,male,T20,,20,SS Iyer,Arun Jaitley Stadium
ipl0733,Jaipur,IPL,2019-04-20,male,T20,,20,SPD Smith,Sawai Mansingh Stadium
ipl0734,Bengaluru,IPL,2019-04-21,male,T20,,20,PA Patel,M.Chinnaswamy Stadium
ipl0735,Hyderabad,IPL,2019-04-21,male,T20,,20,KK Ahmed,Rajiv Gandhi International Stadium
ipl0736,Jaipur,IPL,2019-04-22,male,T20,,20,RR Pant,Sawai Mansingh Stadium
ipl0737,Chennai,IPL,2019-04-23,male,T20,,20,SR Watson,MA Chidambaram Stadium
ipl0738,Bengaluru,IPL,2019-04-24,male,T20,,20,AB de Villiers,M.Chinnaswamy Stadium
ipl0739,Kolkata,IPL,2019-04-25,male,T20,,20,VR Aaron,Eden Gardens
ipl0740,Chennai,IPL,2019-04-26,male,T20,,20,RG Sharma,MA Chidambaram Stadium
ipl0741,Jaipur,IPL,2019-04-27,male,T20,,20,JD Unadkat,Sawai Mansingh Stadium
ipl0742,Kolkata,IPL,2019-04-28,male,T20,,20,AD Russell,Eden Gardens
ipl0743,Delhi,IPL,2019-04-28,male,T20,,20,S Dhawan,Arun Jaitley Stadium
ipl0744,Hyderabad,IPL,2019-04-29,male,T20,,20,DA Warner,Rajiv Gandhi International Stadium
ipl0745,Bengaluru,IPL,2019-04-30,male,T20,,20,,M.Chinnaswamy Stadium
ipl0746,Chennai,IPL,2019-05-01,male,T20,,20,MS Dhoni,MA Chidambaram Stadium
ipl0747,Mumbai,IPL,2019-05-02,male,T20,,20,JJ Bumrah,Wankhede Stadium
ipl0748,Chandigarh,IPL,2019-05-03,male,T20,,20,Shubman Gill,Punjab Cricket Association IS Bindra Stadium
ipl0749,Bengaluru,IPL,2019-05-04,male,T20,,20,SO Hetmyer,M.Chinnaswamy Stadium
ipl0750,Delhi,IPL,2019-05-04,male,T20,,20,A Mishra,Arun Jaitley Stadium
ipl0751,Mumbai,IPL,2019-05-05,male,T20,,20,HH Pandya,Wankhede Stadium
ipl0752,Chandigarh,IPL,2019-05-05,male,T20,,20,KL Rahul,Punjab Cricket Association IS Bindra Stadium
ipl0753,Chennai,IPL,2019-05-07,male,T20,,20,SA Yadav,MA Chidambaram Stadium
ipl0754,Visakhapatnam,IPL,2019-05-08,male,T20,,20,RR Pant,Dr. Y.S. Rajasekhara Reddy ACA-VDCA Cricket Stadium
ipl0755,Visakhapatnam,IPL,2019-05-10,male,T20,,20,F du Plessis,Dr. Y.S. Rajasekhara Reddy ACA-VDCA Cricket Stadium
ipl0756,Hyderabad,IPL,2019-05-12,male,T20,,20,JJ Bumrah,Rajiv Gandhi International Stadium
ipl0757,Abu Dhabi,IPL,2020-09-19,male,T20,,20,AT Rayudu,Sheikh Zayed Stadium
ipl0758,,IPL,2020-09-20,male,T20,,20,MP Stoinis,Dubai International Cricket Stadium
ipl0759,,IPL,2020-09-21,male,T20,,20,YS Chahal,Dubai International Cricket Stadium
ipl0760,,IPL,2020-09-22,male,T20,,20,SV Samson,Sharjah Cricket Stadium
ipl0761,Abu Dhabi,IPL,2020-09-23,male,T20,,20,RG Sharma,Sheikh Zayed Stadium
ipl0762,,IPL,2020-09-24,male,T20,,20,KL Rahul,Dubai International Cricket Stadium
ipl0763,,IPL,2020-09-25,male,T20,,20,PP Shaw,Dubai International Cricket Stadium
ipl0764,Abu Dhabi,IPL,2020-09-26,male,T20,,20,Shubman Gill,Sheikh Zayed Stadium
ipl0765,,IPL,2020-09-27,male,T20,,20,SV Samson,Sharjah Cricket Stadium
ipl0766,,IPL,2020-09-28,male,T20,,20,AB de Villiers,Dubai International Cricket Stadium
ipl0767,Abu Dhabi,IPL,2020-09-29,male,T20,,20,Rashid Khan,Sheikh Zayed Stadium
ipl0768,,IPL,2020-09-30,male,T20,,20,Shivam Mavi,Dubai International Cricket Stadium
ipl0769,Abu Dhabi,IPL,2020-10-01,male,T20,,20,KA Pollard,Sheikh Zayed Stadium
ipl0770,,IPL,2020-10-02,male,T20,,20,PK Garg,Dubai International Cricket Stadium
ipl0771,,IPL,2020-10-03,male,T20,,20,SS Iyer,Sharjah Cricket Stadium
ipl0772,Abu Dhabi,IPL,2020-10-03,male,T20,,20,YS Chahal,Sheikh Zayed Stadium
ipl0773,,IPL,2020-10-04,male,T20,,20,TA Boult,Sharjah Cricket Stadium
ipl0774,,IPL,2020-10-04,male,T20,,20,SR Watson,Dubai International Cricket Stadium
ipl0775,,IPL,2020-10-05,male,T20,,20,AR Patel,Dubai International Cricket Stadium
ipl0776,Abu Dhabi,IPL,2020-10-06,male,T20,,20,SA Yadav,Sheikh Zayed Stadium
ipl0777,Abu Dhabi,IPL,2020-10-07,male,T20,,20,RA Tripathi,Sheikh Zayed Stadium
ipl0778,,IPL,2020-10-08,male,T20,,20,JM Bairstow,Dubai International Cricket Stadium
ipl0779,,IPL,2020-10-09,male,T20,,20,R Ashwin,Sharjah Cricket Stadium
ipl0780,,IPL,2020-10-10,male,T20,,20,V Kohli,Dubai International Cricket Stadium
ipl0781,Abu Dhabi,IPL,2020-10-10,male,T20,,20,KD Karthik,Sheikh Zayed Stadium
ipl0782,Abu Dhabi,IPL,2020-10-11,male,T20,,20,Q de Kock,Sheikh Zayed Stadium
ipl0783,,IPL,2020-10-11,male,T20,,20,R Tewatia,Dubai International Cricket Stadium
ipl0784,,IPL,2020-10-12,male,T20,,20,AB de Villiers,Sharjah Cricket Stadium
ipl0785,,IPL,2020-10-13,male,T20,,20,RA Jadeja,Dubai International Cricket Stadium
ipl0786,,IPL,2020-10-14,male,T20,,20,A Nortje,Dubai International Cricket Stadium
ipl0787,,IPL,2020-10-15,male,T20,,20,KL Rahul,Sharjah Cricket Stadium
ipl0788,Abu Dhabi,IPL,2020-10-16,male,T20,,20,Q de Kock,Sheikh Zayed Stadium
ipl0789,,IPL,2020-10-17,male,T20,,20,AB de Villiers,Dubai International Cricket Stadium
ipl0790,,IPL,2020-10-17,male,T20,,20,S Dhawan,Sharjah Cricket Stadium
ipl0791,,IPL,2020-10-18,male,T20,,20,KL Rahul,Dubai International Cricket Stadium
ipl0792,Abu Dhabi,IPL,2020-10-18,male,T20,,20,LH Ferguson,Sheikh Zayed Stadium
ipl0793,Abu Dhabi,IPL,2020-10-19,male,T20,,20,JC Buttler,Sheikh Zayed Stadium
ipl0794,,IPL,2020-10-20,male,T20,,20,S Dhawan,Dubai International Cricket Stadium
ipl0795,Abu Dhabi,IPL,2020-10-21,male,T20,,20,Mohammed Siraj,Sheikh Zayed Stadium
ipl0796,,IPL,2020-10-22,male,T20,,20,MK Pandey,Dubai International Cricket Stadium
ipl0797,,IPL,2020-10-23,male,T20,,20,TA Boult,Sharjah Cricket Stadium
ipl0798,,IPL,2020-10-24,male,T20,,20,CJ Jordan,Dubai International Cricket Stadium
ipl0799,Abu Dhabi,IPL,2020-10-24,male,T20,,20,CV Varun,Sheikh Zayed Stadium
ipl0800,,IPL,2020-10-25,male,T20,,20,RD Gaikwad,Dubai International Cricket Stadium
ipl0801,Abu Dhabi,IPL,2020-10-25,male,T20,,20,BA Stokes,Sheikh Zayed Stadium
ipl0802,,IPL,2020-10-26,male,T20,,20,CH Gayle,Sharjah Cricket Stadium
ipl0803,,IPL,2020-10-27,male,T20,,20,WP Saha,Dubai International Cricket Stadium
ipl0804,Abu Dhabi,IPL,2020-10-28,male,T20,,20,SA Yadav,Sheikh Zayed Stadium
ipl0805,,IPL,2020-10-29,male,T20,,20,RD Gaikwad,Dubai International Cricket Stadium
ipl0806,Abu Dhabi,IPL,2020-10-30,male,T20,,20,BA Stokes,Sheikh Zayed Stadium
ipl0807,,IPL,2020-10-31,male,T20,,20,Ishan Kishan,Dubai International Cricket Stadium
ipl0808,,IPL,2020-10-31,male,T20,,20,Sandeep Sharma,Sharjah Cricket Stadium
ipl0809,,IPL,2020-11-01,male,T20,,20,PJ Cummins,Dubai International Cricket Stadium
ipl0810,Abu Dhabi,IPL,2020-11-01,male,T20,,20,RD Gaikwad,Sheikh Zayed Stadium
ipl0811,Abu Dhabi,IPL,2020-11-02,male,T20,,20,A Nortje,Sheikh Zayed Stadium
ipl0812,,IPL,2020-11-03,male,T20,,20,S Nadeem,Sharjah Cricket Stadium
ipl0813,,IPL,2020-11-05,male,T20,,20,JJ Bumrah,Dubai International Cricket Stadium
ipl0814,Abu Dhabi,IPL,2020-11-06,male,T20,,20,KS Williamson,Sheikh Zayed Stadium
ipl0815,Abu Dhabi,IPL,2020-11-08,male,T20,,20,MP Stoinis,Sheikh Zayed Stadium
ipl0816,,IPL,2020-11-10,male,T20,,20,TA Boult,Dubai International Cricket Stadium
ipl0817,Chennai,IPL,2021-04-09,male,T20,,20,HV Patel,"MA Chidambaram Stadium, Chepauk, Chennai"
ipl0818,Mumbai,IPL,2021-04-10,male,T20,,20,S Dhawan,"Wankhede Stadium, Mumbai"
ipl0819,Chennai,IPL,2021-04-11,male,T20,,20,N Rana,"MA Chidambaram Stadium, Chepauk, Chennai"
ipl0820,Mumbai,IPL,2021-04-12,male,T20,,20,SV Samson,"Wankhede Stadium, Mumbai"
ipl0821,Chennai,IPL,2021-04-13,male,T20,,20,RD Chahar,"MA Chidambaram Stadium, Chepauk, Chennai"
ipl0822,Chennai,IPL,2021-04-14,male,T20,,20,GJ Maxwell,"MA Chidambaram Stadium, Chepauk, Chennai"
ipl0823,Mumbai,IPL,2021-04-15,male,T20,,20,JD Unadkat,"Wankhede Stadium, Mumbai"
ipl0824,Mumbai,IPL,2021-04-16,male,T20,,20,DL Chahar,"Wankhede Stadium, Mumbai"
ipl0825,Chennai,IPL,2021-04-17,male,T20,,20,KA Pollard,"MA Chidambaram Stadium, Chepauk, Chennai"
ipl0826,Mumbai,IPL,2021-04-18,male,T20,,20,S Dhawan,"Wankhede Stadium, Mumbai"
ipl0827,Chennai,IPL,2021-04-18,male,T20,,20,AB de Villiers,"MA Chidambaram Stadium, Chepauk, Chennai"
ipl0828,Mumbai,IPL,2021-04-19,male,T20,,20,MM Ali,"Wankhede Stadium, Mumbai"
ipl0829,Chennai,IPL,2021-04-20,male,T20,,20,A Mishra,"MA Chidambaram Stadium, Chepauk, Chennai"
ipl0830,Mumbai,IPL,2021-04-21,male,T20,,20,F du Plessis,"Wankhede Stadium, Mumbai"
ipl0831,Chennai,IPL,2021-04-21,male,T20,,20,JM Bairstow,"MA Chidambaram Stadium, Chepauk, Chennai"
ipl0832,Mumbai,IPL,2021-04-22,male,T20,,20,D Padikkal,"Wankhede Stadium, Mumbai"
ipl0833,Chennai,IPL,2021-04-23,male,T20,,20,KL Rahul,"MA Chidambaram Stadium, Chepauk, Chennai"
ipl0834,Mumbai,IPL,2021-04-24,male,T20,,20,CH Morris,"Wankhede Stadium, Mumbai"
ipl0835,Chennai,IPL,2021-04-25,male,T20,,20,PP Shaw,"MA Chidambaram Stadium, Chepauk, Chennai"
ipl0836,Mumbai,IPL,2021-04-25,male,T20,,20,RA Jadeja,"Wankhede Stadium, Mumbai"
ipl0837,Ahmedabad,IPL,2021-04-26,male,T20,,20,EJG Morgan,"Narendra Modi Stadium, Ahmedabad"
ipl0838,Ahmedabad,IPL,2021-04-27,male,T20,,20,AB de Villiers,"Narendra Modi Stadium, Ahmedabad"
ipl0839,Delhi,IPL,2021-04-28,male,T20,,20,RD Gaikwad,"Arun Jaitley Stadium, Delhi"
ipl0840,Ahmedabad,IPL,2021-04-29,male,T20,,20,PP Shaw,"Narendra Modi Stadium, Ahmedabad"
ipl0841,Delhi,IPL,2021-04-29,male,T20,,20,Q de Kock,"Arun Jaitley Stadium, Delhi"
ipl0842,Ahmedabad,IPL,2021-04-30,male,T20,,20,Harpreet Brar,"Narendra Modi Stadium, Ahmedabad"
ipl0843,Delhi,IPL,2021-05-01,male,T20,,20,KA Pollard,"Arun Jaitley Stadium, Delhi"
ipl0844,Ahmedabad,IPL,2021-05-02,male,T20,,20,MA Agarwal,"Narendra Modi Stadium, Ahmedabad"
ipl0845,Delhi,IPL,2021-05-02,male,T20,,20,JC Buttler,"Arun Jaitley Stadium, Delhi"
ipl0846,Dubai,IPL,2021-09-19,male,T20,,20,RD Gaikwad,Dubai International Cricket Stadium
ipl0847,Abu Dhabi,IPL,2021-09-20,male,T20,,20,CV Varun,"Zayed Cricket Stadium, Abu Dhabi"
ipl0848,Dubai,IPL,2021-09-21,male,T20,,20,Kartik Tyagi,Dubai International Cricket Stadium
ipl0849,Dubai,IPL,2021-09-22,male,T20,,20,A Nortje,Dubai International Cricket Stadium
ipl0850,Abu Dhabi,IPL,2021-09-23,male,T20,,20,SP Narine,"Zayed Cricket Stadium, Abu Dhabi"
ipl0851,Sharjah,IPL,2021-09-24,male,T20,,20,DJ Bravo,Sharjah Cricket Stadium
ipl0852,Sharjah,IPL,2021-09-25,male,T20,,20,JO Holder,Sharjah Cricket Stadium
ipl0853,Abu Dhabi,IPL,2021-09-25,male,T20,,20,SS Iyer,"Zayed Cricket Stadium, Abu Dhabi"
ipl0854,Dubai,IPL,2021-09-26,male,T20,,20,GJ Maxwell,Dubai International Cricket Stadium
ipl0855,Abu Dhabi,IPL,2021-09-26,male,T20,,20,RA Jadeja,"Zayed Cricket Stadium, Abu Dhabi"
ipl0856,Dubai,IPL,2021-09-27,male,T20,,20,JJ Roy,Dubai International Cricket Stadium
ipl0857,Abu Dhabi,IPL,2021-09-28,male,T20,,20,KA Pollard,"Zayed Cricket Stadium, Abu Dhabi"
ipl0858,Sharjah,IPL,2021-09-28,male,T20,,20,SP Narine,Sharjah Cricket Stadium
ipl0859,Dubai,IPL,2021-09-29,male,T20,,20,YS Chahal,Dubai International Cricket Stadium
ipl0860,Sharjah,IPL,2021-09-30,male,T20,,20,JR Hazlewood,Sharjah Cricket Stadium
ipl0861,Dubai,IPL,2021-10-01,male,T20,,20,KL Rahul,Dubai International Cricket Stadium
ipl0862,Sharjah,IPL,2021-10-02,male,T20,,20,AR Patel,Sharjah Cricket Stadium
ipl0863,Abu Dhabi,IPL,2021-10-02,male,T20,,20,RD Gaikwad,"Zayed Cricket Stadium, Abu Dhabi"
ipl0864,Dubai,IPL,2021-10-03,male,T20,,20,Shubman Gill,Dubai International Cricket Stadium
ipl0865,Sharjah,IPL,2021-10-03,male,T20,,20,GJ Maxwell,Sharjah Cricket Stadium
ipl0866,Dubai,IPL,2021-10-04,male,T20,,20,AR Patel,Dubai International Cricket Stadium
ipl0867,Sharjah,IPL,2021-10-05,male,T20,,20,NM Coulter-Nile,Sharjah Cricket Stadium
ipl0868,Abu Dhabi,IPL,2021-10-06,male,T20,,20,KS Williamson,"Zayed Cricket Stadium, Abu Dhabi"
ipl0869,Sharjah,IPL,2021-10-07,male,T20,,20,Shivam Mavi,Sharjah Cricket Stadium
ipl0870,Dubai,IPL,2021-10-07,male,T20,,20,KL Rahul,Dubai International Cricket Stadium
ipl0871,Dubai,IPL,2021-10-08,male,T20,,20,KS Bharat,Dubai International Cricket Stadium
ipl0872,Abu Dhabi,IPL,2021-10-08,male,T20,,20,Ishan Kishan,"Zayed Cricket Stadium, Abu Dhabi"
ipl0873,Dubai,IPL,2021-10-10,male,T20,,20,RD Gaikwad,Dubai International Cricket Stadium
ipl0874,Sharjah,IPL,2021-10-11,male,T20,,20,SP Narine,Sharjah Cricket Stadium
ipl0875,Sharjah,IPL,2021-10-13,male,T20,,20,VR Iyer,Sharjah Cricket Stadium
ipl0876,Dubai,IPL,2021-10-15,male,T20,,20,F du Plessis,Dubai International Cricket Stadium
