key,by_innings,by_type,by_margin,bowl_out,eliminator,method,result,winner
ipl0001,,runs,140.0,,,,,Kolkata Knight Riders
ipl0002,,wickets,9.0,,,,,Delhi Capitals
ipl0003,,runs,33.0,,,,,Chennai Super Kings
ipl0004,,wickets,5.0,,,,,Kolkata Knight Riders
ipl0005,,wickets,5.0,,,,,Royal Challengers Bangalore
ipl0006,,wickets,6.0,,,,,Rajasthan Royals
ipl0007,,wickets,9.0,,,,,Delhi Capitals
ipl0008,,runs,6.0,,,,,Chennai Super Kings
ipl0009,,wickets,3.0,,,,,Rajasthan Royals
ipl0010,,runs,66.0,,,,,Punjab Kings
ipl0011,,wickets,9.0,,,,,Chennai Super Kings
ipl0012,,wickets,7.0,,,,,Rajasthan Royals
ipl0013,,wickets,4.0,,,,,Punjab Kings
ipl0014,,wickets,10.0,,,,,Deccan Chargers
ipl0015,,runs,13.0,,,,,Chennai Super Kings
ipl0016,,wickets,7.0,,,,,Mumbai Indians
ipl0017,,runs,10.0,,,,,Delhi Capitals
ipl0018,,runs,45.0,,,,,Rajasthan Royals
ipl0019,,wickets,7.0,,,,,Punjab Kings
ipl0020,,wickets,8.0,,,,,Delhi Capitals
ipl0021,,runs,3.0,,,,,Royal Challengers Bangalore
ipl0022,,runs,9.0,,,,,Punjab Kings
ipl0023,,wickets,8.0,,,,,Rajasthan Royals
ipl0024,,runs,29.0,,,,,Mumbai Indians
ipl0025,,wickets,6.0,,,,,Punjab Kings
ipl0026,,wickets,7.0,,,,,Deccan Chargers
ipl0027,,wickets,7.0,,,,,Mumbai Indians
ipl0028,,runs,5.0,,,,,Kolkata Knight Riders
ipl0029,,wickets,4.0,,,,,Chennai Super Kings
ipl0030,,wickets,8.0,,,,,Rajasthan Royals
ipl0031,,runs,18.0,,,,,Chennai Super Kings
ipl0032,,wickets,3.0,,,,,Rajasthan Royals
ipl0033,,runs,23.0,,,,,Kolkata Knight Riders
ipl0034,,wickets,9.0,,,,,Punjab Kings
ipl0035,,runs,23.0,,,,,Kolkata Knight Riders
ipl0036,,wickets,9.0,,,,,Mumbai Indians
ipl0037,,runs,12.0,,,,,Delhi Capitals
ipl0038,,wickets,8.0,,,,,Mumbai Indians
ipl0039,,runs,65.0,,,,,Rajasthan Royals
ipl0040,,runs,6.0,,,D/L,,Punjab Kings
ipl0041,,runs,3.0,,,D/L,,Chennai Super Kings
ipl0042,,runs,25.0,,,,,Mumbai Indians
ipl0043,,wickets,5.0,,,,,Delhi Capitals
ipl0044,,wickets,6.0,,,,,Rajasthan Royals
ipl0045,,runs,14.0,,,,,Royal Challengers Bangalore
ipl0046,,runs,1.0,,,,,Punjab Kings
ipl0047,,wickets,6.0,,,,,Punjab Kings
ipl0048,,runs,10.0,,,,,Rajasthan Royals
ipl0049,,wickets,5.0,,,,,Delhi Capitals
ipl0050,,wickets,3.0,,,,,Kolkata Knight Riders
ipl0051,,wickets,5.0,,,,,Royal Challengers Bangalore
ipl0052,,wickets,5.0,,,,,Rajasthan Royals
ipl0053,,wickets,7.0,,,,,Chennai Super Kings
ipl0054,,runs,41.0,,,,,Punjab Kings
ipl0055,,wickets,9.0,,,,,Mumbai Indians
ipl0056,,runs,105.0,,,,,Rajasthan Royals
ipl0057,,wickets,9.0,,,,,Chennai Super Kings
ipl0058,,wickets,3.0,,,,,Rajasthan Royals
ipl0059,,runs,75.0,,,,,Royal Challengers Bangalore
ipl0060,,runs,19.0,,,,,Mumbai Indians
ipl0061,,wickets,8.0,,,,,Deccan Chargers
ipl0062,,wickets,10.0,,,D/L,,Delhi Capitals
ipl0063,,runs,92.0,,,,,Chennai Super Kings
ipl0064,,runs,11.0,,,D/L,,Kolkata Knight Riders
ipl0065,,runs,24.0,,,,,Deccan Chargers
ipl0066,,,,,Rajasthan Royals,,tie,
ipl0067,,runs,9.0,,,,,Delhi Capitals
ipl0068,,wickets,7.0,,,,,Punjab Kings
ipl0069,,runs,12.0,,,,,Deccan Chargers
ipl0070,,runs,27.0,,,,,Punjab Kings
ipl0071,,wickets,6.0,,,,,Delhi Capitals
ipl0072,,runs,92.0,,,,,Mumbai Indians
ipl0073,,wickets,6.0,,,,,Deccan Chargers
ipl0074,,wickets,5.0,,,,,Rajasthan Royals
ipl0075,,runs,3.0,,,,,Punjab Kings
ipl0076,,wickets,5.0,,,,,Royal Challengers Bangalore
ipl0077,,runs,38.0,,,,,Chennai Super Kings
ipl0078,,wickets,6.0,,,,,Delhi Capitals
ipl0079,,runs,8.0,,,,,Royal Challengers Bangalore
ipl0080,,runs,9.0,,,,,Mumbai Indians
ipl0081,,runs,18.0,,,,,Chennai Super Kings
ipl0082,,wickets,3.0,,,,,Rajasthan Royals
ipl0083,,wickets,9.0,,,,,Royal Challengers Bangalore
ipl0084,,wickets,6.0,,,,,Punjab Kings
ipl0085,,runs,78.0,,,,,Chennai Super Kings
ipl0086,,wickets,9.0,,,,,Delhi Capitals
ipl0087,,runs,78.0,,,,,Rajasthan Royals
ipl0088,,runs,19.0,,,,,Deccan Chargers
ipl0089,,runs,12.0,,,D/L,,Chennai Super Kings
ipl0090,,wickets,7.0,,,,,Rajasthan Royals
ipl0091,,wickets,7.0,,,,,Delhi Capitals
ipl0092,,wickets,7.0,,,,,Chennai Super Kings
ipl0093,,wickets,3.0,,,,,Punjab Kings
ipl0094,,wickets,7.0,,,,,Delhi Capitals
ipl0095,,runs,16.0,,,,,Mumbai Indians
ipl0096,,runs,53.0,,,,,Deccan Chargers
ipl0097,,wickets,8.0,,,,,Mumbai Indians
ipl0098,,wickets,6.0,,,,,Royal Challengers Bangalore
ipl0099,,runs,12.0,,,,,Delhi Capitals
ipl0100,,runs,2.0,,,,,Rajasthan Royals
ipl0101,,wickets,2.0,,,,,Royal Challengers Bangalore
ipl0102,,wickets,6.0,,,,,Punjab Kings
ipl0103,,wickets,6.0,,,,,Deccan Chargers
ipl0104,,wickets,7.0,,,,,Chennai Super Kings
ipl0105,,runs,14.0,,,,,Delhi Capitals
ipl0106,,runs,1.0,,,,,Punjab Kings
ipl0107,,wickets,7.0,,,,,Kolkata Knight Riders
ipl0108,,wickets,7.0,,,,,Royal Challengers Bangalore
ipl0109,,runs,24.0,,,,,Chennai Super Kings
ipl0110,,wickets,4.0,,,,,Kolkata Knight Riders
ipl0111,,runs,12.0,,,,,Royal Challengers Bangalore
ipl0112,,wickets,4.0,,,,,Delhi Capitals
ipl0113,,wickets,6.0,,,,,Deccan Chargers
ipl0114,,wickets,6.0,,,,,Royal Challengers Bangalore
ipl0115,,runs,6.0,,,,,Deccan Chargers
ipl0116,,runs,11.0,,,,,Kolkata Knight Riders
ipl0117,,wickets,5.0,,,,,Delhi Capitals
ipl0118,,runs,4.0,,,,,Mumbai Indians
ipl0119,,runs,31.0,,,,,Deccan Chargers
ipl0120,,wickets,7.0,,,,,Kolkata Knight Riders
ipl0121,,wickets,6.0,,,,,Delhi Capitals
ipl0122,,runs,55.0,,,,,Chennai Super Kings
ipl0123,,wickets,8.0,,,,,Royal Challengers Bangalore
ipl0124,,runs,98.0,,,,,Mumbai Indians
ipl0125,,wickets,10.0,,,,,Royal Challengers Bangalore
ipl0126,,runs,6.0,,,,,Deccan Chargers
ipl0127,,wickets,5.0,,,,,Chennai Super Kings
ipl0128,,wickets,7.0,,,,,Royal Challengers Bangalore
ipl0129,,runs,34.0,,,,,Rajasthan Royals
ipl0130,,,,,Kings XI Punjab,,tie,
ipl0131,,runs,10.0,,,,,Deccan Chargers
ipl0132,,wickets,7.0,,,,,Mumbai Indians
ipl0133,,runs,36.0,,,,,Royal Challengers Bangalore
ipl0134,,runs,31.0,,,,,Rajasthan Royals
ipl0135,,runs,17.0,,,,,Delhi Capitals
ipl0136,,wickets,5.0,,,,,Mumbai Indians
ipl0137,,wickets,8.0,,,,,Rajasthan Royals
ipl0138,,runs,39.0,,,,,Kolkata Knight Riders
ipl0139,,runs,41.0,,,,,Mumbai Indians
ipl0140,,runs,17.0,,,,,Rajasthan Royals
ipl0141,,runs,40.0,,,,,Delhi Capitals
ipl0142,,wickets,4.0,,,,,Mumbai Indians
ipl0143,,runs,67.0,,,,,Delhi Capitals
ipl0144,,wickets,5.0,,,,,Chennai Super Kings
ipl0145,,runs,24.0,,,,,Kolkata Knight Riders
ipl0146,,wickets,6.0,,,,,Royal Challengers Bangalore
ipl0147,,runs,63.0,,,,,Mumbai Indians
ipl0148,,runs,23.0,,,,,Chennai Super Kings
ipl0149,,runs,37.0,,,,,Delhi Capitals
ipl0150,,wickets,8.0,,,,,Punjab Kings
ipl0151,,runs,2.0,,,,,Rajasthan Royals
ipl0152,,runs,24.0,,,,,Chennai Super Kings
ipl0153,,runs,14.0,,,,,Kolkata Knight Riders
ipl0154,,wickets,9.0,,,,,Rajasthan Royals
ipl0155,,wickets,7.0,,,,,Deccan Chargers
ipl0156,,wickets,6.0,,,,,Punjab Kings
ipl0157,,wickets,7.0,,,,,Royal Challengers Bangalore
ipl0158,,wickets,6.0,,,,,Deccan Chargers
ipl0159,,runs,37.0,,,,,Mumbai Indians
ipl0160,,wickets,7.0,,,,,Punjab Kings
ipl0161,,runs,13.0,,,,,Deccan Chargers
ipl0162,,wickets,9.0,,,,,Chennai Super Kings
ipl0163,,runs,39.0,,,,,Mumbai Indians
ipl0164,,wickets,5.0,,,,,Royal Challengers Bangalore
ipl0165,,wickets,6.0,,,,,Delhi Capitals
ipl0166,,wickets,5.0,,,,,Deccan Chargers
ipl0167,,wickets,8.0,,,,,Kolkata Knight Riders
ipl0168,,runs,57.0,,,,,Mumbai Indians
ipl0169,,runs,11.0,,,,,Deccan Chargers
ipl0170,,wickets,6.0,,,,,Chennai Super Kings
ipl0171,,wickets,9.0,,,,,Kolkata Knight Riders
ipl0172,,runs,35.0,,,,,Mumbai Indians
ipl0173,,runs,38.0,,,,,Chennai Super Kings
ipl0174,,wickets,9.0,,,,,Royal Challengers Bangalore
ipl0175,,runs,22.0,,,,,Chennai Super Kings
ipl0176,,runs,2.0,,,,,Chennai Super Kings
ipl0177,,wickets,6.0,,,,,Royal Challengers Bangalore
ipl0178,,wickets,8.0,,,,,Rajasthan Royals
ipl0179,,wickets,7.0,,,,,Pune Warriors India
ipl0180,,wickets,8.0,,,,,Mumbai Indians
ipl0181,,runs,9.0,,,,,Kolkata Knight Riders
ipl0182,,wickets,9.0,,,,,Mumbai Indians
ipl0183,,wickets,6.0,,,,,Rajasthan Royals
ipl0184,,wickets,4.0,,,,,Pune Warriors India
ipl0185,,wickets,6.0,,,,,Punjab Kings
ipl0186,,runs,33.0,,,,,Deccan Chargers
ipl0187,,wickets,8.0,,,,,Kochi Tuskers Kerala
ipl0188,,wickets,9.0,,,,,Kolkata Knight Riders
ipl0189,,wickets,8.0,,,,,Punjab Kings
ipl0190,,runs,21.0,,,,,Chennai Super Kings
ipl0191,,wickets,8.0,,,,,Kolkata Knight Riders
ipl0192,,wickets,3.0,,,,,Delhi Capitals
ipl0193,,wickets,7.0,,,D/L,,Kochi Tuskers Kerala
ipl0194,,runs,16.0,,,,,Deccan Chargers
ipl0195,,runs,6.0,,,,,Kochi Tuskers Kerala
ipl0196,,wickets,7.0,,,,,Mumbai Indians
ipl0197,,runs,48.0,,,,,Punjab Kings
ipl0198,,wickets,9.0,,,,,Royal Challengers Bangalore
ipl0199,,runs,8.0,,,,,Mumbai Indians
ipl0200,,runs,29.0,,,,,Delhi Capitals
ipl0201,,wickets,8.0,,,,,Rajasthan Royals
ipl0202,,runs,37.0,,,,,Mumbai Indians
ipl0203,,runs,25.0,,,,,Chennai Super Kings
ipl0204,,wickets,3.0,,,,,Royal Challengers Bangalore
ipl0205,,runs,55.0,,,,,Deccan Chargers
ipl0206,,wickets,8.0,,,,,Chennai Super Kings
ipl0207,,runs,17.0,,,,,Kolkata Knight Riders
ipl0208,,runs,26.0,,,,,Royal Challengers Bangalore
ipl0209,,wickets,7.0,,,,,Rajasthan Royals
ipl0210,,wickets,8.0,,,,,Kolkata Knight Riders
ipl0211,,runs,38.0,,,,,Delhi Capitals
ipl0212,,runs,19.0,,,,,Chennai Super Kings
ipl0213,,wickets,6.0,,,,,Rajasthan Royals
ipl0214,,wickets,7.0,,,,,Kochi Tuskers Kerala
ipl0215,,runs,23.0,,,,,Mumbai Indians
ipl0216,,runs,20.0,,,,,Kolkata Knight Riders
ipl0217,,runs,21.0,,,,,Mumbai Indians
ipl0218,,wickets,8.0,,,,,Chennai Super Kings
ipl0219,,wickets,4.0,,,,,Delhi Capitals
ipl0220,,runs,17.0,,,,,Kochi Tuskers Kerala
ipl0221,,runs,85.0,,,,,Royal Challengers Bangalore
ipl0222,,runs,32.0,,,,,Mumbai Indians
ipl0223,,runs,10.0,,,D/L,,Kolkata Knight Riders
ipl0224,,wickets,5.0,,,,,Pune Warriors India
ipl0225,,wickets,9.0,,,,,Royal Challengers Bangalore
ipl0226,,runs,63.0,,,,,Chennai Super Kings
ipl0227,,runs,76.0,,,,,Punjab Kings
ipl0228,,wickets,6.0,,,,,Pune Warriors India
ipl0229,,wickets,9.0,,,,,Royal Challengers Bangalore
ipl0230,,runs,18.0,,,,,Chennai Super Kings
ipl0231,,wickets,6.0,,,,,Punjab Kings
ipl0232,,runs,10.0,,,,,Deccan Chargers
ipl0233,,wickets,4.0,,,D/L,,Royal Challengers Bangalore
ipl0234,,wickets,8.0,,,,,Kochi Tuskers Kerala
ipl0235,,runs,29.0,,,,,Punjab Kings
ipl0236,,wickets,6.0,,,,,Deccan Chargers
ipl0237,,runs,111.0,,,,,Punjab Kings
ipl0238,,runs,11.0,,,,,Chennai Super Kings
ipl0239,,wickets,7.0,,,,,Kolkata Knight Riders
ipl0240,,wickets,10.0,,,,,Rajasthan Royals
ipl0241,,,,,,,no result,
ipl0242,,runs,82.0,,,,,Deccan Chargers
ipl0243,,wickets,5.0,,,,,Mumbai Indians
ipl0244,,wickets,8.0,,,,,Royal Challengers Bangalore
ipl0245,,wickets,6.0,,,,,Chennai Super Kings
ipl0246,,wickets,4.0,,,,,Mumbai Indians
ipl0247,,runs,43.0,,,,,Royal Challengers Bangalore
ipl0248,,runs,58.0,,,,,Chennai Super Kings
ipl0249,,wickets,8.0,,,,,Mumbai Indians
ipl0250,,wickets,8.0,,,,,Delhi Capitals
ipl0251,,runs,31.0,,,,,Rajasthan Royals
ipl0252,,runs,28.0,,,,,Pune Warriors India
ipl0253,,runs,74.0,,,,,Chennai Super Kings
ipl0254,,runs,20.0,,,,,Royal Challengers Bangalore
ipl0255,,runs,22.0,,,,,Pune Warriors India
ipl0256,,runs,22.0,,,,,Rajasthan Royals
ipl0257,,wickets,5.0,,,,,Mumbai Indians
ipl0258,,wickets,8.0,,,,,Delhi Capitals
ipl0259,,runs,42.0,,,,,Kolkata Knight Riders
ipl0260,,runs,27.0,,,,,Mumbai Indians
ipl0261,,wickets,7.0,,,,,Punjab Kings
ipl0262,,wickets,5.0,,,,,Chennai Super Kings
ipl0263,,wickets,5.0,,,,,Kolkata Knight Riders
ipl0264,,wickets,7.0,,,,,Pune Warriors India
ipl0265,,runs,59.0,,,,,Rajasthan Royals
ipl0266,,runs,2.0,,,,,Punjab Kings
ipl0267,,wickets,7.0,,,,,Delhi Capitals
ipl0268,,wickets,6.0,,,,,Royal Challengers Bangalore
ipl0269,,wickets,5.0,,,,,Rajasthan Royals
ipl0270,,wickets,8.0,,,,,Kolkata Knight Riders
ipl0271,,runs,13.0,,,,,Chennai Super Kings
ipl0272,,wickets,5.0,,,,,Delhi Capitals
ipl0273,,wickets,5.0,,,,,Royal Challengers Bangalore
ipl0274,,runs,20.0,,,,,Pune Warriors India
ipl0275,,wickets,7.0,,,,,Chennai Super Kings
ipl0276,,wickets,5.0,,,,,Kolkata Knight Riders
ipl0277,,wickets,6.0,,,,,Punjab Kings
ipl0278,,runs,46.0,,,,,Royal Challengers Bangalore
ipl0279,,wickets,8.0,,,,,Delhi Capitals
ipl0280,,wickets,4.0,,,,,Mumbai Indians
ipl0281,,runs,18.0,,,,,Deccan Chargers
ipl0282,,runs,37.0,,,,,Delhi Capitals
ipl0283,,runs,47.0,,,,,Kolkata Knight Riders
ipl0284,,runs,7.0,,,,,Punjab Kings
ipl0285,,wickets,5.0,,,,,Mumbai Indians
ipl0286,,runs,1.0,,,,,Delhi Capitals
ipl0287,,wickets,5.0,,,,,Kolkata Knight Riders
ipl0288,,wickets,6.0,,,,,Delhi Capitals
ipl0289,,runs,13.0,,,,,Deccan Chargers
ipl0290,,wickets,4.0,,,,,Punjab Kings
ipl0291,,runs,1.0,,,,,Mumbai Indians
ipl0292,,runs,10.0,,,,,Chennai Super Kings
ipl0293,,runs,43.0,,,,,Rajasthan Royals
ipl0294,,runs,7.0,,,,,Kolkata Knight Riders
ipl0295,,wickets,5.0,,,,,Royal Challengers Bangalore
ipl0296,,wickets,2.0,,,,,Mumbai Indians
ipl0297,,wickets,6.0,,,,,Kolkata Knight Riders
ipl0298,,runs,25.0,,,,,Punjab Kings
ipl0299,,wickets,7.0,,,,,Rajasthan Royals
ipl0300,,wickets,9.0,,,,,Royal Challengers Bangalore
ipl0301,,wickets,4.0,,,,,Chennai Super Kings
ipl0302,,wickets,9.0,,,,,Delhi Capitals
ipl0303,,runs,35.0,,,,,Royal Challengers Bangalore
ipl0304,,wickets,9.0,,,,,Chennai Super Kings
ipl0305,,runs,27.0,,,,,Mumbai Indians
ipl0306,,wickets,4.0,,,,,Punjab Kings
ipl0307,,runs,45.0,,,,,Rajasthan Royals
ipl0308,,wickets,5.0,,,,,Chennai Super Kings
ipl0309,,wickets,5.0,,,,,Mumbai Indians
ipl0310,,wickets,5.0,,,,,Delhi Capitals
ipl0311,,runs,32.0,,,,,Kolkata Knight Riders
ipl0312,,runs,21.0,,,,,Royal Challengers Bangalore
ipl0313,,wickets,6.0,,,,,Punjab Kings
ipl0314,,wickets,5.0,,,,,Deccan Chargers
ipl0315,,runs,34.0,,,,,Kolkata Knight Riders
ipl0316,,wickets,6.0,,,,,Delhi Capitals
ipl0317,,wickets,10.0,,,,,Mumbai Indians
ipl0318,,runs,9.0,,,,,Deccan Chargers
ipl0319,,runs,18.0,,,,,Kolkata Knight Riders
ipl0320,,runs,38.0,,,,,Chennai Super Kings
ipl0321,,runs,86.0,,,,,Chennai Super Kings
ipl0322,,wickets,5.0,,,,,Kolkata Knight Riders
ipl0323,,wickets,6.0,,,,,Kolkata Knight Riders
ipl0324,,runs,2.0,,,,,Royal Challengers Bangalore
ipl0325,,runs,22.0,,,,,Sunrisers Hyderabad
ipl0326,,runs,9.0,,,,,Mumbai Indians
ipl0327,,runs,5.0,,,,,Rajasthan Royals
ipl0328,,,,,Sunrisers Hyderabad,,tie,
ipl0329,,wickets,8.0,,,,,Punjab Kings
ipl0330,,runs,19.0,,,,,Rajasthan Royals
ipl0331,,wickets,7.0,,,,,Royal Challengers Bangalore
ipl0332,,runs,44.0,,,,,Mumbai Indians
ipl0333,,wickets,10.0,,,,,Chennai Super Kings
ipl0334,,wickets,7.0,,,,,Pune Warriors India
ipl0335,,wickets,8.0,,,,,Royal Challengers Bangalore
ipl0336,,wickets,3.0,,,,,Sunrisers Hyderabad
ipl0337,,wickets,4.0,,,,,Chennai Super Kings
ipl0338,,runs,41.0,,,,,Mumbai Indians
ipl0339,,wickets,6.0,,,,,Rajasthan Royals
ipl0340,,runs,48.0,,,,,Kolkata Knight Riders
ipl0341,,runs,24.0,,,,,Pune Warriors India
ipl0342,,,,,Royal Challengers Bangalore,,tie,
ipl0343,,runs,4.0,,,,,Punjab Kings
ipl0344,,runs,87.0,,,,,Rajasthan Royals
ipl0345,,runs,11.0,,,,,Sunrisers Hyderabad
ipl0346,,runs,86.0,,,,,Chennai Super Kings
ipl0347,,wickets,5.0,,,,,Sunrisers Hyderabad
ipl0348,,wickets,7.0,,,,,Royal Challengers Bangalore
ipl0349,,wickets,4.0,,,,,Chennai Super Kings
ipl0350,,wickets,7.0,,,,,Punjab Kings
ipl0351,,wickets,9.0,,,,,Delhi Capitals
ipl0352,,wickets,5.0,,,,,Chennai Super Kings
ipl0353,,wickets,5.0,,,,,Punjab Kings
ipl0354,,runs,130.0,,,,,Royal Challengers Bangalore
ipl0355,,wickets,5.0,,,,,Mumbai Indians
ipl0356,,wickets,5.0,,,,,Chennai Super Kings
ipl0357,,wickets,6.0,,,,,Kolkata Knight Riders
ipl0358,,runs,58.0,,,,,Mumbai Indians
ipl0359,,wickets,8.0,,,,,Rajasthan Royals
ipl0360,,runs,15.0,,,,,Delhi Capitals
ipl0361,,runs,14.0,,,,,Chennai Super Kings
ipl0362,,runs,4.0,,,,,Mumbai Indians
ipl0363,,wickets,4.0,,,,,Rajasthan Royals
ipl0364,,runs,37.0,,,,,Chennai Super Kings
ipl0365,,wickets,7.0,,,,,Delhi Capitals
ipl0366,,wickets,7.0,,,,,Sunrisers Hyderabad
ipl0367,,runs,17.0,,,,,Royal Challengers Bangalore
ipl0368,,runs,15.0,,,,,Chennai Super Kings
ipl0369,,wickets,8.0,,,,,Kolkata Knight Riders
ipl0370,,wickets,6.0,,,,,Sunrisers Hyderabad
ipl0371,,wickets,5.0,,,,,Rajasthan Royals
ipl0372,,runs,60.0,,,,,Mumbai Indians
ipl0373,,wickets,6.0,,,,,Punjab Kings
ipl0374,,runs,65.0,,,,,Mumbai Indians
ipl0375,,wickets,9.0,,,,,Rajasthan Royals
ipl0376,,runs,77.0,,,,,Chennai Super Kings
ipl0377,,runs,46.0,,,,,Kolkata Knight Riders
ipl0378,,wickets,8.0,,,,,Rajasthan Royals
ipl0379,,runs,4.0,,,,,Royal Challengers Bangalore
ipl0380,,runs,30.0,,,,,Sunrisers Hyderabad
ipl0381,,wickets,5.0,,,,,Mumbai Indians
ipl0382,,wickets,5.0,,,,,Rajasthan Royals
ipl0383,,wickets,5.0,,,,,Kolkata Knight Riders
ipl0384,,wickets,7.0,,,,,Mumbai Indians
ipl0385,,runs,33.0,,,,,Chennai Super Kings
ipl0386,,wickets,7.0,,,,,Punjab Kings
ipl0387,,runs,14.0,,,,,Mumbai Indians
ipl0388,,runs,7.0,,,,,Pune Warriors India
ipl0389,,runs,7.0,,,,,Punjab Kings
ipl0390,,runs,23.0,,,,,Sunrisers Hyderabad
ipl0391,,runs,24.0,,,,,Royal Challengers Bangalore
ipl0392,,runs,50.0,,,,,Punjab Kings
ipl0393,,wickets,5.0,,,,,Sunrisers Hyderabad
ipl0394,,runs,38.0,,,,,Pune Warriors India
ipl0395,,runs,48.0,,,,,Chennai Super Kings
ipl0396,,wickets,4.0,,,,,Rajasthan Royals
ipl0397,,wickets,4.0,,,,,Mumbai Indians
ipl0398,,runs,23.0,,,,,Mumbai Indians
ipl0399,,runs,41.0,,,,,Kolkata Knight Riders
ipl0400,,wickets,8.0,,,,,Royal Challengers Bangalore
ipl0401,,wickets,4.0,,,,,Rajasthan Royals
ipl0402,,wickets,6.0,,,,,Punjab Kings
ipl0403,,wickets,4.0,,,,,Delhi Capitals
ipl0404,,wickets,7.0,,,,,Royal Challengers Bangalore
ipl0405,,wickets,7.0,,,,,Punjab Kings
ipl0406,,runs,93.0,,,,,Chennai Super Kings
ipl0407,,runs,72.0,,,,,Punjab Kings
ipl0408,,runs,7.0,,,,,Chennai Super Kings
ipl0409,,runs,2.0,,,,,Kolkata Knight Riders
ipl0410,,wickets,7.0,,,,,Chennai Super Kings
ipl0411,,runs,4.0,,,,,Sunrisers Hyderabad
ipl0412,,runs,23.0,,,,,Punjab Kings
ipl0413,,wickets,6.0,,,,,Rajasthan Royals
ipl0414,,wickets,5.0,,,,,Chennai Super Kings
ipl0415,,wickets,6.0,,,,,Delhi Capitals
ipl0416,,wickets,5.0,,,,,Punjab Kings
ipl0417,,,,,Rajasthan Royals,,tie,
ipl0418,,runs,15.0,,,,,Sunrisers Hyderabad
ipl0419,,runs,34.0,,,,,Chennai Super Kings
ipl0420,,wickets,7.0,,,,,Rajasthan Royals
ipl0421,,wickets,5.0,,,,,Mumbai Indians
ipl0422,,wickets,4.0,,,,,Royal Challengers Bangalore
ipl0423,,wickets,8.0,,,,,Chennai Super Kings
ipl0424,,runs,10.0,,,,,Rajasthan Royals
ipl0425,,runs,19.0,,,,,Mumbai Indians
ipl0426,,runs,44.0,,,,,Punjab Kings
ipl0427,,wickets,8.0,,,,,Kolkata Knight Riders
ipl0428,,runs,32.0,,,,,Sunrisers Hyderabad
ipl0429,,runs,32.0,,,,,Punjab Kings
ipl0430,,wickets,4.0,,,,,Chennai Super Kings
ipl0431,,wickets,8.0,,,D/L,,Sunrisers Hyderabad
ipl0432,,wickets,5.0,,,,,Rajasthan Royals
ipl0433,,wickets,9.0,,,,,Kolkata Knight Riders
ipl0434,,wickets,7.0,,,,,Mumbai Indians
ipl0435,,runs,16.0,,,,,Royal Challengers Bangalore
ipl0436,,wickets,5.0,,,,,Chennai Super Kings
ipl0437,,wickets,6.0,,,,,Kolkata Knight Riders
ipl0438,,wickets,6.0,,,,,Punjab Kings
ipl0439,,runs,62.0,,,,,Rajasthan Royals
ipl0440,,wickets,7.0,,,,,Kolkata Knight Riders
ipl0441,,wickets,5.0,,,,,Royal Challengers Bangalore
ipl0442,,wickets,4.0,,,,,Punjab Kings
ipl0443,,runs,25.0,,,,,Mumbai Indians
ipl0444,,wickets,8.0,,,,,Kolkata Knight Riders
ipl0445,,wickets,7.0,,,,,Sunrisers Hyderabad
ipl0446,,wickets,7.0,,,,,Mumbai Indians
ipl0447,,wickets,6.0,,,,,Sunrisers Hyderabad
ipl0448,,runs,30.0,,,,,Kolkata Knight Riders
ipl0449,,runs,16.0,,,,,Punjab Kings
ipl0450,,runs,15.0,,,,,Mumbai Indians
ipl0451,,wickets,4.0,,,,,Kolkata Knight Riders
ipl0452,,wickets,8.0,,,,,Chennai Super Kings
ipl0453,,wickets,5.0,,,,,Mumbai Indians
ipl0454,,wickets,7.0,,,,,Punjab Kings
ipl0455,,runs,28.0,,,,,Kolkata Knight Riders
ipl0456,,wickets,7.0,,,,,Chennai Super Kings
ipl0457,,runs,24.0,,,,,Punjab Kings
ipl0458,,wickets,3.0,,,,,Kolkata Knight Riders
ipl0459,,wickets,7.0,,,,,Kolkata Knight Riders
ipl0460,,runs,1.0,,,,,Chennai Super Kings
ipl0461,,runs,26.0,,,,,Rajasthan Royals
ipl0462,,wickets,3.0,,,,,Royal Challengers Bangalore
ipl0463,,runs,45.0,,,,,Chennai Super Kings
ipl0464,,runs,18.0,,,,,Punjab Kings
ipl0465,,wickets,3.0,,,,,Rajasthan Royals
ipl0466,,wickets,8.0,,,,,Sunrisers Hyderabad
ipl0467,,wickets,7.0,,,,,Rajasthan Royals
ipl0468,,wickets,5.0,,,,,Delhi Capitals
ipl0469,,wickets,6.0,,,,,Rajasthan Royals
ipl0470,,wickets,6.0,,,,,Chennai Super Kings
ipl0471,,wickets,4.0,,,,,Kolkata Knight Riders
ipl0472,,runs,4.0,,,,,Delhi Capitals
ipl0473,,runs,18.0,,,,,Mumbai Indians
ipl0474,,wickets,8.0,,,,,Rajasthan Royals
ipl0475,,wickets,6.0,,,,,Kolkata Knight Riders
ipl0476,,,,,Kings XI Punjab,,tie,
ipl0477,,runs,27.0,,,,,Chennai Super Kings
ipl0478,,runs,16.0,,,D/L,,Sunrisers Hyderabad
ipl0479,,runs,37.0,,,,,Delhi Capitals
ipl0480,,wickets,9.0,,,,,Royal Challengers Bangalore
ipl0481,,runs,97.0,,,,,Chennai Super Kings
ipl0482,,runs,20.0,,,,,Mumbai Indians
ipl0483,,wickets,10.0,,,,,Royal Challengers Bangalore
ipl0484,,runs,20.0,,,,,Sunrisers Hyderabad
ipl0485,,runs,2.0,,,,,Chennai Super Kings
ipl0486,,,,,,,no result,
ipl0487,,wickets,7.0,,,,,Kolkata Knight Riders
ipl0488,,runs,8.0,,,,,Mumbai Indians
ipl0489,,wickets,9.0,,,,,Delhi Capitals
ipl0490,,runs,22.0,,,,,Sunrisers Hyderabad
ipl0491,,wickets,7.0,,,,,Royal Challengers Bangalore
ipl0492,,runs,14.0,,,,,Rajasthan Royals
ipl0493,,runs,23.0,,,,,Mumbai Indians
ipl0494,,runs,35.0,,,,,Kolkata Knight Riders
ipl0495,,runs,24.0,,,,,Chennai Super Kings
ipl0496,,wickets,5.0,,,,,Mumbai Indians
ipl0497,,runs,138.0,,,,,Royal Challengers Bangalore
ipl0498,,runs,7.0,,,,,Sunrisers Hyderabad
ipl0499,,runs,13.0,,,,,Kolkata Knight Riders
ipl0500,,wickets,6.0,,,,,Mumbai Indians
ipl0501,,runs,6.0,,,,,Sunrisers Hyderabad
ipl0502,,wickets,1.0,,,,,Kolkata Knight Riders
ipl0503,,runs,12.0,,,,,Chennai Super Kings
ipl0504,,runs,39.0,,,,,Royal Challengers Bangalore
ipl0505,,runs,5.0,,,,,Sunrisers Hyderabad
ipl0506,,wickets,6.0,,,,,Delhi Capitals
ipl0507,,runs,22.0,,,,,Punjab Kings
ipl0508,,runs,5.0,,,,,Mumbai Indians
ipl0509,,wickets,6.0,,,D/L,,Royal Challengers Bangalore
ipl0510,,runs,9.0,,,,,Rajasthan Royals
ipl0511,,wickets,7.0,,,,,Chennai Super Kings
ipl0512,,wickets,9.0,,,,,Mumbai Indians
ipl0513,,,,,,,no result,
ipl0514,,runs,25.0,,,,,Mumbai Indians
ipl0515,,runs,71.0,,,,,Royal Challengers Bangalore
ipl0516,,wickets,3.0,,,,,Chennai Super Kings
ipl0517,,runs,41.0,,,,,Mumbai Indians
ipl0518,,wickets,9.0,,,,,Rising Pune Supergiants
ipl0519,,wickets,9.0,,,,,Kolkata Knight Riders
ipl0520,,wickets,5.0,,,,,Gujarat Lions
ipl0521,,runs,45.0,,,,,Royal Challengers Bangalore
ipl0522,,wickets,6.0,,,,,Mumbai Indians
ipl0523,,wickets,7.0,,,,,Gujarat Lions
ipl0524,,wickets,8.0,,,,,Delhi Capitals
ipl0525,,wickets,3.0,,,,,Gujarat Lions
ipl0526,,wickets,8.0,,,,,Kolkata Knight Riders
ipl0527,,wickets,7.0,,,,,Delhi Capitals
ipl0528,,wickets,6.0,,,,,Punjab Kings
ipl0529,,wickets,7.0,,,,,Sunrisers Hyderabad
ipl0530,,wickets,6.0,,,,,Kolkata Knight Riders
ipl0531,,wickets,6.0,,,,,Mumbai Indians
ipl0532,,wickets,10.0,,,,,Sunrisers Hyderabad
ipl0533,,runs,13.0,,,,,Royal Challengers Bangalore
ipl0534,,wickets,5.0,,,,,Sunrisers Hyderabad
ipl0535,,runs,10.0,,,,,Delhi Capitals
ipl0536,,wickets,2.0,,,,,Kolkata Knight Riders
ipl0537,,wickets,6.0,,,,,Gujarat Lions
ipl0538,,runs,25.0,,,,,Mumbai Indians
ipl0539,,runs,34.0,,,D/L,,Rising Pune Supergiants
ipl0540,,runs,1.0,,,,,Gujarat Lions
ipl0541,,wickets,6.0,,,,,Mumbai Indians
ipl0542,,wickets,3.0,,,,,Gujarat Lions
ipl0543,,runs,15.0,,,,,Sunrisers Hyderabad
ipl0544,,runs,27.0,,,,,Delhi Capitals
ipl0545,,wickets,8.0,,,,,Mumbai Indians
ipl0546,,runs,23.0,,,,,Punjab Kings
ipl0547,,wickets,5.0,,,,,Kolkata Knight Riders
ipl0548,,wickets,8.0,,,,,Delhi Capitals
ipl0549,,runs,7.0,,,,,Kolkata Knight Riders
ipl0550,,wickets,7.0,,,,,Rising Pune Supergiants
ipl0551,,wickets,5.0,,,,,Sunrisers Hyderabad
ipl0552,,runs,9.0,,,,,Punjab Kings
ipl0553,,wickets,7.0,,,,,Royal Challengers Bangalore
ipl0554,,wickets,5.0,,,,,Gujarat Lions
ipl0555,,runs,85.0,,,,,Sunrisers Hyderabad
ipl0556,,runs,1.0,,,,,Royal Challengers Bangalore
ipl0557,,runs,4.0,,,,,Sunrisers Hyderabad
ipl0558,,wickets,6.0,,,,,Mumbai Indians
ipl0559,,wickets,7.0,,,,,Delhi Capitals
ipl0560,,wickets,7.0,,,,,Punjab Kings
ipl0561,,wickets,8.0,,,D/L,,Kolkata Knight Riders
ipl0562,,runs,144.0,,,,,Royal Challengers Bangalore
ipl0563,,runs,80.0,,,,,Mumbai Indians
ipl0564,,wickets,7.0,,,,,Sunrisers Hyderabad
ipl0565,,wickets,9.0,,,,,Royal Challengers Bangalore
ipl0566,,runs,19.0,,,D/L,,Rising Pune Supergiants
ipl0567,,runs,82.0,,,D/L,,Royal Challengers Bangalore
ipl0568,,wickets,6.0,,,,,Gujarat Lions
ipl0569,,wickets,6.0,,,,,Delhi Capitals
ipl0570,,wickets,6.0,,,,,Gujarat Lions
ipl0571,,wickets,4.0,,,,,Rising Pune Supergiants
ipl0572,,wickets,6.0,,,,,Royal Challengers Bangalore
ipl0573,,runs,22.0,,,,,Kolkata Knight Riders
ipl0574,,wickets,4.0,,,,,Royal Challengers Bangalore
ipl0575,,runs,22.0,,,,,Sunrisers Hyderabad
ipl0576,,wickets,4.0,,,,,Sunrisers Hyderabad
ipl0577,,runs,8.0,,,,,Sunrisers Hyderabad
ipl0578,,runs,35.0,,,,,Sunrisers Hyderabad
ipl0579,,wickets,7.0,,,,,Rising Pune Supergiants
ipl0580,,wickets,10.0,,,,,Kolkata Knight Riders
ipl0581,,runs,15.0,,,,,Royal Challengers Bangalore
ipl0582,,wickets,6.0,,,,,Punjab Kings
ipl0583,,wickets,4.0,,,,,Mumbai Indians
ipl0584,,wickets,9.0,,,,,Sunrisers Hyderabad
ipl0585,,wickets,8.0,,,,,Punjab Kings
ipl0586,,runs,97.0,,,,,Delhi Capitals
ipl0587,,wickets,4.0,,,,,Mumbai Indians
ipl0588,,wickets,8.0,,,,,Kolkata Knight Riders
ipl0589,,wickets,7.0,,,,,Gujarat Lions
ipl0590,,wickets,4.0,,,,,Mumbai Indians
ipl0591,,runs,51.0,,,,,Delhi Capitals
ipl0592,,runs,17.0,,,,,Kolkata Knight Riders
ipl0593,,runs,27.0,,,,,Rising Pune Supergiants
ipl0594,,wickets,6.0,,,,,Mumbai Indians
ipl0595,,runs,5.0,,,,,Sunrisers Hyderabad
ipl0596,,wickets,4.0,,,,,Kolkata Knight Riders
ipl0597,,runs,21.0,,,,,Royal Challengers Bangalore
ipl0598,,runs,15.0,,,,,Sunrisers Hyderabad
ipl0599,,wickets,8.0,,,,,Mumbai Indians
ipl0600,,wickets,4.0,,,,,Gujarat Lions
ipl0601,,wickets,6.0,,,,,Rising Pune Supergiants
ipl0602,,runs,14.0,,,,,Mumbai Indians
ipl0603,,runs,82.0,,,,,Kolkata Knight Riders
ipl0604,,runs,26.0,,,,,Punjab Kings
ipl0605,,runs,3.0,,,,,Rising Pune Supergiants
ipl0606,,wickets,7.0,,,,,Kolkata Knight Riders
ipl0607,,wickets,7.0,,,,,Gujarat Lions
ipl0608,,runs,26.0,,,,,Sunrisers Hyderabad
ipl0609,,wickets,7.0,,,,,Kolkata Knight Riders
ipl0610,,,,,Mumbai Indians,,tie,
ipl0611,,runs,61.0,,,,,Rising Pune Supergiants
ipl0612,,runs,48.0,,,,,Sunrisers Hyderabad
ipl0613,,wickets,10.0,,,,,Punjab Kings
ipl0614,,wickets,5.0,,,,,Rising Pune Supergiants
ipl0615,,wickets,5.0,,,,,Mumbai Indians
ipl0616,,wickets,6.0,,,,,Delhi Capitals
ipl0617,,wickets,4.0,,,,,Rising Pune Supergiants
ipl0618,,wickets,7.0,,,,,Delhi Capitals
ipl0619,,runs,19.0,,,,,Punjab Kings
ipl0620,,runs,146.0,,,,,Mumbai Indians
ipl0621,,runs,12.0,,,,,Rising Pune Supergiants
ipl0622,,wickets,6.0,,,,,Gujarat Lions
ipl0623,,wickets,6.0,,,,,Kolkata Knight Riders
ipl0624,,wickets,7.0,,,,,Sunrisers Hyderabad
ipl0625,,runs,14.0,,,,,Punjab Kings
ipl0626,,wickets,2.0,,,,,Delhi Capitals
ipl0627,,runs,7.0,,,,,Punjab Kings
ipl0628,,runs,7.0,,,,,Delhi Capitals
ipl0629,,runs,9.0,,,,,Mumbai Indians
ipl0630,,wickets,8.0,,,,,Sunrisers Hyderabad
ipl0631,,runs,10.0,,,,,Royal Challengers Bangalore
ipl0632,,wickets,9.0,,,,,Rising Pune Supergiants
ipl0633,,runs,20.0,,,,,Rising Pune Supergiants
ipl0634,,wickets,7.0,,,D/L,,Kolkata Knight Riders
ipl0635,,wickets,6.0,,,,,Mumbai Indians
ipl0636,,runs,1.0,,,,,Mumbai Indians
ipl0637,,wickets,1.0,,,,,Chennai Super Kings
ipl0638,,wickets,4.0,,,,,Kolkata Knight Riders
ipl0639,,wickets,6.0,,,,,Punjab Kings
ipl0640,,wickets,9.0,,,,,Sunrisers Hyderabad
ipl0641,,wickets,5.0,,,,,Chennai Super Kings
ipl0642,,runs,10.0,,,D/L,,Rajasthan Royals
ipl0643,,wickets,1.0,,,,,Sunrisers Hyderabad
ipl0644,,wickets,4.0,,,,,Royal Challengers Bangalore
ipl0645,,wickets,5.0,,,,,Sunrisers Hyderabad
ipl0646,,wickets,7.0,,,,,Delhi Capitals
ipl0647,,runs,4.0,,,,,Punjab Kings
ipl0648,,runs,19.0,,,,,Rajasthan Royals
ipl0649,,runs,71.0,,,,,Kolkata Knight Riders
ipl0650,,runs,46.0,,,,,Mumbai Indians
ipl0651,,wickets,7.0,,,,,Kolkata Knight Riders
ipl0652,,runs,15.0,,,,,Punjab Kings
ipl0653,,runs,64.0,,,,,Chennai Super Kings
ipl0654,,wickets,6.0,,,,,Royal Challengers Bangalore
ipl0655,,wickets,9.0,,,D/L,,Punjab Kings
ipl0656,,wickets,3.0,,,,,Rajasthan Royals
ipl0657,,runs,4.0,,,,,Chennai Super Kings
ipl0658,,runs,4.0,,,,,Punjab Kings
ipl0659,,runs,31.0,,,,,Sunrisers Hyderabad
ipl0660,,wickets,5.0,,,,,Chennai Super Kings
ipl0661,,runs,13.0,,,,,Sunrisers Hyderabad
ipl0662,,runs,55.0,,,,,Delhi Capitals
ipl0663,,wickets,8.0,,,,,Mumbai Indians
ipl0664,,wickets,6.0,,,,,Kolkata Knight Riders
ipl0665,,runs,11.0,,,,,Sunrisers Hyderabad
ipl0666,,runs,13.0,,,,,Chennai Super Kings
ipl0667,,runs,14.0,,,,,Royal Challengers Bangalore
ipl0668,,runs,4.0,,,D/L,,Delhi Capitals
ipl0669,,wickets,6.0,,,,,Kolkata Knight Riders
ipl0670,,wickets,6.0,,,,,Mumbai Indians
ipl0671,,wickets,7.0,,,,,Sunrisers Hyderabad
ipl0672,,wickets,6.0,,,,,Chennai Super Kings
ipl0673,,wickets,6.0,,,,,Punjab Kings
ipl0674,,runs,13.0,,,,,Mumbai Indians
ipl0675,,runs,5.0,,,,,Sunrisers Hyderabad
ipl0676,,runs,15.0,,,,,Rajasthan Royals
ipl0677,,runs,102.0,,,,,Mumbai Indians
ipl0678,,wickets,9.0,,,,,Sunrisers Hyderabad
ipl0679,,wickets,4.0,,,,,Rajasthan Royals
ipl0680,,wickets,5.0,,,,,Royal Challengers Bangalore
ipl0681,,runs,31.0,,,,,Kolkata Knight Riders
ipl0682,,wickets,7.0,,,,,Rajasthan Royals
ipl0683,,wickets,8.0,,,,,Chennai Super Kings
ipl0684,,wickets,10.0,,,,,Royal Challengers Bangalore
ipl0685,,wickets,6.0,,,,,Kolkata Knight Riders
ipl0686,,runs,3.0,,,,,Mumbai Indians
ipl0687,,runs,14.0,,,,,Royal Challengers Bangalore
ipl0688,,runs,34.0,,,,,Delhi Capitals
ipl0689,,wickets,5.0,,,,,Kolkata Knight Riders
ipl0690,,runs,30.0,,,,,Rajasthan Royals
ipl0691,,wickets,5.0,,,,,Chennai Super Kings
ipl0692,,runs,11.0,,,,,Delhi Capitals
ipl0693,,wickets,2.0,,,,,Chennai Super Kings
ipl0694,,runs,25.0,,,,,Kolkata Knight Riders
ipl0695,,runs,14.0,,,,,Sunrisers Hyderabad
ipl0696,,wickets,8.0,,,,,Chennai Super Kings
ipl0697,,wickets,7.0,,,,,Chennai Super Kings
ipl0698,,runs,37.0,,,,,Delhi Capitals
ipl0699,,wickets,6.0,,,,,Kolkata Knight Riders
ipl0700,,runs,14.0,,,,,Punjab Kings
ipl0701,,wickets,6.0,,,,,Chennai Super Kings
ipl0702,,runs,28.0,,,,,Kolkata Knight Riders
ipl0703,,runs,6.0,,,,,Mumbai Indians
ipl0704,,wickets,5.0,,,,,Sunrisers Hyderabad
ipl0705,,,,,Delhi Capitals,,tie,
ipl0706,,wickets,8.0,,,,,Punjab Kings
ipl0707,,runs,8.0,,,,,Chennai Super Kings
ipl0708,,runs,118.0,,,,,Sunrisers Hyderabad
ipl0709,,runs,14.0,,,,,Punjab Kings
ipl0710,,wickets,7.0,,,,,Rajasthan Royals
ipl0711,,runs,37.0,,,,,Mumbai Indians
ipl0712,,wickets,5.0,,,,,Sunrisers Hyderabad
ipl0713,,wickets,5.0,,,,,Kolkata Knight Riders
ipl0714,,runs,40.0,,,,,Mumbai Indians
ipl0715,,runs,22.0,,,,,Chennai Super Kings
ipl0716,,wickets,8.0,,,,,Kolkata Knight Riders
ipl0717,,wickets,4.0,,,,,Delhi Capitals
ipl0718,,wickets,6.0,,,,,Punjab Kings
ipl0719,,wickets,7.0,,,,,Chennai Super Kings
ipl0720,,wickets,3.0,,,,,Mumbai Indians
ipl0721,,wickets,4.0,,,,,Chennai Super Kings
ipl0722,,wickets,7.0,,,,,Delhi Capitals
ipl0723,,wickets,8.0,,,,,Royal Challengers Bangalore
ipl0724,,wickets,4.0,,,,,Rajasthan Royals
ipl0725,,runs,39.0,,,,,Delhi Capitals
ipl0726,,wickets,5.0,,,,,Chennai Super Kings
ipl0727,,wickets,5.0,,,,,Mumbai Indians
ipl0728,,runs,12.0,,,,,Punjab Kings
ipl0729,,wickets,6.0,,,,,Sunrisers Hyderabad
ipl0730,,runs,40.0,,,,,Mumbai Indians
ipl0731,,runs,10.0,,,,,Royal Challengers Bangalore
ipl0732,,wickets,5.0,,,,,Delhi Capitals
ipl0733,,wickets,5.0,,,,,Rajasthan Royals
ipl0734,,runs,1.0,,,,,Royal Challengers Bangalore
ipl0735,,wickets,9.0,,,,,Sunrisers Hyderabad
ipl0736,,wickets,6.0,,,,,Delhi Capitals
ipl0737,,wickets,6.0,,,,,Chennai Super Kings
ipl0738,,runs,17.0,,,,,Royal Challengers Bangalore
ipl0739,,wickets,3.0,,,,,Rajasthan Royals
ipl0740,,runs,46.0,,,,,Mumbai Indians
ipl0741,,wickets,7.0,,,,,Rajasthan Royals
ipl0742,,runs,34.0,,,,,Kolkata Knight Riders
ipl0743,,runs,16.0,,,,,Delhi Capitals
ipl0744,,runs,45.0,,,,,Sunrisers Hyderabad
ipl0745,,,,,,,no result,
ipl0746,,runs,80.0,,,,,Chennai Super Kings
ipl0747,,,,,Mumbai Indians,,tie,
ipl0748,,wickets,7.0,,,,,Kolkata Knight Riders
ipl0749,,wickets,4.0,,,,,Royal Challengers Bangalore
ipl0750,,wickets,5.0,,,,,Delhi Capitals
ipl0751,,wickets,9.0,,,,,Mumbai Indians
ipl0752,,wickets,6.0,,,,,Punjab Kings
ipl0753,,wickets,6.0,,,,,Mumbai Indians
ipl0754,,wickets,2.0,,,,,Delhi Capitals
ipl0755,,wickets,6.0,,,,,Chennai Super Kings
ipl0756,,runs,1.0,,,,,Mumbai Indians
ipl0757,,wickets,5.0,,,,,Chennai Super Kings
ipl0758,,,,,Delhi Capitals,,tie,
ipl0759,,runs,10.0,,,,,Royal Challengers Bangalore
ipl0760,,runs,16.0,,,,,Rajasthan Royals
ipl0761,,runs,49.0,,,,,Mumbai Indians
ipl0762,,runs,97.0,,,,,Punjab Kings
ipl0763,,runs,44.0,,,,,Delhi Capitals
ipl0764,,wickets,7.0,,,,,Kolkata Knight Riders
ipl0765,,wickets,4.0,,,,,Rajasthan Royals
ipl0766,,,,,Royal Challengers Bangalore,,tie,
ipl0767,,runs,15.0,,,,,Sunrisers Hyderabad
ipl0768,,runs,37.0,,,,,Kolkata Knight Riders
ipl0769,,runs,48.0,,,,,Mumbai Indians
ipl0770,,runs,7.0,,,,,Sunrisers Hyderabad
ipl0771,,runs,18.0,,,,,Delhi Capitals
ipl0772,,wickets,8.0,,,,,Royal Challengers Bangalore
ipl0773,,runs,34.0,,,,,Mumbai Indians
ipl0774,,wickets,10.0,,,,,Chennai Super Kings
ipl0775,,runs,59.0,,,,,Delhi Capitals
ipl0776,,runs,57.0,,,,,Mumbai Indians
ipl0777,,runs,10.0,,,,,Kolkata Knight Riders
ipl0778,,runs,69.0,,,,,Sunrisers Hyderabad
ipl0779,,runs,46.0,,,,,Delhi Capitals
ipl0780,,runs,37.0,,,,,Royal Challengers Bangalore
ipl0781,,runs,2.0,,,,,Kolkata Knight Riders
ipl0782,,wickets,5.0,,,,,Mumbai Indians
ipl0783,,wickets,5.0,,,,,Rajasthan Royals
ipl0784,,runs,82.0,,,,,Royal Challengers Bangalore
ipl0785,,runs,20.0,,,,,Chennai Super Kings
ipl0786,,runs,13.0,,,,,Delhi Capitals
ipl0787,,wickets,8.0,,,,,Punjab Kings
ipl0788,,wickets,8.0,,,,,Mumbai Indians
ipl0789,,wickets,7.0,,,,,Royal Challengers Bangalore
ipl0790,,wickets,5.0,,,,,Delhi Capitals
ipl0791,,,,,Kings XI Punjab,,tie,
ipl0792,,,,,Kolkata Knight Riders,,tie,
ipl0793,,wickets,7.0,,,,,Rajasthan Royals
ipl0794,,wickets,5.0,,,,,Punjab Kings
ipl0795,,wickets,8.0,,,,,Royal Challengers Bangalore
ipl0796,,wickets,8.0,,,,,Sunrisers Hyderabad
ipl0797,,wickets,10.0,,,,,Mumbai Indians
ipl0798,,runs,12.0,,,,,Punjab Kings
ipl0799,,runs,59.0,,,,,Kolkata Knight Riders
ipl0800,,wickets,8.0,,,,,Chennai Super Kings
ipl0801,,wickets,8.0,,,,,Rajasthan Royals
ipl0802,,wickets,8.0,,,,,Punjab Kings
ipl0803,,runs,88.0,,,,,Sunrisers Hyderabad
ipl0804,,wickets,5.0,,,,,Mumbai Indians
ipl0805,,wickets,6.0,,,,,Chennai Super Kings
ipl0806,,wickets,7.0,,,,,Rajasthan Royals
ipl0807,,wickets,9.0,,,,,Mumbai Indians
ipl0808,,wickets,5.0,,,,,Sunrisers Hyderabad
ipl0809,,runs,60.0,,,,,Kolkata Knight Riders
ipl0810,,wickets,9.0,,,,,Chennai Super Kings
ipl0811,,wickets,6.0,,,,,Delhi Capitals
ipl0812,,wickets,10.0,,,,,Sunrisers Hyderabad
ipl0813,,runs,57.0,,,,,Mumbai Indians
ipl0814,,wickets,6.0,,,,,Sunrisers Hyderabad
ipl0815,,runs,17.0,,,,,Delhi Capitals
ipl0816,,wickets,5.0,,,,,Mumbai Indians
ipl0817,,wickets,2.0,,,,,Royal Challengers Bangalore
ipl0818,,wickets,7.0,,,,,Delhi Capitals
ipl0819,,runs,10.0,,,,,Kolkata Knight Riders
ipl0820,,runs,4.0,,,,,Punjab Kings
ipl0821,,runs,10.0,,,,,Mumbai Indians
ipl0822,,runs,6.0,,,,,Royal Challengers Bangalore
ipl0823,,wickets,3.0,,,,,Rajasthan Royals
ipl0824,,wickets,6.0,,,,,Chennai Super Kings
ipl0825,,runs,13.0,,,,,Mumbai Indians
ipl0826,,wickets,6.0,,,,,Delhi Capitals
ipl0827,,runs,38.0,,,,,Royal Challengers Bangalore
ipl0828,,runs,45.0,,,,,Chennai Super Kings
ipl0829,,wickets,6.0,,,,,Delhi Capitals
ipl0830,,runs,18.0,,,,,Chennai Super Kings
ipl0831,,wickets,9.0,,,,,Sunrisers Hyderabad
ipl0832,,wickets,10.0,,,,,Royal Challengers Bangalore
ipl0833,,wickets,9.0,,,,,Punjab Kings
ipl0834,,wickets,6.0,,,,,Rajasthan Royals
ipl0835,,,,,Delhi Capitals,,tie,
ipl0836,,runs,69.0,,,,,Chennai Super Kings
ipl0837,,wickets,5.0,,,,,Kolkata Knight Riders
ipl0838,,runs,1.0,,,,,Royal Challengers Bangalore
ipl0839,,wickets,7.0,,,,,Chennai Super Kings
ipl0840,,wickets,7.0,,,,,Delhi Capitals
ipl0841,,wickets,7.0,,,,,Mumbai Indians
ipl0842,,runs,34.0,,,,,Punjab Kings
ipl0843,,wickets,4.0,,,,,Mumbai Indians
ipl0844,,wickets,7.0,,,,,Delhi Capitals
ipl0845,,runs,55.0,,,,,Rajasthan Royals
ipl0846,,runs,20.0,,,,,Chennai Super Kings
ipl0847,,wickets,9.0,,,,,Kolkata Knight Riders
ipl0848,,runs,2.0,,,,,Rajasthan Royals
ipl0849,,wickets,8.0,,,,,Delhi Capitals
ipl0850,,wickets,7.0,,,,,Kolkata Knight Riders
ipl0851,,wickets,6.0,,,,,Chennai Super Kings
ipl0852,,runs,5.0,,,,,Punjab Kings
ipl0853,,runs,33.0,,,,,Delhi Capitals
ipl0854,,runs,54.0,,,,,Royal Challengers Bangalore
ipl0855,,wickets,2.0,,,,,Chennai Super Kings
ipl0856,,wickets,7.0,,,,,Sunrisers Hyderabad
ipl0857,,wickets,6.0,,,,,Mumbai Indians
ipl0858,,wickets,3.0,,,,,Kolkata Knight Riders
ipl0859,,wickets,7.0,,,,,Royal Challengers Bangalore
ipl0860,,wickets,6.0,,,,,Chennai Super Kings
ipl0861,,wickets,5.0,,,,,Punjab Kings
ipl0862,,wickets,4.0,,,,,Delhi Capitals
ipl0863,,wickets,7.0,,,,,Rajasthan Royals
ipl0864,,wickets,6.0,,,,,Kolkata Knight Riders
ipl0865,,runs,6.0,,,,,Royal Challengers Bangalore
ipl0866,,wickets,3.0,,,,,Delhi Capitals
ipl0867,,wickets,8.0,,,,,Mumbai Indians
ipl0868,,runs,4.0,,,,,Sunrisers Hyderabad
ipl0869,,runs,86.0,,,,,Kolkata Knight Riders
ipl0870,,wickets,6.0,,,,,Punjab Kings
ipl0871,,wickets,7.0,,,,,Royal Challengers Bangalore
ipl0872,,runs,42.0,,,,,Mumbai Indians
ipl0873,,wickets,4.0,,,,,Chennai Super Kings
ipl0874,,wickets,4.0,,,,,Kolkata Knight Riders
ipl0875,,wickets,3.0,,,,,Kolkata Knight Riders
ipl0876,,runs,27.0,,,,,Chennai Super Kings
ipl0877,,wickets,6.0,,,,,Kolkata Knight Riders
ipl0878,,wickets,5.0,,,,,Punjab Kings
ipl0879,,wickets,4.0,,,,,Delhi Capitals
ipl0880,,wickets,5.0,,,,,Gujarat Titans
ipl0881,,runs,61.0,,,,,Rajasthan Royals
ipl0882,,wickets,3.0,,,,,Royal Challengers Bangalore
ipl0883,,wickets,6.0,,,,,Lucknow Super Giants
ipl0884,,wickets,6.0,,,,,Kolkata Knight Riders
ipl0885,,runs,14.0,,,,,Gujarat Titans
ipl0886,,runs,23.0,,,,,Rajasthan Royals
ipl0887,,runs,54.0,,,,,Punjab Kings
ipl0888,,runs,12.0,,,,,Lucknow Super Giants
ipl0889,,wickets,4.0,,,,,Royal Challengers Bangalore
ipl0890,,wickets,5.0,,,,,Kolkata Knight Riders
ipl0891,,wickets,6.0,,,,,Lucknow Super Giants
ipl0892,,wickets,6.0,,,,,Gujarat Titans
ipl0893,,wickets,7.0,,,,,Royal Challengers Bangalore
ipl0894,,wickets,8.0,,,,,Sunrisers Hyderabad
ipl0895,,runs,3.0,,,,,Rajasthan Royals
ipl0896,,runs,44.0,,,,,Delhi Capitals
ipl0897,,wickets,8.0,,,,,Sunrisers Hyderabad
ipl0898,,runs,23.0,,,,,Chennai Super Kings
ipl0899,,runs,12.0,,,,,Punjab Kings
ipl0900,,runs,37.0,,,,,Gujarat Titans
ipl0901,,wickets,7.0,,,,,Sunrisers Hyderabad
ipl0902,,runs,16.0,,,,,Royal Challengers Bangalore
ipl0903,,runs,18.0,,,,,Lucknow Super Giants
ipl0904,,wickets,3.0,,,,,Gujarat Titans
ipl0905,,wickets,7.0,,,,,Sunrisers Hyderabad
ipl0906,,runs,7.0,,,,,Rajasthan Royals
ipl0907,,runs,18.0,,,,,Royal Challengers Bangalore
ipl0908,,wickets,9.0,,,,,Delhi Capitals
ipl0909,,wickets,3.0,,,,,Chennai Super Kings
ipl0910,,runs,15.0,,,,,Rajasthan Royals
ipl0911,,wickets,9.0,,,,,Sunrisers Hyderabad
ipl0912,,runs,8.0,,,,,Gujarat Titans
ipl0913,,runs,36.0,,,,,Lucknow Super Giants
ipl0914,,runs,11.0,,,,,Punjab Kings
ipl0915,,runs,29.0,,,,,Rajasthan Royals
ipl0916,,wickets,5.0,,,,,Gujarat Titans
ipl0917,,wickets,4.0,,,,,Delhi Capitals
ipl0918,,runs,20.0,,,,,Lucknow Super Giants
ipl0919,,wickets,5.0,,,,,Mumbai Indians
ipl0920,,wickets,6.0,,,,,Gujarat Titans
ipl0921,,runs,13.0,,,,,Chennai Super Kings
ipl0922,,runs,6.0,,,,,Lucknow Super Giants
ipl0923,,wickets,7.0,,,,,Kolkata Knight Riders
ipl0924,,wickets,8.0,,,,,Punjab Kings
ipl0925,,runs,13.0,,,,,Royal Challengers Bangalore
ipl0926,,runs,21.0,,,,,Delhi Capitals
ipl0927,,runs,5.0,,,,,Mumbai Indians
ipl0928,,runs,75.0,,,,,Lucknow Super Giants
ipl0929,,wickets,6.0,,,,,Rajasthan Royals
ipl0930,,runs,91.0,,,,,Chennai Super Kings
ipl0931,,runs,67.0,,,,,Royal Challengers Bangalore
ipl0932,,runs,52.0,,,,,Kolkata Knight Riders
ipl0933,,runs,62.0,,,,,Gujarat Titans
ipl0934,,wickets,8.0,,,,,Delhi Capitals
ipl0935,,wickets,5.0,,,,,Mumbai Indians
ipl0936,,runs,54.0,,,,,Punjab Kings
ipl0937,,runs,54.0,,,,,Kolkata Knight Riders
ipl0938,,runs,24.0,,,,,Rajasthan Royals
ipl0939,,wickets,7.0,,,,,Gujarat Titans
ipl0940,,runs,17.0,,,,,Delhi Capitals
ipl0941,,runs,3.0,,,,,Sunrisers Hyderabad
ipl0942,,runs,2.0,,,,,Lucknow Super Giants
ipl0943,,wickets,8.0,,,,,Royal Challengers Bangalore
ipl0944,,wickets,5.0,,,,,Rajasthan Royals
ipl0945,,wickets,5.0,,,,,Mumbai Indians
ipl0946,,wickets,5.0,,,,,Punjab Kings
ipl0947,,wickets,7.0,,,,,Gujarat Titans
ipl0948,,runs,14.0,,,,,Royal Challengers Bangalore
ipl0949,,wickets,7.0,,,,,Rajasthan Royals
ipl0950,,wickets,7.0,,,,,Gujarat Titans
ipl0951,,wickets,5.0,,,,,Gujarat Titans
ipl0952,,runs,50.0,,,,,Lucknow Super Giants
ipl0953,,runs,7.0,,,D/L,,Punjab Kings
ipl0954,,wickets,8.0,,,,,Royal Challengers Bangalore
ipl0955,,runs,72.0,,,,,Rajasthan Royals
ipl0956,,runs,12.0,,,,,Chennai Super Kings
ipl0957,,wickets,6.0,,,,,Gujarat Titans
ipl0958,,runs,5.0,,,,,Punjab Kings
ipl0959,,runs,81.0,,,,,Kolkata Knight Riders
ipl0960,,wickets,5.0,,,,,Lucknow Super Giants
ipl0961,,wickets,7.0,,,,,Chennai Super Kings
ipl0962,,runs,57.0,,,,,Rajasthan Royals
ipl0963,,wickets,8.0,,,,,Sunrisers Hyderabad
ipl0964,,wickets,3.0,,,,,Kolkata Knight Riders
ipl0965,,wickets,1.0,,,,,Lucknow Super Giants
ipl0966,,wickets,6.0,,,,,Mumbai Indians
ipl0967,,runs,3.0,,,,,Rajasthan Royals
ipl0968,,wickets,6.0,,,,,Gujarat Titans
ipl0969,,runs,23.0,,,,,Sunrisers Hyderabad
ipl0970,,wickets,2.0,,,,,Punjab Kings
ipl0971,,runs,23.0,,,,,Royal Challengers Bangalore
ipl0972,,wickets,3.0,,,,,Rajasthan Royals
ipl0973,,wickets,5.0,,,,,Mumbai Indians
ipl0974,,runs,8.0,,,,,Chennai Super Kings
ipl0975,,runs,14.0,,,,,Mumbai Indians
ipl0976,,runs,10.0,,,,,Lucknow Super Giants
ipl0977,,wickets,4.0,,,,,Delhi Capitals
ipl0978,,runs,24.0,,,,,Royal Challengers Bangalore
ipl0979,,wickets,7.0,,,,,Chennai Super Kings
ipl0980,,runs,13.0,,,,,Punjab Kings
ipl0981,,runs,7.0,,,,,Gujarat Titans
ipl0982,,runs,49.0,,,,,Chennai Super Kings
ipl0983,,runs,7.0,,,,,Royal Challengers Bangalore
ipl0984,,runs,7.0,,,,,Delhi Capitals
ipl0985,,runs,55.0,,,,,Gujarat Titans
ipl0986,,runs,21.0,,,,,Kolkata Knight Riders
ipl0987,,runs,32.0,,,,,Rajasthan Royals
ipl0988,,runs,56.0,,,,,Lucknow Super Giants
ipl0989,,runs,9.0,,,,,Sunrisers Hyderabad
ipl0990,,wickets,7.0,,,,,Gujarat Titans
ipl0991,,wickets,6.0,,,,,Mumbai Indians
ipl0992,,wickets,4.0,,,,,Punjab Kings
ipl0993,,runs,18.0,,,,,Royal Challengers Bangalore
ipl0994,,runs,5.0,,,,,Delhi Capitals
ipl0995,,wickets,6.0,,,,,Mumbai Indians
ipl0996,,,,,,,no result,
ipl0997,,runs,5.0,,,,,Kolkata Knight Riders
ipl0998,,wickets,9.0,,,,,Gujarat Titans
ipl0999,,wickets,7.0,,,,,Delhi Capitals
ipl1000,,wickets,6.0,,,,,Chennai Super Kings
ipl1001,,wickets,4.0,,,,,Sunrisers Hyderabad
ipl1002,,runs,56.0,,,,,Gujarat Titans
ipl1003,,wickets,5.0,,,,,Kolkata Knight Riders
ipl1004,,wickets,6.0,,,,,Mumbai Indians
ipl1005,,runs,27.0,,,,,Chennai Super Kings
ipl1006,,wickets,9.0,,,,,Rajasthan Royals
ipl1007,,runs,27.0,,,,,Mumbai Indians
ipl1008,,runs,31.0,,,,,Punjab Kings
ipl1009,,wickets,7.0,,,,,Lucknow Super Giants
ipl1010,,wickets,6.0,,,,,Kolkata Knight Riders
ipl1011,,runs,112.0,,,,,Royal Challengers Bangalore
ipl1012,,runs,34.0,,,,,Gujarat Titans
ipl1013,,runs,5.0,,,,,Lucknow Super Giants
ipl1014,,runs,15.0,,,,,Delhi Capitals
ipl1015,,wickets,8.0,,,,,Royal Challengers Bangalore
ipl1016,,wickets,4.0,,,,,Rajasthan Royals
ipl1017,,runs,1.0,,,,,Lucknow Super Giants
ipl1018,,runs,77.0,,,,,Chennai Super Kings
ipl1019,,wickets,6.0,,,,,Gujarat Titans
ipl1020,,wickets,8.0,,,,,Mumbai Indians
ipl1021,,runs,15.0,,,,,Chennai Super Kings
ipl1022,,runs,81.0,,,,,Mumbai Indians
ipl1023,,runs,62.0,,,,,Gujarat Titans
ipl1024,,wickets,5.0,,,D/L,,Chennai Super Kings
ipl1025,,wickets,6.0,,,,,Chennai Super Kings
ipl1026,,runs,4.0,,,,,Kolkata Knight Riders
ipl1027,,wickets,4.0,,,,,Punjab Kings
ipl1028,,runs,6.0,,,,,Gujarat Titans
ipl1029,,runs,20.0,,,,,Rajasthan Royals
ipl1030,,wickets,4.0,,,,,Royal Challengers Bengaluru
ipl1031,,runs,63.0,,,,,Chennai Super Kings
ipl1032,,runs,31.0,,,,,Sunrisers Hyderabad
ipl1033,,runs,12.0,,,,,Rajasthan Royals
ipl1034,,wickets,7.0,,,,,Kolkata Knight Riders
ipl1035,,runs,21.0,,,,,Lucknow Super Giants
ipl1036,,runs,20.0,,,,,Delhi Capitals
ipl1037,,wickets,7.0,,,,,Gujarat Titans
ipl1038,,wickets,6.0,,,,,Rajasthan Royals
ipl1039,,runs,28.0,,,,,Lucknow Super Giants
ipl1040,,runs,106.0,,,,,Kolkata Knight Riders
ipl1041,,wickets,3.0,,,,,Punjab Kings
ipl1042,,wickets,6.0,,,,,Sunrisers Hyderabad
ipl1043,,wickets,6.0,,,,,Rajasthan Royals
ipl1044,,runs,33.0,,,,,Lucknow Super Giants
ipl1045,,runs,29.0,,,,,Mumbai Indians
ipl1046,,wickets,7.0,,,,,Chennai Super Kings
ipl1047,,runs,2.0,,,,,Sunrisers Hyderabad
ipl1048,,wickets,3.0,,,,,Gujarat Titans
ipl1049,,wickets,7.0,,,,,Mumbai Indians
ipl1050,,wickets,6.0,,,,,Delhi Capitals
ipl1051,,wickets,3.0,,,,,Rajasthan Royals
ipl1052,,runs,20.0,,,,,Chennai Super Kings
ipl1053,,wickets,8.0,,,,,Kolkata Knight Riders
ipl1054,,runs,25.0,,,,,Sunrisers Hyderabad
ipl1055,,wickets,2.0,,,,,Rajasthan Royals
ipl1056,,wickets,6.0,,,,,Delhi Capitals
ipl1057,,runs,9.0,,,,,Mumbai Indians
