key_id,decision,winner
odis0001,field,New Zealand
odis0002,bat,Australia
odis0003,bat,Australia
odis0004,bat,Zimbabwe
odis0005,bat,Australia
odis0006,bat,India
odis0007,bat,India
odis0008,bat,India
odis0009,bat,South Africa
odis0010,field,Zimbabwe
odis0011,bat,West Indies
odis0012,bat,India
odis0013,bat,South Africa
odis0014,bat,India
odis0015,bat,Australia
odis0016,bat,Australia
odis0017,bat,Sri Lanka
odis0018,field,New Zealand
odis0019,bat,Australia
odis0020,bat,Bangladesh
odis0021,bat,Pakistan
odis0022,field,Pakistan
odis0023,bat,Pakistan
odis0024,field,Pakistan
odis0025,field,Sri Lanka
odis0026,bat,West Indies
odis0027,field,Zimbabwe
odis0028,field,West Indies
odis0029,field,West Indies
odis0030,field,Bangladesh
odis0031,bat,Bangladesh
odis0032,bat,Zimbabwe
odis0033,field,Zimbabwe
odis0034,field,Australia
odis0035,field,West Indies
odis0036,field,New Zealand
odis0037,field,England
odis0038,field,West Indies
odis0039,field,West Indies
odis0040,bat,Pakistan
odis0041,bat,Pakistan
odis0042,bat,Bangladesh
odis0043,bat,India
odis0044,bat,Sri Lanka
odis0045,field,India
odis0046,bat,Australia
odis0047,field,Sri Lanka
odis0048,field,South Africa
odis0049,field,England
odis0050,field,India
odis0051,field,Pakistan
odis0052,bat,India
odis0053,field,United States of America
odis0054,field,Zimbabwe
odis0055,field,Kenya
odis0056,field,Australia
odis0057,field,Pakistan
odis0058,field,Sri Lanka
odis0059,field,Bangladesh
odis0060,field,Australia
odis0061,field,Sri Lanka
odis0062,field,West Indies
odis0063,field,Pakistan
odis0064,field,England
odis0065,bat,Pakistan
odis0066,field,West Indies
odis0067,bat,Pakistan
odis0068,field,Pakistan
odis0069,bat,Sri Lanka
odis0070,field,Sri Lanka
odis0071,field,Pakistan
odis0072,bat,New Zealand
odis0073,field,England
odis0074,bat,England
odis0075,field,New Zealand
odis0076,bat,England
odis0077,bat,Australia
odis0078,field,Bangladesh
odis0079,bat,India
odis0080,field,Pakistan
odis0081,bat,West Indies
odis0082,field,Australia
odis0083,bat,Zimbabwe
odis0084,bat,Australia
odis0085,bat,Australia
odis0086,field,England
odis0087,bat,Zimbabwe
odis0088,field,West Indies
odis0089,field,South Africa
odis0090,bat,Australia
odis0091,bat,England
odis0092,field,England
odis0093,bat,South Africa
odis0094,bat,South Africa
odis0095,field,South Africa
odis0096,field,Zimbabwe
odis0097,bat,Australia
odis0098,field,Zimbabwe
odis0099,field,Australia
odis0100,bat,Zimbabwe
odis0101,bat,India
odis0102,bat,India
odis0103,bat,India
odis0104,bat,Pakistan
odis0105,field,South Africa
odis0106,field,South Africa
odis0107,field,West Indies
odis0108,field,West Indies
odis0109,field,England
odis0110,bat,Australia
odis0111,field,England
odis0112,field,Australia
odis0113,bat,Bangladesh
odis0114,bat,Australia
odis0115,field,Australia
odis0116,field,England
odis0117,field,Australia
odis0118,bat,West Indies
odis0119,bat,Sri Lanka
odis0120,bat,West Indies
odis0121,field,Asia XI
odis0122,bat,Africa XI
odis0123,field,Zimbabwe
odis0124,bat,New Zealand
odis0125,field,Bangladesh
odis0126,field,India
odis0127,bat,India
odis0128,bat,Australia
odis0129,bat,Australia
odis0130,bat,India
odis0131,bat,South Africa
odis0132,field,India
odis0133,field,South Africa
odis0134,field,India
odis0135,bat,South Africa
odis0136,field,Sri Lanka
odis0137,field,South Africa
odis0138,field,India
odis0139,bat,Sri Lanka
odis0140,field,South Africa
odis0141,field,India
odis0142,field,New Zealand
odis0143,bat,England
odis0144,field,England
odis0145,bat,England
odis0146,field,New Zealand
odis0147,field,New Zealand
odis0148,bat,New Zealand
odis0149,bat,Australia
odis0150,field,South Africa
odis0151,bat,Australia
odis0152,bat,Sri Lanka
odis0153,bat,South Africa
odis0154,bat,Sri Lanka
odis0155,bat,Sri Lanka
odis0156,bat,Sri Lanka
odis0157,bat,Australia
odis0158,bat,Australia
odis0159,field,Pakistan
odis0160,bat,Sri Lanka
odis0161,bat,Sri Lanka
odis0162,bat,Pakistan
odis0163,bat,Australia
odis0164,field,India
odis0165,bat,Sri Lanka
odis0166,field,India
odis0167,bat,New Zealand
odis0168,field,India
odis0169,bat,Bangladesh
odis0170,field,New Zealand
odis0171,field,Bangladesh
odis0172,bat,New Zealand
odis0173,field,Bangladesh
odis0174,bat,Australia
odis0175,field,West Indies
odis0176,bat,South Africa
odis0177,bat,New Zealand
odis0178,field,South Africa
odis0179,bat,South Africa
odis0180,bat,Australia
odis0181,field,Sri Lanka
odis0182,field,Pakistan
odis0183,field,Pakistan
odis0184,field,England
odis0185,bat,England
odis0186,bat,India
odis0187,bat,India
odis0188,field,India
odis0189,bat,India
odis0190,bat,India
odis0191,bat,Bangladesh
odis0192,bat,Australia
odis0193,bat,Bangladesh
odis0194,field,West Indies
odis0195,bat,West Indies
odis0196,bat,Zimbabwe
odis0197,bat,West Indies
odis0198,bat,West Indies
odis0199,field,India
odis0200,bat,India
odis0201,field,West Indies
odis0202,field,India
odis0203,bat,England
odis0204,field,England
odis0205,bat,Sri Lanka
odis0206,bat,England
odis0207,bat,Sri Lanka
odis0208,bat,England
odis0209,bat,Zimbabwe
odis0210,field,Bangladesh
odis0211,bat,Kenya
odis0212,field,Bangladesh
odis0213,bat,India
odis0214,field,Pakistan
odis0215,field,Pakistan
odis0216,field,Pakistan
odis0217,bat,Pakistan
odis0218,field,England
odis0219,bat,India
odis0220,bat,Zimbabwe
odis0221,bat,Australia
odis0222,bat,Zimbabwe
odis0223,bat,Australia
odis0224,bat,South Africa
odis0225,bat,India
odis0226,bat,Australia
odis0227,bat,Australia
odis0228,field,Bangladesh
odis0229,bat,Zimbabwe
odis0230,bat,Sri Lanka
odis0231,bat,Bangladesh
odis0232,field,Zimbabwe
odis0233,bat,West Indies
odis0234,field,India
odis0235,field,South Africa
odis0236,bat,Sri Lanka
odis0237,bat,West Indies
odis0238,bat,New Zealand
odis0239,field,Australia
odis0240,field,Sri Lanka
odis0241,field,Pakistan
odis0242,field,West Indies
odis0243,bat,South Africa
odis0244,bat,West Indies
odis0245,bat,India
odis0246,field,New Zealand
odis0247,bat,South Africa
odis0248,bat,West Indies
odis0249,bat,South Africa
odis0250,bat,South Africa
odis0251,field,Canada
odis0252,bat,South Africa
odis0253,field,Canada
odis0254,field,Netherlands
odis0255,bat,Netherlands
odis0256,field,Bangladesh
odis0257,field,South Africa
odis0258,field,Zimbabwe
odis0259,field,Pakistan
odis0260,field,Bangladesh
odis0261,field,Bangladesh
odis0262,field,Pakistan
odis0263,bat,Pakistan
odis0264,field,Pakistan
odis0265,bat,New Zealand
odis0266,field,New Zealand
odis0267,bat,Sri Lanka
odis0268,bat,England
odis0269,bat,Australia
odis0270,bat,New Zealand
odis0271,bat,England
odis0272,bat,New Zealand
odis0273,field,Pakistan
odis0274,bat,New Zealand
odis0275,bat,Pakistan
odis0276,bat,England
odis0277,field,West Indies
odis0278,bat,Australia
odis0279,bat,New Zealand
odis0280,field,West Indies
odis0281,field,Bermuda
odis0282,bat,England
odis0283,bat,Scotland
odis0284,field,Netherlands
odis0285,field,Pakistan
odis0286,bat,New Zealand
odis0287,bat,Kenya
odis0288,bat,England
odis0289,bat,Pakistan
odis0290,field,India
odis0291,bat,Pakistan
odis0292,bat,Australia
odis0293,field,India
odis0294,field,South Africa
odis0295,bat,England
odis0296,bat,Sri Lanka
odis0297,bat,Pakistan
odis0298,field,New Zealand
odis0299,field,India
odis0300,field,New Zealand
odis0301,bat,Australia
odis0302,bat,New Zealand
odis0303,field,Pakistan
odis0304,field,Scotland
odis0305,field,Zimbabwe
odis0306,bat,Sri Lanka
odis0307,field,New Zealand
odis0308,field,Netherlands
odis0309,field,Ireland
odis0310,bat,India
odis0311,field,Canada
odis0312,bat,Australia
odis0313,field,West Indies
odis0314,field,Bermuda
odis0315,field,Kenya
odis0316,field,South Africa
odis0317,field,Zimbabwe
odis0318,field,Bangladesh
odis0319,field,Canada
odis0320,field,Netherlands
odis0321,bat,Ireland
odis0322,field,India
odis0323,bat,Kenya
odis0324,field,South Africa
odis0325,field,Bangladesh
odis0326,field,West Indies
odis0327,bat,Sri Lanka
odis0328,field,New Zealand
odis0329,bat,England
odis0330,field,Australia
odis0331,field,West Indies
odis0332,field,New Zealand
odis0333,field,South Africa
odis0334,field,England
odis0335,field,South Africa
odis0336,bat,England
odis0337,bat,New Zealand
odis0338,field,West Indies
odis0339,field,England
odis0340,bat,New Zealand
odis0341,field,Australia
odis0342,field,New Zealand
odis0343,bat,Ireland
odis0344,bat,Sri Lanka
odis0345,bat,England
odis0346,field,Sri Lanka
odis0347,field,Bangladesh
odis0348,bat,Australia
odis0349,field,England
odis0350,bat,Sri Lanka
odis0351,bat,South Africa
odis0352,bat,Australia
odis0353,bat,Bangladesh
odis0354,bat,India
odis0355,bat,Asia XI
odis0356,bat,Asia XI
odis0357,bat,Asia XI
odis0358,field,India
odis0359,field,Ireland
odis0360,field,South Africa
odis0361,field,India
odis0362,field,India
odis0363,field,West Indies
odis0364,field,England
odis0365,bat,West Indies
odis0366,bat,Scotland
odis0367,bat,Ireland
odis0368,field,Bangladesh
odis0369,field,Sri Lanka
odis0370,field,Bangladesh
odis0371,field,India
odis0372,field,India
odis0373,bat,Zimbabwe
odis0374,bat,India
odis0375,field,South Africa
odis0376,bat,South Africa
odis0377,field,India
odis0378,bat,India
odis0379,field,England
odis0380,bat,England
odis0381,bat,India
odis0382,bat,Australia
odis0383,bat,Sri Lanka
odis0384,field,India
odis0385,bat,England
odis0386,bat,Australia
odis0387,bat,India
odis0388,bat,Sri Lanka
odis0389,bat,India
odis0390,bat,Sri Lanka
odis0391,bat,Australia
odis0392,bat,Australia
odis0393,bat,South Africa
odis0394,field,Kenya
odis0395,bat,Pakistan
odis0396,bat,Canada
odis0397,bat,South Africa
odis0398,field,Kenya
odis0399,bat,Pakistan
odis0400,bat,Bermuda
odis0401,bat,Bermuda
odis0402,bat,South Africa
odis0403,bat,Pakistan
odis0404,bat,India
odis0405,field,Pakistan
odis0406,bat,Pakistan
odis0407,field,India
odis0408,field,South Africa
odis0409,field,West Indies
odis0410,bat,South Africa
odis0411,field,Zimbabwe
odis0412,bat,New Zealand
odis0413,field,West Indies
odis0414,bat,New Zealand
odis0415,bat,New Zealand
odis0416,field,New Zealand
odis0417,field,New Zealand
odis0418,bat,New Zealand
odis0419,field,New Zealand
odis0420,field,South Africa
odis0421,field,Zimbabwe
odis0422,bat,Zimbabwe
odis0423,bat,South Africa
odis0424,bat,Pakistan
odis0425,bat,West Indies
odis0426,bat,Zimbabwe
odis0427,bat,West Indies
odis0428,bat,Zimbabwe
odis0429,field,South Africa
odis0430,bat,India
odis0431,bat,India
odis0432,bat,Australia
odis0433,bat,England
odis0434,bat,Australia
odis0435,field,New Zealand
odis0436,field,England
odis0437,bat,Australia
odis0438,bat,Australia
odis0439,bat,Sri Lanka
odis0440,field,New Zealand
odis0441,bat,South Africa
odis0442,bat,Pakistan
odis0443,bat,Ireland
odis0444,field,Sri Lanka
odis0445,field,New Zealand
odis0446,bat,Australia
odis0447,field,India
odis0448,bat,Sri Lanka
odis0449,bat,Australia
odis0450,bat,India
odis0451,bat,Bangladesh
odis0452,bat,Bangladesh
odis0453,bat,Bangladesh
odis0454,bat,Pakistan
odis0455,field,West Indies
odis0456,bat,Bangladesh
odis0457,field,West Indies
odis0458,bat,Pakistan
odis0459,field,West Indies
odis0460,bat,Bangladesh
odis0461,bat,Pakistan
odis0462,bat,Sri Lanka
odis0463,bat,India
odis0464,field,Bangladesh
odis0465,bat,India
odis0466,bat,Bangladesh
odis0467,bat,Pakistan
odis0468,field,New Zealand
odis0469,field,New Zealand
odis0470,field,England
odis0471,bat,Pakistan
odis0472,bat,Bangladesh
odis0473,field,West Indies
odis0474,bat,India
odis0475,field,Bangladesh
odis0476,field,New Zealand
odis0477,bat,Pakistan
odis0478,bat,Sri Lanka
odis0479,bat,Australia
odis0480,bat,Bangladesh
odis0481,field,England
odis0482,field,Pakistan
odis0483,field,Canada
odis0484,field,Australia
odis0485,bat,Sri Lanka
odis0486,bat,India
odis0487,bat,Sri Lanka
odis0488,bat,Bangladesh
odis0489,field,West Indies
odis0490,field,India
odis0491,bat,Australia
odis0492,bat,Netherlands
odis0493,field,Ireland
odis0494,field,Scotland
odis0495,bat,India
odis0496,field,India
odis0497,bat,England
odis0498,bat,India
odis0499,field,Kenya
odis0500,bat,South Africa
odis0501,bat,India
odis0502,bat,Sri Lanka
odis0503,field,South Africa
odis0504,field,Bangladesh
odis0505,field,England
odis0506,bat,Bangladesh
odis0507,field,England
odis0508,bat,Australia
odis0509,bat,Zimbabwe
odis0510,bat,South Africa
odis0511,bat,South Africa
odis0512,bat,West Indies
odis0513,bat,Pakistan
odis0514,field,England
odis0515,bat,India
odis0516,field,Sri Lanka
odis0517,bat,England
odis0518,bat,Zimbabwe
odis0519,field,England
odis0520,field,Zimbabwe
odis0521,field,India
odis0522,field,Zimbabwe
odis0523,field,New Zealand
odis0524,field,New Zealand
odis0525,field,Bangladesh
odis0526,field,Bangladesh
odis0527,bat,Australia
odis0528,field,South Africa
odis0529,bat,Sri Lanka
odis0530,field,Pakistan
odis0531,field,Bangladesh
odis0532,bat,Australia
odis0533,bat,Sri Lanka
odis0534,bat,Australia
odis0535,field,India
odis0536,bat,South Africa
odis0537,bat,India
odis0538,bat,Kenya
odis0539,bat,Australia
odis0540,bat,India
odis0541,bat,India
odis0542,field,New Zealand
odis0543,bat,Sri Lanka
odis0544,field,New Zealand
odis0545,bat,New Zealand
odis0546,field,New Zealand
odis0547,bat,India
odis0548,bat,India
odis0549,field,New Zealand
odis0550,field,England
odis0551,bat,New Zealand
odis0552,bat,India
odis0553,bat,England
odis0554,bat,West Indies
odis0555,field,West Indies
odis0556,field,England
odis0557,field,Ireland
odis0558,field,West Indies
odis0559,bat,Australia
odis0560,bat,Australia
odis0561,field,Scotland
odis0562,bat,South Africa
odis0563,field,Australia
odis0564,field,South Africa
odis0565,bat,Afghanistan
odis0566,bat,Australia
odis0567,bat,Pakistan
odis0568,bat,Australia
odis0569,bat,Pakistan
odis0570,bat,Australia
odis0571,field,England
odis0572,field,West Indies
odis0573,bat,India
odis0574,bat,India
odis0575,bat,Australia
odis0576,field,India
odis0577,field,India
odis0578,field,West Indies
odis0579,bat,West Indies
odis0580,field,Pakistan
odis0581,bat,West Indies
odis0582,field,Sri Lanka
odis0583,field,Sri Lanka
odis0584,bat,Pakistan
odis0585,field,Bangladesh
odis0586,bat,Pakistan
odis0587,field,Zimbabwe
odis0588,field,Bangladesh
odis0589,bat,Zimbabwe
odis0590,bat,Zimbabwe
odis0591,field,Canada
odis0592,bat,England
odis0593,field,England
odis0594,field,England
odis0595,bat,Sri Lanka
odis0596,bat,England
odis0597,bat,New Zealand
odis0598,bat,Sri Lanka
odis0599,bat,England
odis0600,bat,India
odis0601,bat,England
odis0602,bat,Australia
odis0603,field,England
odis0604,field,South Africa
odis0605,bat,West Indies
odis0606,field,South Africa
odis0607,field,England
odis0608,bat,Pakistan
odis0609,field,West Indies
odis0610,bat,England
odis0611,field,Sri Lanka
odis0612,bat,Australia
odis0613,field,New Zealand
odis0614,field,India
odis0615,field,Australia
odis0616,bat,England
odis0617,bat,Pakistan
odis0618,bat,New Zealand
odis0619,field,South Africa
odis0620,bat,Australia
odis0621,field,Zimbabwe
odis0622,field,Australia
odis0623,bat,Zimbabwe
odis0624,field,Bangladesh
odis0625,bat,Australia
odis0626,field,India
odis0627,bat,Pakistan
odis0628,bat,Zimbabwe
odis0629,field,Bangladesh
odis0630,bat,Australia
odis0631,bat,New Zealand
odis0632,field,Zimbabwe
odis0633,bat,India
odis0634,bat,New Zealand
odis0635,field,Zimbabwe
odis0636,field,England
odis0637,bat,South Africa
odis0638,bat,South Africa
odis0639,field,Sri Lanka
odis0640,bat,India
odis0641,bat,Sri Lanka
odis0642,bat,Sri Lanka
odis0643,field,India
odis0644,field,Sri Lanka
odis0645,field,Sri Lanka
odis0646,bat,Bangladesh
odis0647,field,Sri Lanka
odis0648,bat,Sri Lanka
odis0649,field,India
odis0650,field,Sri Lanka
odis0651,bat,Pakistan
odis0652,field,Pakistan
odis0653,bat,Australia
odis0654,bat,Australia
odis0655,bat,Pakistan
odis0656,bat,New Zealand
odis0657,field,West Indies
odis0658,field,New Zealand
odis0659,bat,West Indies
odis0660,field,New Zealand
odis0661,field,West Indies
odis0662,field,West Indies
odis0663,bat,Australia
odis0664,field,South Africa
odis0665,bat,India
odis0666,bat,South Africa
odis0667,field,England
odis0668,field,England
odis0669,bat,Australia
odis0670,bat,Zimbabwe
odis0671,field,Bangladesh
odis0672,bat,Zimbabwe
odis0673,bat,Australia
odis0674,field,Australia
odis0675,field,Zimbabwe
odis0676,field,Australia
odis0677,field,West Indies
odis0678,field,Australia
odis0679,field,West Indies
odis0680,field,West Indies
odis0681,bat,South Africa
odis0682,bat,India
odis0683,bat,South Africa
odis0684,field,India
odis0685,bat,West Indies
odis0686,field,Sri Lanka
odis0687,field,Zimbabwe
odis0688,bat,West Indies
odis0689,field,Sri Lanka
odis0690,field,Zimbabwe
odis0691,field,Sri Lanka
odis0692,bat,Sri Lanka
odis0693,bat,Bangladesh
odis0694,bat,Australia
odis0695,bat,Sri Lanka
odis0696,bat,Pakistan
odis0697,bat,Pakistan
odis0698,field,Sri Lanka
odis0699,bat,Australia
odis0700,bat,India
odis0701,bat,Australia
odis0702,field,England
odis0703,field,England
odis0704,bat,Australia
odis0705,bat,Canada
odis0706,bat,Bangladesh
odis0707,field,England
odis0708,field,Bangladesh
odis0709,bat,Ireland
odis0710,bat,New Zealand
odis0711,bat,New Zealand
odis0712,bat,Sri Lanka
odis0713,bat,Scotland
odis0714,bat,Afghanistan
odis0715,bat,Netherlands
odis0716,field,New Zealand
odis0717,bat,India
odis0718,bat,India
odis0719,bat,Sri Lanka
odis0720,bat,Ireland
odis0721,field,Pakistan
odis0722,bat,Pakistan
odis0723,bat,Pakistan
odis0724,bat,Pakistan
odis0725,bat,England
odis0726,bat,Bangladesh
odis0727,field,Bangladesh
odis0728,field,New Zealand
odis0729,bat,South Africa
odis0730,bat,Bangladesh
odis0731,bat,Zimbabwe
odis0732,field,India
odis0733,bat,South Africa
odis0734,bat,Pakistan
odis0735,bat,South Africa
odis0736,field,Pakistan
odis0737,bat,Australia
odis0738,bat,South Africa
odis0739,bat,Sri Lanka
odis0740,bat,Sri Lanka
odis0741,bat,South Africa
odis0742,field,New Zealand
odis0743,field,Bangladesh
odis0744,field,India
odis0745,field,Bangladesh
odis0746,field,India
odis0747,field,Zimbabwe
odis0748,field,India
odis0749,bat,New Zealand
odis0750,bat,Zimbabwe
odis0751,bat,South Africa
odis0752,bat,India
odis0753,bat,England
odis0754,bat,South Africa
odis0755,bat,South Africa
odis0756,field,England
odis0757,bat,Pakistan
odis0758,field,India
odis0759,bat,England
odis0760,field,New Zealand
odis0761,bat,England
odis0762,field,New Zealand
odis0763,bat,Australia
odis0764,bat,West Indies
odis0765,bat,New Zealand
odis0766,bat,England
odis0767,field,New Zealand
odis0768,field,Sri Lanka
odis0769,field,Pakistan
odis0770,field,West Indies
odis0771,bat,Australia
odis0772,field,Bangladesh
odis0773,bat,Sri Lanka
odis0774,bat,Kenya
odis0775,bat,Australia
odis0776,bat,Netherlands
odis0777,bat,Pakistan
odis0778,field,South Africa
odis0779,bat,Bangladesh
odis0780,field,Australia
odis0781,bat,Pakistan
odis0782,bat,India
odis0783,bat,Zimbabwe
odis0784,field,Netherlands
odis0785,bat,Kenya
odis0786,bat,England
odis0787,bat,Pakistan
odis0788,field,Netherlands
odis0789,bat,Bangladesh
odis0790,bat,Zimbabwe
odis0791,bat,Sri Lanka
odis0792,bat,England
odis0793,field,India
odis0794,bat,Kenya
odis0795,bat,New Zealand
odis0796,bat,Netherlands
odis0797,field,Zimbabwe
odis0798,field,Bangladesh
odis0799,field,Ireland
odis0800,bat,India
odis0801,bat,Australia
odis0802,field,Canada
odis0803,bat,Netherlands
odis0804,bat,Zimbabwe
odis0805,field,Ireland
odis0806,bat,Canada
odis0807,bat,England
odis0808,field,Ireland
odis0809,bat,Sri Lanka
odis0810,bat,South Africa
odis0811,bat,Australia
odis0812,bat,India
odis0813,bat,Zimbabwe
odis0814,bat,West Indies
odis0815,bat,Australia
odis0816,bat,New Zealand
odis0817,bat,England
odis0818,bat,New Zealand
odis0819,bat,India
odis0820,bat,Sri Lanka
odis0821,field,Bangladesh
odis0822,bat,Bangladesh
odis0823,bat,Australia
odis0824,bat,West Indies
odis0825,field,Pakistan
odis0826,field,Pakistan
odis0827,field,West Indies
odis0828,bat,Pakistan
odis0829,bat,West Indies
odis0830,field,India
odis0831,field,India
odis0832,field,India
odis0833,field,West Indies
odis0834,field,Sri Lanka
odis0835,field,Scotland
odis0836,field,England
odis0837,bat,England
odis0838,field,England
odis0839,bat,England
odis0840,bat,Sri Lanka
odis0841,field,Zimbabwe
odis0842,field,Zimbabwe
odis0843,bat,Sri Lanka
odis0844,field,Bangladesh
odis0845,field,Australia
odis0846,field,Bangladesh
odis0847,bat,Sri Lanka
odis0848,field,Zimbabwe
odis0849,field,Sri Lanka
odis0850,field,Ireland
odis0851,field,England
odis0852,field,England
odis0853,bat,Pakistan
odis0854,field,England
odis0855,bat,Zimbabwe
odis0856,field,England
odis0857,field,Zimbabwe
odis0858,field,England
odis0859,field,Canada
odis0860,bat,Ireland
odis0861,field,Bangladesh
odis0862,bat,India
odis0863,bat,Bangladesh
odis0864,bat,England
odis0865,field,Bangladesh
odis0866,field,South Africa
odis0867,bat,Zimbabwe
odis0868,bat,England
odis0869,field,South Africa
odis0870,field,New Zealand
odis0871,field,South Africa
odis0872,bat,England
odis0873,bat,South Africa
odis0874,field,England
odis0875,bat,New Zealand
odis0876,field,England
odis0877,bat,South Africa
odis0878,bat,Sri Lanka
odis0879,bat,Sri Lanka
odis0880,bat,Pakistan
odis0881,bat,Pakistan
odis0882,bat,Sri Lanka
odis0883,field,India
odis0884,bat,Bangladesh
odis0885,field,India
odis0886,bat,Pakistan
odis0887,field,India
odis0888,bat,Pakistan
odis0889,bat,India
odis0890,bat,India
odis0891,bat,South Africa
odis0892,field,South Africa
odis0893,bat,Sri Lanka
odis0894,bat,South Africa
odis0895,field,Sri Lanka
odis0896,field,Zimbabwe
odis0897,field,India
odis0898,field,Zimbabwe
odis0899,bat,Sri Lanka
odis0900,bat,New Zealand
odis0901,bat,Afghanistan
odis0902,field,Sri Lanka
odis0903,bat,Australia
odis0904,bat,England
odis0905,bat,Sri Lanka
odis0906,bat,England
odis0907,bat,Australia
odis0908,bat,Ireland
odis0909,bat,Pakistan
odis0910,bat,Australia
odis0911,bat,Ireland
odis0912,bat,Pakistan
odis0913,bat,Sri Lanka
odis0914,bat,Australia
odis0915,bat,New Zealand
odis0916,bat,Australia
odis0917,field,India
odis0918,field,South Africa
odis0919,bat,Sri Lanka
odis0920,field,South Africa
odis0921,bat,Australia
odis0922,bat,Australia
odis0923,field,Sri Lanka
odis0924,field,Bangladesh
odis0925,field,Sri Lanka
odis0926,bat,Sri Lanka
odis0927,bat,Australia
odis0928,field,Bangladesh
odis0929,field,West Indies
odis0930,bat,Pakistan
odis0931,bat,Australia
odis0932,field,Bangladesh
odis0933,field,Bangladesh
odis0934,field,Australia
odis0935,field,West Indies
odis0936,bat,Afghanistan
odis0937,bat,Sri Lanka
odis0938,bat,Sri Lanka
odis0939,bat,Pakistan
odis0940,bat,Sri Lanka
odis0941,field,West Indies
odis0942,bat,Pakistan
odis0943,field,England
odis0944,field,Australia
odis0945,field,Australia
odis0946,bat,England
odis0947,bat,Australia
odis0948,field,England
odis0949,field,West Indies
odis0950,field,Afghanistan
odis0951,field,England
odis0952,field,New Zealand
odis0953,field,England
odis0954,field,England
odis0955,field,West Indies
odis0956,field,England
odis0957,bat,West Indies
odis0958,bat,West Indies
odis0959,bat,India
odis0960,bat,India
odis0961,bat,Sri Lanka
odis0962,bat,Sri Lanka
odis0963,bat,India
odis0964,field,South Africa
odis0965,bat,Australia
odis0966,bat,Pakistan
odis0967,bat,South Africa
odis0968,bat,Australia
odis0969,bat,South Africa
odis0970,field,England
odis0971,field,Australia
odis0972,bat,England
odis0973,bat,New Zealand
odis0974,field,Sri Lanka
odis0975,field,Sri Lanka
odis0976,field,New Zealand
odis0977,bat,West Indies
odis0978,field,West Indies
odis0979,field,West Indies
odis0980,field,Bangladesh
odis0981,field,Bangladesh
odis0982,bat,Australia
odis0983,field,Australia
odis0984,bat,Australia
odis0985,field,Pakistan
odis0986,field,India
odis0987,bat,India
odis0988,bat,Australia
odis0989,bat,England
odis0990,field,Sri Lanka
odis0991,bat,India
odis0992,bat,Australia
odis0993,field,New Zealand
odis0994,field,India
odis0995,bat,Australia
odis0996,field,South Africa
odis0997,field,Sri Lanka
odis0998,field,India
odis0999,bat,New Zealand
odis1000,field,England
odis1001,field,West Indies
odis1002,field,Sri Lanka
odis1003,bat,West Indies
odis1004,field,India
odis1005,field,West Indies
odis1006,bat,Sri Lanka
odis1007,bat,Australia
odis1008,field,England
odis1009,bat,West Indies
odis1010,field,Australia
odis1011,field,West Indies
odis1012,field,New Zealand
odis1013,bat,England
odis1014,field,England
odis1015,bat,Australia
odis1016,field,New Zealand
odis1017,field,England
odis1018,bat,Sri Lanka
odis1019,field,Zimbabwe
odis1020,field,England
odis1021,bat,West Indies
odis1022,field,Sri Lanka
odis1023,bat,Zimbabwe
odis1024,field,Pakistan
odis1025,bat,Canada
odis1026,bat,South Africa
odis1027,field,Pakistan
odis1028,bat,South Africa
odis1029,field,Sri Lanka
odis1030,bat,Pakistan
odis1031,field,Bangladesh
odis1032,bat,Sri Lanka
odis1033,field,Zimbabwe
odis1034,field,Zimbabwe
odis1035,field,Zimbabwe
odis1036,bat,Pakistan
odis1037,bat,Pakistan
odis1038,field,Pakistan
odis1039,field,New Zealand
odis1040,bat,New Zealand
odis1041,field,New Zealand
odis1042,field,South Africa
odis1043,field,West Indies
odis1044,bat,England
odis1045,bat,Sri Lanka
odis1046,bat,South Africa
odis1047,field,India
odis1048,bat,Australia
odis1049,field,Sri Lanka
odis1050,field,West Indies
odis1051,field,India
odis1052,field,New Zealand
odis1053,field,Australia
odis1054,field,England
odis1055,field,India
odis1056,field,England
odis1057,field,West Indies
odis1058,field,West Indies
odis1059,bat,England
odis1060,field,India
odis1061,bat,Pakistan
odis1062,field,West Indies
odis1063,bat,Ireland
odis1064,field,West Indies
odis1065,field,Sri Lanka
odis1066,field,India
odis1067,field,West Indies
odis1068,field,Pakistan
odis1069,bat,Pakistan
odis1070,field,West Indies
odis1071,bat,Pakistan
odis1072,field,South Africa
odis1073,field,Pakistan
odis1074,bat,Sri Lanka
odis1075,field,Pakistan
odis1076,field,India
odis1077,field,Zimbabwe
odis1078,bat,South Africa
odis1079,field,India
odis1080,bat,South Africa
odis1081,bat,Sri Lanka
odis1082,field,India
odis1083,field,India
odis1084,bat,Australia
odis1085,bat,England
odis1086,bat,Australia
odis1087,field,Canada
odis1088,bat,Pakistan
odis1089,field,Netherlands
odis1090,field,Zimbabwe
odis1091,field,Zimbabwe
odis1092,field,England
odis1093,bat,Scotland
odis1094,field,England
odis1095,field,Australia
odis1096,field,England
odis1097,bat,Australia
odis1098,field,South Africa
odis1099,field,South Africa
odis1100,bat,Australia
odis1101,bat,Australia
odis1102,field,Australia
odis1103,field,India
odis1104,field,Sri Lanka
odis1105,field,South Africa
odis1106,field,New Zealand
odis1107,bat,South Africa
odis1108,field,India
odis1109,bat,Bangladesh
odis1110,bat,Pakistan
odis1111,field,Australia
odis1112,field,Bangladesh
odis1113,bat,South Africa
odis1114,bat,South Africa
odis1115,field,New Zealand
odis1116,bat,South Africa
odis1117,bat,Sri Lanka
odis1118,field,New Zealand
odis1119,bat,West Indies
odis1120,bat,Pakistan
odis1121,field,West Indies
odis1122,field,South Africa
odis1123,field,India
odis1124,field,South Africa
odis1125,field,India
odis1126,field,India
odis1127,bat,South Africa
odis1128,bat,Pakistan
odis1129,field,Sri Lanka
odis1130,field,Sri Lanka
odis1131,bat,Sri Lanka
odis1132,field,West Indies
odis1133,bat,Pakistan
odis1134,field,West Indies
odis1135,bat,New Zealand
odis1136,field,New Zealand
odis1137,bat,England
odis1138,bat,England
odis1139,field,India
odis1140,bat,Australia
odis1141,bat,England
odis1142,field,India
odis1143,field,Kenya
odis1144,field,Canada
odis1145,bat,Australia
odis1146,field,Australia
odis1147,field,India
odis1148,bat,England
odis1149,bat,Australia
odis1150,bat,Canada
odis1151,bat,India
odis1152,bat,Kenya
odis1153,field,India
odis1154,field,Bangladesh
odis1155,bat,Sri Lanka
odis1156,field,Sri Lanka
odis1157,bat,Ireland
odis1158,bat,Sri Lanka
odis1159,field,India
odis1160,field,Afghanistan
odis1161,field,Sri Lanka
odis1162,field,England
odis1163,field,Bangladesh
odis1164,field,Pakistan
odis1165,field,England
odis1166,bat,Sri Lanka
odis1167,bat,Bangladesh
odis1168,field,India
odis1169,field,West Indies
odis1170,bat,Bangladesh
odis1171,bat,Pakistan
odis1172,field,United Arab Emirates
odis1173,field,United Arab Emirates
odis1174,field,Ireland
odis1175,field,Scotland
odis1176,field,Sri Lanka
odis1177,field,England
odis1178,field,England
odis1179,field,England
odis1180,bat,England
odis1181,bat,Bangladesh
odis1182,field,Bangladesh
odis1183,bat,India
odis1184,bat,South Africa
odis1185,bat,Sri Lanka
odis1186,bat,South Africa
odis1187,field,Zimbabwe
odis1188,field,Afghanistan
odis1189,field,Zimbabwe
odis1190,field,Zimbabwe
odis1191,field,Zimbabwe
odis1192,field,West Indies
odis1193,field,South Africa
odis1194,field,England
odis1195,field,Bangladesh
odis1196,field,Australia
odis1197,field,Pakistan
odis1198,field,India
odis1199,field,Zimbabwe
odis1200,bat,West Indies
odis1201,bat,Pakistan
odis1202,bat,Sri Lanka
odis1203,field,South Africa
odis1204,field,England
odis1205,field,Zimbabwe
odis1206,bat,Pakistan
odis1207,field,India
odis1208,bat,Australia
odis1209,field,South Africa
odis1210,field,India
odis1211,field,Zimbabwe
odis1212,field,India
odis1213,field,South Africa
odis1214,field,Ireland
odis1215,field,Ireland
odis1216,field,Scotland
odis1217,bat,Australia
odis1218,field,India
odis1219,bat,Pakistan
odis1220,bat,India
odis1221,bat,Australia
odis1222,field,West Indies
odis1223,bat,Sri Lanka
odis1224,field,Sri Lanka
odis1225,field,South Africa
odis1226,field,South Africa
odis1227,field,New Zealand
odis1228,field,New Zealand
odis1229,field,Sri Lanka
odis1230,bat,Sri Lanka
odis1231,bat,Sri Lanka
odis1232,field,Australia
odis1233,bat,India
odis1234,bat,Australia
odis1235,field,South Africa
odis1236,bat,Sri Lanka
odis1237,bat,West Indies
odis1238,bat,Australia
odis1239,bat,Australia
odis1240,bat,Australia
odis1241,field,Zimbabwe
odis1242,bat,South Africa
odis1243,bat,Bangladesh
odis1244,bat,South Africa
odis1245,field,Zimbabwe
odis1246,field,England
odis1247,bat,Afghanistan
odis1248,bat,Bangladesh
odis1249,bat,England
odis1250,field,United Arab Emirates
odis1251,bat,Zimbabwe
odis1252,bat,Sri Lanka
odis1253,bat,England
odis1254,field,Pakistan
odis1255,field,England
odis1256,bat,Pakistan
odis1257,bat,Sri Lanka
odis1258,bat,Pakistan
odis1259,bat,Sri Lanka
odis1260,bat,New Zealand
odis1261,bat,New Zealand
odis1262,field,Afghanistan
odis1263,bat,Pakistan
odis1264,bat,Sri Lanka
odis1265,field,Ireland
odis1266,bat,Sri Lanka
odis1267,bat,Scotland
odis1268,bat,New Zealand
odis1269,bat,England
odis1270,bat,South Africa
odis1271,field,Ireland
odis1272,field,Sri Lanka
odis1273,bat,India
odis1274,field,West Indies
odis1275,bat,India
odis1276,bat,Sri Lanka
odis1277,bat,West Indies
odis1278,field,Australia
odis1279,field,Sri Lanka
odis1280,bat,New Zealand
odis1281,field,West Indies
odis1282,field,Australia
odis1283,field,West Indies
odis1284,bat,Sri Lanka
odis1285,field,England
odis1286,field,New Zealand
odis1287,field,England
odis1288,bat,New Zealand
odis1289,field,England
odis1290,field,Sri Lanka
odis1291,bat,India
odis1292,field,Zimbabwe
odis1293,field,Ireland
odis1294,field,New Zealand
odis1295,bat,Bangladesh
odis1296,field,Zimbabwe
odis1297,bat,England
odis1298,field,Pakistan
odis1299,bat,India
odis1300,field,Sri Lanka
odis1301,field,Scotland
odis1302,bat,West Indies
odis1303,field,Ireland
odis1304,bat,Sri Lanka
odis1305,field,Afghanistan
odis1306,bat,South Africa
odis1307,bat,United Arab Emirates
odis1308,bat,Australia
odis1309,bat,Pakistan
odis1310,bat,England
odis1311,bat,South Africa
odis1312,field,Afghanistan
odis1313,field,United Arab Emirates
odis1314,field,Bangladesh
odis1315,bat,West Indies
odis1316,field,Zimbabwe
odis1317,field,South Africa
odis1318,bat,Australia
odis1319,bat,Afghanistan
odis1320,field,England
odis1321,bat,Ireland
odis1322,bat,Sri Lanka
odis1323,field,United Arab Emirates
odis1324,field,England
odis1325,field,New Zealand
odis1326,field,Australia
odis1327,field,India
odis1328,bat,Ireland
odis1329,field,West Indies
odis1330,bat,Pakistan
odis1331,bat,Sri Lanka
odis1332,bat,India
odis1333,bat,Pakistan
odis1334,bat,New Zealand
odis1335,bat,South Africa
odis1336,bat,Australia
odis1337,bat,New Zealand
odis1338,bat,Bangladesh
odis1339,bat,Pakistan
odis1340,bat,Pakistan
odis1341,field,England
odis1342,bat,Pakistan
odis1343,field,Pakistan
odis1344,bat,Pakistan
odis1345,field,New Zealand
odis1346,bat,New Zealand
odis1347,bat,England
odis1348,bat,New Zealand
odis1349,bat,Bangladesh
odis1350,field,England
odis1351,bat,India
odis1352,field,Bangladesh
odis1353,bat,New Zealand
odis1354,bat,New Zealand
odis1355,field,Zimbabwe
odis1356,bat,Bangladesh
odis1357,field,Pakistan
odis1358,field,Zimbabwe
odis1359,bat,South Africa
odis1360,field,Zimbabwe
odis1361,bat,Pakistan
odis1362,bat,South Africa
odis1363,bat,Pakistan
odis1364,bat,Australia
odis1365,bat,Sri Lanka
odis1366,field,England
odis1367,bat,Sri Lanka
odis1368,field,England
odis1369,field,Zimbabwe
odis1370,bat,Zimbabwe
odis1371,field,Zimbabwe
odis1372,field,New Zealand
odis1373,bat,South Africa
odis1374,bat,South Africa
odis1375,bat,Australia
odis1376,bat,Australia
odis1377,field,England
odis1378,bat,England
odis1379,bat,Australia
odis1380,bat,England
odis1381,field,Zimbabwe
odis1382,field,Pakistan
odis1383,field,Pakistan
odis1384,bat,Bangladesh
odis1385,field,Zimbabwe
odis1386,field,Zimbabwe
odis1387,bat,South Africa
odis1388,field,Ireland
odis1389,bat,India
odis1390,bat,Afghanistan
odis1391,bat,Afghanistan
odis1392,bat,South Africa
odis1393,bat,Zimbabwe
odis1394,bat,India
odis1395,bat,South Africa
odis1396,field,Sri Lanka
odis1397,field,Sri Lanka
odis1398,bat,West Indies
odis1399,field,New Zealand
odis1400,field,Zimbabwe
odis1401,field,Sri Lanka
odis1402,field,Zimbabwe
odis1403,bat,Bangladesh
odis1404,bat,England
odis1405,bat,England
odis1406,bat,Hong Kong
odis1407,bat,Pakistan
odis1408,bat,England
odis1409,bat,Afghanistan
odis1410,bat,Sri Lanka
odis1411,bat,Sri Lanka
odis1412,bat,Zimbabwe
odis1413,bat,New Zealand
odis1414,bat,Zimbabwe
odis1415,field,Sri Lanka
odis1416,bat,Zimbabwe
odis1417,field,Sri Lanka
odis1418,bat,Zimbabwe
odis1419,bat,India
odis1420,bat,India
odis1421,field,Australia
odis1422,bat,Australia
odis1423,field,India
odis1424,field,Pakistan
odis1425,bat,Pakistan
odis1426,field,Australia
odis1427,bat,England
odis1428,bat,New Zealand
odis1429,bat,South Africa
odis1430,bat,South Africa
odis1431,bat,Australia
odis1432,field,Australia
odis1433,bat,England
odis1434,field,South Africa
odis1435,field,South Africa
odis1436,field,Australia
odis1437,field,Australia
odis1438,bat,West Indies
odis1439,bat,West Indies
odis1440,bat,South Africa
odis1441,bat,South Africa
odis1442,field,Australia
odis1443,bat,South Africa
odis1444,bat,Australia
odis1445,field,India
odis1446,field,West Indies
odis1447,field,India
odis1448,field,West Indies
odis1449,bat,Zimbabwe
odis1450,field,Ireland
odis1451,field,Australia
odis1452,field,England
odis1453,field,Australia
odis1454,field,England
odis1455,field,Pakistan
odis1456,field,South Africa
odis1457,bat,Sri Lanka
odis1458,bat,Australia
odis1459,field,England
odis1460,bat,England
odis1461,field,England
odis1462,field,Sri Lanka
odis1463,field,Scotland
odis1464,bat,Afghanistan
odis1465,field,Ireland
odis1466,bat,Afghanistan
odis1467,field,Afghanistan
odis1468,bat,South Africa
odis1469,field,United Arab Emirates
odis1470,bat,United Arab Emirates
odis1471,field,Ireland
odis1472,field,Australia
odis1473,bat,Sri Lanka
odis1474,bat,Pakistan
odis1475,bat,Pakistan
odis1476,bat,Sri Lanka
odis1477,bat,England
odis1478,bat,Sri Lanka
odis1479,bat,Sri Lanka
odis1480,bat,Pakistan
odis1481,field,Pakistan
odis1482,field,Hong Kong
odis1483,bat,Scotland
odis1484,bat,Sri Lanka
odis1485,field,Ireland
odis1486,bat,Bangladesh
odis1487,bat,Australia
odis1488,bat,Ireland
odis1489,field,Afghanistan
odis1490,field,South Africa
odis1491,field,West Indies
odis1492,bat,Bangladesh
odis1493,field,Australia
odis1494,bat,Pakistan
odis1495,bat,Australia
odis1496,bat,Pakistan
odis1497,bat,England
odis1498,bat,Australia
odis1499,field,England
odis1500,field,South Africa
odis1501,bat,South Africa
odis1502,field,England
odis1503,field,India
odis1504,field,New Zealand
odis1505,bat,New Zealand
odis1506,field,India
odis1507,field,South Africa
odis1508,field,India
odis1509,bat,New Zealand
odis1510,bat,New Zealand
odis1511,bat,India
odis1512,bat,Hong Kong
odis1513,bat,Papua New Guinea
odis1514,bat,Papua New Guinea
odis1515,bat,Sri Lanka
odis1516,bat,New Zealand
odis1517,bat,Pakistan
odis1518,field,Sri Lanka
odis1519,bat,Sri Lanka
odis1520,field,Sri Lanka
odis1521,bat,England
odis1522,field,New Zealand
odis1523,bat,South Africa
odis1524,bat,Zimbabwe
odis1525,bat,Australia
odis1526,bat,Zimbabwe
odis1527,field,West Indies
odis1528,bat,Zimbabwe
odis1529,bat,Zimbabwe
odis1530,field,South Africa
odis1531,bat,Australia
odis1532,field,New Zealand
odis1533,bat,Australia
odis1534,bat,New Zealand
odis1535,field,Bangladesh
odis1536,bat,Bangladesh
odis1537,bat,Australia
odis1538,field,India
odis1539,bat,Australia
odis1540,bat,South Africa
odis1541,field,England
odis1542,field,Australia
odis1543,bat,Bangladesh
odis1544,field,Hong Kong
odis1545,field,India
odis1546,bat,Australia
odis1547,bat,Scotland
odis1548,field,United Arab Emirates
odis1549,bat,Australia
odis1550,field,South Africa
odis1551,field,Australia
odis1552,field,Sri Lanka
odis1553,field,South Africa
odis1554,bat,New Zealand
odis1555,bat,South Africa
odis1556,bat,South Africa
odis1557,bat,India
odis1558,bat,Pakistan
odis1559,bat,Sri Lanka
odis1560,field,Sri Lanka
odis1561,bat,India
odis1562,bat,Bangladesh
odis1563,field,Bangladesh
odis1564,field,Sri Lanka
odis1565,field,South Africa
odis1566,bat,Afghanistan
odis1567,bat,Pakistan
odis1568,field,India
odis1569,bat,Sri Lanka
odis1570,bat,Afghanistan
odis1571,bat,Ireland
odis1572,field,Bangladesh
odis1573,field,India
odis1574,field,South Africa
odis1575,bat,Zimbabwe
odis1576,bat,South Africa
odis1577,field,South Africa
odis1578,bat,Afghanistan
odis1579,bat,South Africa
odis1580,bat,Afghanistan
odis1581,bat,Australia
odis1582,bat,South Africa
odis1583,field,United Arab Emirates
odis1584,field,Australia
odis1585,field,West Indies
odis1586,bat,United Arab Emirates
odis1587,field,South Africa
odis1588,field,Australia
odis1589,bat,West Indies
odis1590,field,West Indies
odis1591,bat,Afghanistan
odis1592,bat,Afghanistan
odis1593,bat,Afghanistan
odis1594,bat,Afghanistan
odis1595,bat,Ireland
odis1596,field,Sri Lanka
odis1597,bat,Sri Lanka
odis1598,field,Bangladesh
odis1599,bat,Papua New Guinea
odis1600,bat,United Arab Emirates
odis1601,field,West Indies
odis1602,field,West Indies
odis1603,bat,West Indies
odis1604,bat,Ireland
odis1605,field,India
odis1606,field,Ireland
odis1607,field,India
odis1608,bat,South Africa
odis1609,field,Ireland
odis1610,field,Ireland
odis1611,field,India
odis1612,field,New Zealand
odis1613,bat,South Africa
odis1614,field,Bangladesh
odis1615,field,India
odis1616,field,Ireland
odis1617,field,Bangladesh
odis1618,field,South Africa
odis1619,field,South Africa
odis1620,field,South Africa
odis1621,field,England
odis1622,bat,New Zealand
odis1623,field,Sri Lanka
odis1624,field,Pakistan
odis1625,bat,Bangladesh
odis1626,field,New Zealand
odis1627,bat,South Africa
odis1628,field,Sri Lanka
odis1629,bat,Afghanistan
odis1630,bat,New Zealand
odis1631,field,England
odis1632,bat,Afghanistan
odis1633,field,India
odis1634,field,Pakistan
odis1635,field,Pakistan
odis1636,bat,Scotland
odis1637,field,India
odis1638,bat,Scotland
odis1639,field,India
odis1640,field,West Indies
odis1641,field,England
odis1642,field,New Zealand
odis1643,field,West Indies
odis1644,field,South Africa
odis1645,bat,West Indies
odis1646,field,Pakistan
odis1647,field,Australia
odis1648,field,India
odis1649,bat,Sri Lanka
odis1650,field,West Indies
odis1651,field,Sri Lanka
odis1652,bat,West Indies
odis1653,field,South Africa
odis1654,bat,India
odis1655,bat,New Zealand
odis1656,bat,Sri Lanka
odis1657,bat,Australia
odis1658,bat,India
odis1659,bat,England
odis1660,field,Sri Lanka
odis1661,bat,West Indies
odis1662,field,New Zealand
odis1663,bat,Sri Lanka
odis1664,field,India
odis1665,bat,Pakistan
odis1666,field,Sri Lanka
odis1667,bat,England
odis1668,field,Zimbabwe
odis1669,field,Pakistan
odis1670,bat,England
odis1671,field,Australia
odis1672,bat,Sri Lanka
odis1673,bat,Sri Lanka
odis1674,field,New Zealand
odis1675,field,West Indies
odis1676,bat,Australia
odis1677,bat,South Africa
odis1678,bat,India
odis1679,bat,England
odis1680,field,India
odis1681,field,India
odis1682,bat,Sri Lanka
odis1683,bat,India
odis1684,bat,Sri Lanka
odis1685,bat,India
odis1686,bat,West Indies
odis1687,bat,India
odis1688,field,West Indies
odis1689,bat,Australia
odis1690,field,West Indies
odis1691,field,England
odis1692,bat,Australia
odis1693,field,England
odis1694,bat,Australia
odis1695,field,Sri Lanka
odis1696,bat,Bangladesh
odis1697,bat,Pakistan
odis1698,bat,Sri Lanka
odis1699,field,Bangladesh
odis1700,bat,Sri Lanka
odis1701,bat,India
odis1702,field,Australia
odis1703,bat,South Africa
odis1704,bat,Sri Lanka
odis1705,bat,New Zealand
odis1706,field,England
odis1707,field,New Zealand
odis1708,bat,New Zealand
odis1709,bat,Pakistan
odis1710,bat,New Zealand
odis1711,field,Ireland
odis1712,field,Papua New Guinea
odis1713,bat,Ireland
odis1714,bat,Afghanistan
odis1715,field,Sri Lanka
odis1716,field,Sri Lanka
odis1717,field,India
odis1718,field,New Zealand
odis1719,field,West Indies
odis1720,bat,New Zealand
odis1721,field,Pakistan
odis1722,bat,Pakistan
odis1723,field,Ireland
odis1724,bat,Ireland
odis1725,bat,New Zealand
odis1726,field,England
odis1727,field,Bangladesh
odis1728,field,Ireland
odis1729,bat,Pakistan
odis1730,field,Sri Lanka
odis1731,bat,Ireland
odis1732,bat,Bangladesh
odis1733,bat,New Zealand
odis1734,bat,Australia
odis1735,field,United Arab Emirates
odis1736,bat,Zimbabwe
odis1737,field,Australia
odis1738,bat,Scotland
odis1739,bat,Bangladesh
odis1740,bat,Bangladesh
odis1741,field,Australia
odis1742,bat,Sri Lanka
odis1743,field,Australia
odis1744,bat,South Africa
odis1745,field,India
odis1746,field,South Africa
odis1747,field,South Africa
odis1748,bat,Afghanistan
odis1749,bat,India
odis1750,bat,India
odis1751,bat,Zimbabwe
odis1752,bat,Zimbabwe
odis1753,field,South Africa
odis1754,bat,Zimbabwe
odis1755,field,India
odis1756,bat,Afghanistan
odis1757,field,New Zealand
odis1758,field,England
odis1759,field,New Zealand
odis1760,field,West Indies
odis1761,field,Papua New Guinea
odis1762,field,Scotland
odis1763,field,Scotland
odis1764,bat,Zimbabwe
odis1765,bat,West Indies
odis1766,field,Ireland
odis1767,field,New Zealand
odis1768,field,New Zealand
odis1769,field,Afghanistan
odis1770,bat,Papua New Guinea
odis1771,field,Hong Kong
odis1772,field,Ireland
odis1773,field,England
odis1774,field,West Indies
odis1775,bat,Zimbabwe
odis1776,field,United Arab Emirates
odis1777,bat,India
odis1778,bat,Scotland
odis1779,bat,West Indies
odis1780,field,India
odis1781,field,Ireland
odis1782,bat,Papua New Guinea
odis1783,field,Scotland
odis1784,bat,Zimbabwe
odis1785,bat,United Arab Emirates
odis1786,field,Scotland
odis1787,bat,Pakistan
odis1788,field,Zimbabwe
odis1789,bat,Ireland
odis1790,bat,Pakistan
odis1791,bat,West Indies
odis1792,bat,India
odis1793,bat,England
odis1794,bat,South Africa
odis1795,bat,Bangladesh
odis1796,field,South Africa
odis1797,bat,South Africa
odis1798,field,South Africa
odis1799,bat,England
odis1800,bat,New Zealand
odis1801,field,South Africa
odis1802,bat,Australia
odis1803,bat,South Africa
odis1804,field,Australia
odis1805,field,Australia
odis1806,bat,Australia
odis1807,bat,Australia
odis1808,bat,England
odis1809,bat,England
odis1810,field,India
odis1811,field,Zimbabwe
odis1812,bat,England
odis1813,bat,England
odis1814,bat,Zimbabwe
odis1815,field,England
odis1816,bat,Zimbabwe
odis1817,bat,Pakistan
odis1818,bat,Bangladesh
odis1819,bat,Pakistan
odis1820,field,Bangladesh
odis1821,bat,Bangladesh
odis1822,bat,Sri Lanka
odis1823,bat,Sri Lanka
odis1824,field,Sri Lanka
odis1825,field,South Africa
odis1826,bat,Sri Lanka
odis1827,field,Ireland
odis1828,bat,Afghanistan
odis1829,field,Nepal
odis1830,bat,Ireland
odis1831,bat,Sri Lanka
odis1832,bat,India
odis1833,bat,Bangladesh
odis1834,field,Sri Lanka
odis1835,field,West Indies
odis1836,bat,Hong Kong
odis1837,bat,Afghanistan
odis1838,field,Hong Kong
odis1839,bat,Pakistan
odis1840,bat,Afghanistan
odis1841,bat,Afghanistan
odis1842,field,India
odis1843,bat,West Indies
odis1844,bat,Bangladesh
odis1845,bat,Pakistan
odis1846,bat,Afghanistan
odis1847,bat,Bangladesh
odis1848,field,India
odis1849,field,South Africa
odis1850,bat,South Africa
odis1851,bat,Zimbabwe
odis1852,field,Sri Lanka
odis1853,field,Sri Lanka
odis1854,field,England
odis1855,bat,Pakistan
odis1856,bat,Australia
odis1857,field,England
odis1858,field,India
odis1859,bat,Bangladesh
odis1860,bat,Australia
odis1861,bat,Sri Lanka
odis1862,bat,India
odis1863,field,Bangladesh
odis1864,field,Bangladesh
odis1865,field,India
odis1866,bat,India
odis1867,bat,West Indies
odis1868,field,South Africa
odis1869,bat,New Zealand
odis1870,bat,New Zealand
odis1871,field,South Africa
odis1872,bat,Pakistan
odis1873,field,Australia
odis1874,bat,West Indies
odis1875,field,West Indies
odis1876,field,Bangladesh
odis1877,bat,New Zealand
odis1878,bat,New Zealand
odis1879,field,Sri Lanka
odis1880,bat,Australia
odis1881,bat,Australia
odis1882,field,India
odis1883,bat,South Africa
odis1884,field,South Africa
odis1885,bat,New Zealand
odis1886,field,India
odis1887,field,United Arab Emirates
odis1888,bat,Pakistan
odis1889,bat,Nepal
odis1890,bat,India
odis1891,field,Pakistan
odis1892,field,Nepal
odis1893,bat,New Zealand
odis1894,field,India
odis1895,field,South Africa
odis1896,field,New Zealand
odis1897,field,New Zealand
odis1898,bat,India
odis1899,bat,West Indies
odis1900,bat,Pakistan
odis1901,field,Sri Lanka
odis1902,bat,Bangladesh
odis1903,field,Sri Lanka
odis1904,field,New Zealand
odis1905,bat,Sri Lanka
odis1906,bat,West Indies
odis1907,field,Bangladesh
odis1908,field,England
odis1909,field,England
odis1910,field,New Zealand
odis1911,field,New Zealand
odis1912,bat,England
odis1913,field,West Indies
odis1914,bat,India
odis1915,bat,Ireland
odis1916,bat,Australia
odis1917,bat,Afghanistan
odis1918,field,West Indies
odis1919,bat,New Zealand
odis1920,field,South Africa
odis1921,field,Australia
odis1922,bat,Afghanistan
odis1923,field,Sri Lanka
odis1924,field,India
odis1925,field,Ireland
odis1926,bat,India
odis1927,field,Ireland
odis1928,field,Sri Lanka
odis1929,bat,Australia
odis1930,field,South Africa
odis1931,field,Sri Lanka
odis1932,bat,Sri Lanka
odis1933,bat,Sri Lanka
odis1934,bat,Sri Lanka
odis1935,bat,Pakistan
odis1936,bat,Pakistan
odis1937,bat,Australia
odis1938,field,Pakistan
odis1939,field,Pakistan
odis1940,field,Zimbabwe
odis1941,field,Zimbabwe
odis1942,bat,United Arab Emirates
odis1943,bat,Namibia
odis1944,field,Papua New Guinea
odis1945,field,England
odis1946,field,Ireland
odis1947,field,Pakistan
odis1948,bat,West Indies
odis1949,field,England
odis1950,field,South Africa
odis1951,bat,Scotland
odis1952,bat,Ireland
odis1953,field,Pakistan
odis1954,field,Pakistan
odis1955,bat,West Indies
odis1956,field,England
odis1957,bat,Ireland
odis1958,field,Bangladesh
odis1959,field,England
odis1960,field,Afghanistan
odis1961,bat,England
odis1962,field,Scotland
odis1963,field,Ireland
odis1964,field,South Africa
odis1965,field,West Indies
odis1966,bat,Afghanistan
odis1967,field,New Zealand
odis1968,field,South Africa
odis1969,field,England
odis1970,field,Afghanistan
odis1971,field,New Zealand
odis1972,bat,South Africa
odis1973,bat,England
odis1974,field,West Indies
odis1975,field,New Zealand
odis1976,field,Bangladesh
odis1977,bat,England
odis1978,bat,India
odis1979,field,West Indies
odis1980,field,Pakistan
odis1981,field,West Indies
odis1982,field,England
odis1983,field,South Africa
odis1984,field,Sri Lanka
odis1985,field,Pakistan
odis1986,field,Bangladesh
odis1987,bat,England
odis1988,bat,Zimbabwe
odis1989,field,New Zealand
odis1990,bat,Australia
odis1991,bat,Zimbabwe
odis1992,bat,Sri Lanka
odis1993,field,West Indies
odis1994,bat,India
odis1995,bat,Pakistan
odis1996,field,Afghanistan
odis1997,field,England
odis1998,bat,New Zealand
odis1999,bat,India
odis2000,field,South Africa
odis2001,bat,Australia
odis2002,bat,Afghanistan
odis2003,bat,England
odis2004,field,Ireland
odis2005,field,West Indies
odis2006,field,Australia
odis2007,bat,India
odis2008,bat,England
odis2009,field,Zimbabwe
odis2010,bat,England
odis2011,bat,West Indies
odis2012,bat,Pakistan
odis2013,bat,South Africa
odis2014,bat,Sri Lanka
odis2015,bat,Zimbabwe
odis2016,field,England
odis2017,bat,New Zealand
odis2018,bat,Australia
odis2019,bat,New Zealand
odis2020,bat,Sri Lanka
odis2021,bat,Bangladesh
odis2022,bat,Sri Lanka
odis2023,field,India
odis2024,bat,India
odis2025,field,Oman
odis2026,bat,West Indies
odis2027,bat,Scotland
odis2028,field,Scotland
odis2029,field,Oman
odis2030,field,Papua New Guinea
odis2031,field,Oman
odis2032,bat,West Indies
odis2033,bat,United States of America
odis2034,bat,Namibia
odis2035,bat,United States of America
odis2036,bat,Papua New Guinea
odis2037,bat,Namibia
odis2038,bat,Pakistan
odis2039,bat,Sri Lanka
odis2040,bat,Australia
odis2041,bat,Australia
odis2042,bat,South Africa
odis2043,bat,Sri Lanka
odis2044,field,India
odis2045,bat,India
odis2046,bat,India
odis2047,bat,West Indies
odis2048,field,West Indies
odis2049,field,Afghanistan
odis2050,field,West Indies
odis2051,bat,United Arab Emirates
odis2052,bat,England
odis2053,bat,United States of America
odis2054,bat,England
odis2055,field,United Arab Emirates
odis2056,field,England
odis2057,field,Scotland
odis2058,field,United Arab Emirates
odis2059,field,West Indies
odis2060,field,West Indies
odis2061,field,India
odis2062,field,Oman
odis2063,field,Namibia
odis2064,bat,Ireland
odis2065,bat,Namibia
odis2066,bat,Namibia
odis2067,bat,Ireland
odis2068,field,West Indies
odis2069,field,Australia
odis2070,field,Australia
odis2071,bat,Australia
odis2072,field,South Africa
odis2073,bat,New Zealand
odis2074,field,South Africa
odis2075,field,South Africa
odis2076,field,Nepal
odis2077,field,New Zealand
odis2078,field,Oman
odis2079,field,England
odis2080,field,United States of America
odis2081,field,India
odis2082,field,Oman
odis2083,field,England
odis2084,field,United States of America
odis2085,field,New Zealand
odis2086,field,Nepal
odis2087,field,Sri Lanka
odis2088,field,West Indies
odis2089,bat,South Africa
odis2090,bat,Bangladesh
odis2091,bat,Sri Lanka
odis2092,bat,Bangladesh
odis2093,bat,Australia
odis2094,field,Zimbabwe
odis2095,field,South Africa
odis2096,bat,Australia
odis2097,field,England
odis2098,bat,Ireland
odis2099,field,Ireland
odis2100,field,England
odis2101,bat,England
odis2102,bat,England
odis2103,field,Australia
odis2104,field,Australia
odis2105,field,New Zealand
odis2106,bat,Pakistan
odis2107,bat,Zimbabwe
odis2108,bat,Zimbabwe
odis2109,bat,Australia
odis2110,bat,Australia
odis2111,bat,India
odis2112,bat,Ireland
odis2113,field,United Arab Emirates
odis2114,field,Pakistan
odis2115,field,Bangladesh
odis2116,bat,Afghanistan
odis2117,bat,West Indies
odis2118,field,Pakistan
odis2119,bat,Ireland
odis2120,field,West Indies
odis2121,field,Pakistan
odis2122,field,Ireland
odis2123,bat,New Zealand
odis2124,bat,New Zealand
odis2125,bat,England
odis2126,field,South Africa
odis2127,field,India
odis2128,bat,Sri Lanka
odis2129,field,South Africa
odis2130,field,West Indies
odis2131,field,South Africa
odis2132,field,West Indies
odis2133,field,South Africa
odis2134,field,New Zealand
odis2135,field,England
odis2136,field,New Zealand
odis2137,field,England
odis2138,bat,New Zealand
odis2139,field,England
odis2140,field,Pakistan
odis2141,field,Pakistan
odis2142,field,Australia
odis2143,field,South Africa
odis2144,field,New Zealand
odis2145,field,New Zealand
odis2146,bat,Netherlands
odis2147,bat,Netherlands
odis2148,bat,Bangladesh
odis2149,bat,Bangladesh
odis2150,bat,Sri Lanka
odis2151,bat,Netherlands
odis2152,bat,Netherlands
odis2153,bat,Ireland
odis2154,field,England
odis2155,field,England
odis2156,field,England
odis2157,field,England
odis2158,field,India
odis2159,field,England
odis2160,field,West Indies
odis2161,field,England
odis2162,bat,Pakistan
odis2163,field,Pakistan
odis2164,field,South Africa
odis2165,field,West Indies
odis2166,field,South Africa
odis2167,field,England
odis2168,field,Pakistan
odis2169,field,Zimbabwe
odis2170,bat,South Africa
odis2171,bat,Zimbabwe
odis2172,field,West Indies
odis2173,bat,Sri Lanka
odis2174,field,Bangladesh
odis2175,bat,Australia
odis2176,bat,Sri Lanka
odis2177,bat,Australia
odis2178,bat,India
odis2179,bat,West Indies
odis2180,bat,Sri Lanka
odis2181,bat,South Africa
odis2182,bat,Papua New Guinea
odis2183,bat,Papua New Guinea
odis2184,bat,West Indies
odis2185,bat,Sri Lanka
odis2186,field,Ireland
odis2187,field,Papua New Guinea
odis2188,bat,Nepal
odis2189,bat,West Indies
odis2190,field,Zimbabwe
odis2191,bat,United States of America
odis2192,field,South Africa
odis2193,field,Ireland
odis2194,bat,Nepal
odis2195,field,Oman
odis2196,field,West Indies
odis2197,field,New Zealand
odis2198,field,United States of America
odis2199,field,Nepal
odis2200,bat,West Indies
odis2201,field,New Zealand
odis2202,field,United States of America
odis2203,field,Australia
odis2204,field,New Zealand
odis2205,field,England
odis2206,field,Australia
odis2207,field,Scotland
odis2208,field,Papua New Guinea
odis2209,bat,Australia
odis2210,field,New Zealand
odis2211,bat,Scotland
odis2212,bat,Papua New Guinea
odis2213,bat,Papua New Guinea
odis2214,bat,Scotland
odis2215,field,Zimbabwe
odis2216,field,Zimbabwe
odis2217,bat,Zimbabwe
odis2218,field,Zimbabwe
odis2219,field,Pakistan
odis2220,field,Pakistan
odis2221,field,West Indies
odis2222,bat,Zimbabwe
odis2223,field,Bangladesh
odis2224,field,Oman
odis2225,field,Netherlands
odis2226,field,Zimbabwe
odis2227,field,Ireland
odis2228,field,Ireland
odis2229,bat,Zimbabwe
odis2230,field,Ireland
odis2231,bat,Zimbabwe
odis2232,bat,South Africa
odis2233,field,Netherlands
odis2234,bat,Sri Lanka
odis2235,bat,India
odis2236,bat,Afghanistan
odis2237,field,India
odis2238,bat,Afghanistan
odis2239,field,South Africa
odis2240,field,West Indies
odis2241,bat,South Africa
odis2242,field,England
odis2243,field,United Arab Emirates
odis2244,field,United Arab Emirates
odis2245,field,India
odis2246,bat,West Indies
odis2247,field,Australia
odis2248,field,United Arab Emirates
odis2249,bat,England
odis2250,field,West Indies
odis2251,bat,India
odis2252,field,India
odis2253,bat,India
odis2254,field,New Zealand
odis2255,field,India
odis2256,bat,Afghanistan
odis2257,bat,New Zealand
odis2258,bat,Bangladesh
odis2259,bat,Bangladesh
odis2260,field,New Zealand
