key_id,by_type,by_margin,bowl_out,eliminator,method,result,winner
t20s0001,runs,39.0,,,,,Namibia
t20s0002,runs,44.0,,,,,Australia
t20s0003,runs,100.0,,,,,England
t20s0004,wickets,5.0,,,,,New Zealand
t20s0005,runs,95.0,,,,,Australia
t20s0006,,,New Zealand,,,tie,
t20s0007,runs,2.0,,,,,South Africa
t20s0008,runs,2.0,,,,,Sri Lanka
t20s0009,wickets,5.0,,,,,Pakistan
t20s0010,wickets,6.0,,,,,India
t20s0011,runs,18.0,,,D/L,,Sri Lanka
t20s0012,wickets,5.0,,,,,New Zealand
t20s0013,runs,77.0,,,,,Australia
t20s0014,runs,15.0,,,,,West Indies
t20s0015,wickets,5.0,,,,,England
t20s0016,wickets,5.0,,,,,Bangladesh
t20s0017,runs,30.0,,,,,Pakistan
t20s0018,wickets,8.0,,,,,Pakistan
t20s0019,wickets,8.0,,,,,South Africa
t20s0020,wickets,5.0,,,,,Zimbabwe
t20s0021,runs,51.0,,,,,Pakistan
t20s0022,wickets,9.0,,,,,New Zealand
t20s0023,runs,50.0,,,,,England
t20s0024,wickets,6.0,,,,,Bangladesh
t20s0025,,,India,,,tie,
t20s0026,wickets,8.0,,,,,Australia
t20s0027,runs,172.0,,,,,Sri Lanka
t20s0028,wickets,7.0,,,,,South Africa
t20s0029,wickets,7.0,,,,,Sri Lanka
t20s0030,runs,19.0,,,,,South Africa
t20s0031,wickets,9.0,,,,,Australia
t20s0032,runs,10.0,,,,,New Zealand
t20s0033,runs,33.0,,,,,Pakistan
t20s0034,runs,64.0,,,,,Sri Lanka
t20s0035,wickets,6.0,,,,,Pakistan
t20s0036,runs,5.0,,,,,New Zealand
t20s0037,runs,18.0,,,,,India
t20s0038,wickets,6.0,,,,,South Africa
t20s0039,runs,37.0,,,,,India
t20s0040,wickets,4.0,,,,,Pakistan
t20s0041,wickets,10.0,,,,,Australia
t20s0042,runs,15.0,,,,,India
t20s0043,wickets,6.0,,,,,Pakistan
t20s0044,runs,5.0,,,,,India
t20s0045,wickets,7.0,,,,,India
t20s0046,wickets,3.0,,,,,South Africa
t20s0047,runs,54.0,,,,,Australia
t20s0048,wickets,5.0,,,,,West Indies
t20s0049,wickets,4.0,,,,,South Africa
t20s0050,wickets,9.0,,,,,Australia
t20s0051,runs,32.0,,,,,England
t20s0052,runs,50.0,,,,,England
t20s0053,runs,102.0,,,,,Pakistan
t20s0054,wickets,9.0,,,,,England
t20s0055,wickets,7.0,,,,,West Indies
t20s0056,wickets,8.0,,,,,Scotland
t20s0057,wickets,5.0,,,,,Netherlands
t20s0058,wickets,4.0,,,,,Ireland
t20s0059,wickets,3.0,,,,,Pakistan
t20s0060,wickets,5.0,,,,,Sri Lanka
t20s0061,runs,12.0,,,D/L,,South Africa
t20s0062,,,,West Indies,,tie,
t20s0063,runs,36.0,,,,,New Zealand
t20s0064,runs,52.0,,,,,Australia
t20s0065,wickets,6.0,,,,,Australia
t20s0066,wickets,3.0,,,,,India
t20s0067,runs,1.0,,,,,Australia
t20s0068,wickets,7.0,,,,,New Zealand
t20s0069,wickets,5.0,,,,,New Zealand
t20s0070,wickets,6.0,,,,,West Indies
t20s0071,wickets,4.0,,,,,South Africa
t20s0072,runs,17.0,,,,,South Africa
t20s0073,wickets,7.0,,,,,Pakistan
t20s0074,wickets,4.0,,,,,Netherlands
t20s0075,runs,25.0,,,,,India
t20s0076,wickets,7.0,,,,,West Indies
t20s0077,wickets,7.0,,,,,New Zealand
t20s0078,runs,48.0,,,,,England
t20s0079,runs,130.0,,,,,South Africa
t20s0080,wickets,6.0,,,,,Sri Lanka
t20s0081,wickets,6.0,,,,,Ireland
t20s0082,runs,1.0,,,,,South Africa
t20s0083,runs,82.0,,,,,Pakistan
t20s0084,runs,15.0,,,,,Sri Lanka
t20s0085,wickets,8.0,,,,,India
t20s0086,wickets,7.0,,,,,South Africa
t20s0087,runs,83.0,,,,,New Zealand
t20s0088,wickets,7.0,,,,,West Indies
t20s0089,runs,19.0,,,,,Sri Lanka
t20s0090,wickets,6.0,,,,,Pakistan
t20s0091,runs,20.0,,,,,South Africa
t20s0092,runs,3.0,,,,,England
t20s0093,runs,9.0,,,,,Sri Lanka
t20s0094,runs,39.0,,,,,Pakistan
t20s0095,wickets,5.0,,,D/L,,West Indies
t20s0096,runs,12.0,,,,,South Africa
t20s0097,runs,48.0,,,,,Sri Lanka
t20s0098,runs,7.0,,,,,Pakistan
t20s0099,runs,52.0,,,,,New Zealand
t20s0100,runs,57.0,,,,,Sri Lanka
t20s0101,wickets,8.0,,,,,England
t20s0102,wickets,8.0,,,,,Pakistan
t20s0103,runs,34.0,,,,,Australia
t20s0104,wickets,5.0,,,,,West Indies
t20s0105,runs,52.0,,,,,Pakistan
t20s0106,,,,,,no result,
t20s0107,runs,3.0,,,,,New Zealand
t20s0108,runs,22.0,,,,,New Zealand
t20s0109,runs,2.0,,,,,West Indies
t20s0110,runs,49.0,,,,,Pakistan
t20s0111,runs,7.0,,,,,Pakistan
t20s0112,runs,1.0,,,D/L,,England
t20s0113,runs,84.0,,,,,South Africa
t20s0114,runs,29.0,,,,,Sri Lanka
t20s0115,wickets,6.0,,,,,India
t20s0116,wickets,10.0,,,,,New Zealand
t20s0117,runs,2.0,,,,,Australia
t20s0118,wickets,6.0,,,,,Netherlands
t20s0119,runs,13.0,,,,,Afghanistan
t20s0120,wickets,9.0,,,,,Kenya
t20s0121,runs,37.0,,,,,Ireland
t20s0122,wickets,4.0,,,,,Netherlands
t20s0123,wickets,8.0,,,,,Afghanistan
t20s0124,runs,65.0,,,,,Ireland
t20s0125,wickets,7.0,,,,,England
t20s0126,wickets,4.0,,,,,Pakistan
t20s0127,runs,38.0,,,,,Australia
t20s0128,wickets,8.0,,,,,Australia
t20s0129,wickets,6.0,,,,,Australia
t20s0130,runs,26.0,,,,,Zimbabwe
t20s0131,,,,New Zealand,,tie,
t20s0132,wickets,2.0,,,,,New Zealand
t20s0133,runs,70.0,,,,,West Indies
t20s0134,runs,21.0,,,,,Pakistan
t20s0135,wickets,7.0,,,,,India
t20s0136,runs,34.0,,,,,Australia
t20s0137,runs,14.0,,,,,India
t20s0138,runs,14.0,,,D/L,,Sri Lanka
t20s0139,wickets,8.0,,,D/L,,West Indies
t20s0140,runs,7.0,,,D/L,,New Zealand
t20s0141,,,,,,no result,
t20s0142,runs,27.0,,,,,Australia
t20s0143,runs,59.0,,,,,South Africa
t20s0144,runs,13.0,,,,,South Africa
t20s0145,wickets,6.0,,,,,England
t20s0146,runs,57.0,,,,,Sri Lanka
t20s0147,runs,49.0,,,,,Australia
t20s0148,runs,39.0,,,,,England
t20s0149,runs,1.0,,,,,New Zealand
t20s0150,runs,81.0,,,,,Australia
t20s0151,runs,14.0,,,,,West Indies
t20s0152,wickets,3.0,,,,,England
t20s0153,runs,11.0,,,,,Pakistan
t20s0154,wickets,6.0,,,,,Australia
t20s0155,wickets,5.0,,,,,Sri Lanka
t20s0156,wickets,7.0,,,,,Australia
t20s0157,wickets,7.0,,,,,England
t20s0158,runs,56.0,,,,,New Zealand
t20s0159,wickets,3.0,,,,,Australia
t20s0160,runs,3.0,,,,,Australia
t20s0161,wickets,7.0,,,,,England
t20s0162,runs,13.0,,,,,South Africa
t20s0163,runs,1.0,,,,,South Africa
t20s0164,runs,28.0,,,,,New Zealand
t20s0165,wickets,7.0,,,,,Sri Lanka
t20s0166,wickets,6.0,,,,,India
t20s0167,wickets,7.0,,,,,India
t20s0168,runs,23.0,,,,,Pakistan
t20s0169,runs,11.0,,,,,Pakistan
t20s0170,wickets,5.0,,,,,England
t20s0171,wickets,6.0,,,,,England
t20s0172,wickets,7.0,,,,,South Africa
t20s0173,runs,8.0,,,,,South Africa
t20s0174,wickets,6.0,,,,,South Africa
t20s0175,wickets,6.0,,,,,South Africa
t20s0176,wickets,7.0,,,,,Sri Lanka
t20s0177,wickets,5.0,,,,,New Zealand
t20s0178,runs,39.0,,,,,New Zealand
t20s0179,wickets,4.0,,,,,Australia
t20s0180,runs,103.0,,,,,Pakistan
t20s0181,runs,21.0,,,,,India
t20s0182,wickets,1.0,,,,,England
t20s0183,runs,4.0,,,,,Australia
t20s0184,runs,7.0,,,,,West Indies
t20s0185,runs,16.0,,,,,India
t20s0186,wickets,9.0,,,,,Sri Lanka
t20s0187,runs,46.0,,,,,England
t20s0188,runs,35.0,,,,,Sri Lanka
t20s0189,runs,8.0,,,,,Sri Lanka
t20s0190,wickets,6.0,,,,,England
t20s0191,runs,85.0,,,,,Pakistan
t20s0192,runs,5.0,,,,,Pakistan
t20s0193,wickets,10.0,,,,,England
t20s0194,runs,25.0,,,,,West Indies
t20s0195,wickets,3.0,,,,,Bangladesh
t20s0196,wickets,5.0,,,,,Australia
t20s0197,wickets,10.0,,,,,New Zealand
t20s0198,wickets,3.0,,,,,South Africa
t20s0199,runs,34.0,,,D/L,,New Zealand
t20s0200,,,,,,no result,
t20s0201,wickets,6.0,,,,,England
t20s0202,wickets,5.0,,,,,Pakistan
t20s0203,runs,50.0,,,,,Pakistan
t20s0204,runs,31.0,,,,,Australia
t20s0205,wickets,8.0,,,,,India
t20s0206,wickets,7.0,,,,,New Zealand
t20s0207,wickets,5.0,,,,,New Zealand
t20s0208,wickets,6.0,,,,,England
t20s0209,wickets,6.0,,,,,New Zealand
t20s0210,runs,48.0,,,,,England
t20s0211,wickets,8.0,,,,,South Africa
t20s0212,wickets,6.0,,,,,Ireland
t20s0213,runs,10.0,,,D/L,,England
t20s0214,runs,3.0,,,,,South Africa
t20s0215,wickets,8.0,,,,,Ireland
t20s0216,runs,8.0,,,,,Pakistan
t20s0217,runs,2.0,,,,,Ireland
t20s0218,runs,38.0,,,,,England
t20s0219,runs,5.0,,,,,England
t20s0220,runs,42.0,,,,,Netherlands
t20s0221,wickets,4.0,,,,,Afghanistan
t20s0222,wickets,10.0,,,,,Ireland
t20s0223,runs,41.0,,,,,Afghanistan
t20s0224,runs,17.0,,,,,Ireland
t20s0225,wickets,10.0,,,,,Ireland
t20s0226,wickets,4.0,,,,,Scotland
t20s0227,wickets,7.0,,,,,Ireland
t20s0228,wickets,5.0,,,,,Ireland
t20s0229,wickets,8.0,,,,,Australia
t20s0230,runs,11.0,,,D/L,,South Africa
t20s0231,runs,14.0,,,,,West Indies
t20s0232,runs,37.0,,,,,Sri Lanka
t20s0233,runs,23.0,,,,,Pakistan
t20s0234,wickets,7.0,,,,,England
t20s0235,runs,33.0,,,,,England
t20s0236,wickets,8.0,,,,,England
t20s0237,runs,56.0,,,,,West Indies
t20s0238,runs,61.0,,,,,West Indies
t20s0239,runs,71.0,,,,,Bangladesh
t20s0240,wickets,8.0,,,,,Bangladesh
t20s0241,wickets,1.0,,,,,Netherlands
t20s0242,runs,39.0,,,,,India
t20s0243,wickets,7.0,,,,,England
t20s0244,wickets,7.0,,,,,Pakistan
t20s0245,runs,81.0,,,,,England
t20s0246,,,,Pakistan,,tie,
t20s0247,wickets,8.0,,,,,England
t20s0248,wickets,7.0,,,,,South Africa
t20s0249,runs,94.0,,,,,Australia
t20s0250,runs,28.0,,,,,England
t20s0251,,,,,,no result,
t20s0252,runs,1.0,,,,,New Zealand
t20s0253,runs,28.0,,,,,England
t20s0254,runs,10.0,,,,,England
t20s0255,runs,84.0,,,,,England
t20s0256,wickets,3.0,,,,,West Indies
t20s0257,runs,82.0,,,,,Sri Lanka
t20s0258,runs,23.0,,,,,India
t20s0259,wickets,7.0,,,,,Australia
t20s0260,wickets,10.0,,,,,South Africa
t20s0261,runs,116.0,,,,,England
t20s0262,runs,59.0,,,,,New Zealand
t20s0263,runs,17.0,,,D/L,,Australia
t20s0264,runs,32.0,,,,,South Africa
t20s0265,runs,90.0,,,,,India
t20s0266,runs,13.0,,,,,Pakistan
t20s0267,,,,,,no result,
t20s0268,wickets,8.0,,,,,Pakistan
t20s0269,wickets,7.0,,,,,West Indies
t20s0270,wickets,6.0,,,,,South Africa
t20s0271,wickets,8.0,,,,,Australia
t20s0272,runs,43.0,,,,,England
t20s0273,runs,15.0,,,,,West Indies
t20s0274,,,,Sri Lanka,,tie,
t20s0275,runs,5.0,,,D/L,,Sri Lanka
t20s0276,runs,22.0,,,,,New Zealand
t20s0277,wickets,9.0,,,,,Australia
t20s0278,wickets,2.0,,,,,Pakistan
t20s0279,wickets,9.0,,,,,England
t20s0280,runs,25.0,,,D/L,,Australia
t20s0281,wickets,9.0,,,,,Sri Lanka
t20s0282,wickets,6.0,,,,,England
t20s0283,wickets,8.0,,,,,New Zealand
t20s0284,wickets,10.0,,,,,West Indies
t20s0285,wickets,8.0,,,,,India
t20s0286,wickets,8.0,,,,,Australia
t20s0287,wickets,7.0,,,,,England
t20s0288,runs,1.0,,,,,Pakistan
t20s0289,runs,19.0,,,,,Sri Lanka
t20s0290,,,,West Indies,,tie,
t20s0291,runs,1.0,,,,,India
t20s0292,runs,32.0,,,,,Pakistan
t20s0293,wickets,9.0,,,,,India
t20s0294,wickets,7.0,,,,,England
t20s0295,runs,16.0,,,,,Sri Lanka
t20s0296,runs,28.0,,,,,Australia
t20s0297,runs,74.0,,,,,West Indies
t20s0298,runs,4.0,,,,,Australia
t20s0299,runs,36.0,,,,,West Indies
t20s0300,wickets,8.0,,,,,India
t20s0301,runs,5.0,,,,,Bangladesh
t20s0302,wickets,6.0,,,,,Pakistan
t20s0303,,,,,,no result,
t20s0304,runs,18.0,,,,,India
t20s0305,runs,18.0,,,,,West Indies
t20s0306,wickets,5.0,,,,,India
t20s0307,wickets,8.0,,,,,South Africa
t20s0308,wickets,6.0,,,,,England
t20s0309,wickets,8.0,,,D/L,,New Zealand
t20s0310,wickets,5.0,,,,,Pakistan
t20s0311,runs,33.0,,,,,South Africa
t20s0312,runs,11.0,,,,,India
t20s0313,wickets,8.0,,,,,West Indies
t20s0314,wickets,6.0,,,,,West Indies
t20s0315,wickets,5.0,,,,,Sri Lanka
t20s0316,runs,2.0,,,D/L,,Sri Lanka
t20s0317,runs,40.0,,,,,England
t20s0318,runs,55.0,,,,,New Zealand
t20s0319,runs,27.0,,,,,West Indies
t20s0320,wickets,10.0,,,,,England
t20s0321,wickets,8.0,,,,,West Indies
t20s0322,wickets,6.0,,,,,West Indies
t20s0323,runs,41.0,,,,,West Indies
t20s0324,runs,27.0,,,,,Afghanistan
t20s0325,runs,95.0,,,,,Pakistan
t20s0326,wickets,7.0,,,,,Afghanistan
t20s0327,runs,34.0,,,,,West Indies
t20s0328,runs,7.0,,,,,West Indies
t20s0329,wickets,5.0,,,,,Canada
t20s0330,runs,21.0,,,,,Kenya
t20s0331,runs,17.0,,,,,Sri Lanka
t20s0332,wickets,5.0,,,,,Kenya
t20s0333,wickets,7.0,,,,,Kenya
t20s0334,runs,6.0,,,,,Zimbabwe
t20s0335,runs,34.0,,,,,Bangladesh
t20s0336,runs,5.0,,,,,New Zealand
t20s0337,,,,,,no result,
t20s0338,runs,1.0,,,,,Pakistan
t20s0339,runs,70.0,,,,,England
t20s0340,runs,38.0,,,,,Pakistan
t20s0341,wickets,2.0,,,,,Pakistan
t20s0342,runs,11.0,,,,,Pakistan
t20s0343,wickets,9.0,,,,,Pakistan
t20s0344,,,,,,no result,
t20s0345,runs,12.0,,,,,South Africa
t20s0346,runs,22.0,,,,,South Africa
t20s0347,wickets,6.0,,,,,Sri Lanka
t20s0348,runs,25.0,,,,,Pakistan
t20s0349,runs,19.0,,,,,Pakistan
t20s0350,runs,15.0,,,,,England
t20s0351,wickets,5.0,,,,,England
t20s0352,runs,39.0,,,,,Australia
t20s0353,wickets,7.0,,,,,England
t20s0354,runs,27.0,,,,,England
t20s0355,wickets,9.0,,,,,South Africa
t20s0356,runs,3.0,,,,,South Africa
t20s0357,runs,106.0,,,,,Afghanistan
t20s0358,wickets,6.0,,,,,India
t20s0359,runs,34.0,,,,,Kenya
t20s0360,wickets,7.0,,,,,South Africa
t20s0361,runs,20.0,,,,,Sri Lanka
t20s0362,wickets,5.0,,,,,South Africa
t20s0363,runs,15.0,,,,,New Zealand
t20s0364,wickets,9.0,,,,,South Africa
t20s0365,wickets,7.0,,,,,Netherlands
t20s0366,runs,6.0,,,,,South Africa
t20s0367,runs,17.0,,,,,Afghanistan
t20s0368,runs,2.0,,,,,Ireland
t20s0369,runs,92.0,,,,,Kenya
t20s0370,runs,4.0,,,D/L,,South Africa
t20s0371,wickets,8.0,,,,,Sri Lanka
t20s0372,runs,6.0,,,,,Pakistan
t20s0373,runs,15.0,,,,,Scotland
t20s0374,runs,29.0,,,,,Netherlands
t20s0375,runs,34.0,,,,,Afghanistan
t20s0376,runs,21.0,,,,,Kenya
t20s0377,wickets,8.0,,,,,Netherlands
t20s0378,runs,68.0,,,,,Ireland
t20s0379,wickets,6.0,,,,,Pakistan
t20s0380,wickets,3.0,,,,,Pakistan
t20s0381,runs,24.0,,,,,Sri Lanka
t20s0382,runs,81.0,,,,,New Zealand
t20s0383,wickets,4.0,,,,,New Zealand
t20s0384,wickets,6.0,,,,,Ireland
t20s0385,wickets,6.0,,,,,Pakistan
t20s0386,runs,46.0,,,,,South Africa
t20s0387,wickets,7.0,,,,,Pakistan
t20s0388,runs,13.0,,,,,Australia
t20s0389,wickets,7.0,,,,,Australia
t20s0390,wickets,8.0,,,,,Australia
t20s0391,wickets,7.0,,,,,Australia
t20s0392,runs,84.0,,,,,Australia
t20s0393,runs,2.0,,,,,Sri Lanka
t20s0394,wickets,3.0,,,,,Sri Lanka
t20s0395,wickets,6.0,,,,,Ireland
t20s0396,runs,11.0,,,,,West Indies
t20s0397,runs,27.0,,,,,West Indies
t20s0398,wickets,5.0,,,,,West Indies
t20s0399,wickets,5.0,,,,,Australia
t20s0400,runs,5.0,,,,,England
t20s0401,wickets,6.0,,,,,Australia
t20s0402,runs,80.0,,,,,Nepal
t20s0403,wickets,9.0,,,,,Bangladesh
t20s0404,wickets,6.0,,,,,Netherlands
t20s0405,wickets,3.0,,,,,Ireland
t20s0406,wickets,8.0,,,,,Bangladesh
t20s0407,wickets,7.0,,,,,Afghanistan
t20s0408,runs,21.0,,,D/L,,Ireland
t20s0409,wickets,5.0,,,,,Zimbabwe
t20s0410,wickets,2.0,,,,,Hong Kong
t20s0411,runs,9.0,,,,,Nepal
t20s0412,wickets,7.0,,,,,India
t20s0413,wickets,6.0,,,,,Netherlands
t20s0414,wickets,5.0,,,,,Zimbabwe
t20s0415,runs,9.0,,,D/L,,New Zealand
t20s0416,runs,5.0,,,,,Sri Lanka
t20s0417,runs,7.0,,,,,New Zealand
t20s0418,wickets,7.0,,,,,India
t20s0419,runs,16.0,,,,,Pakistan
t20s0420,runs,22.0,,,,,Sri Lanka
t20s0421,runs,9.0,,,,,West Indies
t20s0422,wickets,9.0,,,,,Sri Lanka
t20s0423,runs,2.0,,,,,South Africa
t20s0424,runs,42.0,,,,,New Zealand
t20s0425,runs,73.0,,,,,West Indies
t20s0426,wickets,5.0,,,,,England
t20s0427,runs,36.0,,,,,West Indies
t20s0428,runs,59.0,,,,,New Zealand
t20s0429,wickets,6.0,,,,,England
t20s0430,runs,6.0,,,,,South Africa
t20s0431,wickets,8.0,,,,,West Indies
t20s0432,wickets,8.0,,,,,India
t20s0433,wickets,6.0,,,,,West Indies
t20s0434,runs,94.0,,,,,Australia
t20s0435,runs,86.0,,,,,South Africa
t20s0436,runs,3.0,,,,,South Africa
t20s0437,wickets,6.0,,,,,New Zealand
t20s0438,wickets,7.0,,,,,England
t20s0439,runs,79.0,,,,,India
t20s0440,runs,73.0,,,,,India
t20s0441,runs,50.0,,,,,Pakistan
t20s0442,wickets,5.0,,,,,South Africa
t20s0443,runs,14.0,,,,,Pakistan
t20s0444,runs,59.0,,,,,Sri Lanka
t20s0445,runs,45.0,,,,,Netherlands
t20s0446,wickets,9.0,,,,,India
t20s0447,runs,3.0,,,,,Bangladesh
t20s0448,runs,84.0,,,,,West Indies
t20s0449,wickets,7.0,,,,,Australia
t20s0450,runs,6.0,,,,,India
t20s0451,wickets,6.0,,,,,New Zealand
t20s0452,runs,17.0,,,,,Bangladesh
t20s0453,runs,14.0,,,,,Pakistan
t20s0454,runs,8.0,,,,,Australia
t20s0455,runs,27.0,,,D/L,,Sri Lanka
t20s0456,wickets,9.0,,,,,England
t20s0457,wickets,6.0,,,,,India
t20s0458,wickets,6.0,,,,,Australia
t20s0459,wickets,6.0,,,,,Sri Lanka
t20s0460,runs,9.0,,,,,Sri Lanka
t20s0461,runs,12.0,,,D/L,,New Zealand
t20s0462,runs,39.0,,,,,West Indies
t20s0463,,,,,,no result,
t20s0464,wickets,9.0,,,,,Australia
t20s0465,runs,63.0,,,,,Australia
t20s0466,wickets,9.0,,,,,England
t20s0467,wickets,8.0,,,,,Australia
t20s0468,runs,42.0,,,,,England
t20s0469,runs,20.0,,,,,Australia
t20s0470,runs,8.0,,,,,England
t20s0471,runs,3.0,,,,,England
t20s0472,wickets,6.0,,,,,Australia
t20s0473,runs,7.0,,,,,Sri Lanka
t20s0474,wickets,7.0,,,,,South Africa
t20s0475,wickets,9.0,,,,,South Africa
t20s0476,wickets,4.0,,,,,Australia
t20s0477,wickets,7.0,,,,,South Africa
t20s0478,wickets,4.0,,,,,Australia
t20s0479,wickets,7.0,,,,,Australia
t20s0480,wickets,2.0,,,,,Australia
t20s0481,wickets,2.0,,,,,Hong Kong
t20s0482,wickets,7.0,,,,,Pakistan
t20s0483,runs,17.0,,,,,New Zealand
t20s0484,wickets,4.0,,,,,West Indies
t20s0485,wickets,4.0,,,,,West Indies
t20s0486,runs,69.0,,,,,South Africa
t20s0487,runs,55.0,,,,,Pakistan
t20s0488,wickets,5.0,,,,,Sri Lanka
t20s0489,wickets,5.0,,,,,Pakistan
t20s0490,wickets,6.0,,,,,Pakistan
t20s0491,wickets,7.0,,,,,South Africa
t20s0492,wickets,7.0,,,,,Bangladesh
t20s0493,wickets,5.0,,,,,Pakistan
t20s0494,runs,5.0,,,D/L,,Sri Lanka
t20s0495,wickets,2.0,,,,,Pakistan
t20s0496,wickets,8.0,,,,,West Indies
t20s0497,wickets,9.0,,,,,West Indies
t20s0498,wickets,6.0,,,,,Scotland
t20s0499,runs,56.0,,,,,England
t20s0500,runs,103.0,,,,,Netherlands
t20s0501,runs,18.0,,,,,Netherlands
t20s0502,runs,52.0,,,,,South Africa
t20s0503,runs,31.0,,,,,South Africa
t20s0504,runs,32.0,,,,,Afghanistan
t20s0505,wickets,9.0,,,,,Scotland
t20s0506,wickets,8.0,,,,,Afghanistan
t20s0507,runs,32.0,,,,,Netherlands
t20s0508,runs,37.0,,,,,Afghanistan
t20s0509,wickets,7.0,,,,,Netherlands
t20s0510,wickets,8.0,,,,,Ireland
t20s0511,wickets,5.0,,,,,Hong Kong
t20s0512,wickets,2.0,,,,,Papua New Guinea
t20s0513,runs,54.0,,,,,India
t20s0514,runs,5.0,,,,,Hong Kong
t20s0515,wickets,8.0,,,,,Papua New Guinea
t20s0516,runs,10.0,,,,,Zimbabwe
t20s0517,wickets,5.0,,,,,Hong Kong
t20s0518,wickets,6.0,,,,,Afghanistan
t20s0519,wickets,5.0,,,,,Netherlands
t20s0520,wickets,5.0,,,,,Afghanistan
t20s0521,wickets,5.0,,,,,Scotland
t20s0522,runs,29.0,,,,,Pakistan
t20s0523,wickets,1.0,,,,,Pakistan
t20s0524,runs,80.0,,,,,New Zealand
t20s0525,wickets,6.0,,,,,South Africa
t20s0526,runs,32.0,,,,,New Zealand
t20s0527,runs,25.0,,,,,Australia
t20s0528,runs,55.0,,,,,Australia
t20s0529,runs,99.0,,,,,Australia
t20s0530,wickets,7.0,,,,,England
t20s0531,runs,20.0,,,,,Australia
t20s0532,wickets,5.0,,,,,England
t20s0533,runs,5.0,,,,,England
t20s0534,runs,13.0,,,,,Pakistan
t20s0535,runs,15.0,,,,,Pakistan
t20s0536,runs,29.0,,,,,Pakistan
t20s0537,runs,34.0,,,,,Pakistan
t20s0538,wickets,7.0,,,,,South Africa
t20s0539,wickets,6.0,,,,,South Africa
t20s0540,wickets,6.0,,,,,Afghanistan
t20s0541,wickets,5.0,,,,,Afghanistan
t20s0542,wickets,8.0,,,,,West Indies
t20s0543,runs,30.0,,,,,Sri Lanka
t20s0544,runs,23.0,,,,,West Indies
t20s0545,wickets,4.0,,,,,Bangladesh
t20s0546,wickets,3.0,,,,,Zimbabwe
t20s0547,wickets,6.0,,,,,Oman
t20s0548,wickets,7.0,,,,,United Arab Emirates
t20s0549,runs,4.0,,,,,Oman
t20s0550,wickets,8.0,,,,,Hong Kong
t20s0551,runs,14.0,,,,,England
t20s0552,runs,3.0,,,,,England
t20s0553,runs,12.0,,,,,Afghanistan
t20s0554,,,,England,,tie,
t20s0555,wickets,2.0,,,,,Ireland
t20s0556,runs,3.0,,,,,New Zealand
t20s0557,runs,5.0,,,,,Afghanistan
t20s0558,runs,81.0,,,,,Afghanistan
t20s0559,wickets,9.0,,,,,New Zealand
t20s0560,wickets,4.0,,,,,Bangladesh
t20s0561,runs,16.0,,,,,Pakistan
t20s0562,runs,42.0,,,,,Bangladesh
t20s0563,wickets,10.0,,,,,New Zealand
t20s0564,runs,31.0,,,,,Zimbabwe
t20s0565,runs,18.0,,,,,Zimbabwe
t20s0566,runs,95.0,,,,,New Zealand
t20s0567,runs,37.0,,,,,India
t20s0568,runs,27.0,,,,,India
t20s0569,wickets,10.0,,,D/L,,India
t20s0570,wickets,9.0,,,,,Hong Kong
t20s0571,runs,37.0,,,,,Scotland
t20s0572,wickets,7.0,,,,,India
t20s0573,runs,15.0,,,,,Australia
t20s0574,runs,84.0,,,,,Netherlands
t20s0575,runs,9.0,,,,,United Arab Emirates
t20s0576,runs,7.0,,,D/L,,Ireland
t20s0577,wickets,5.0,,,,,Sri Lanka
t20s0578,runs,11.0,,,,,Papua New Guinea
t20s0579,runs,69.0,,,,,India
t20s0580,wickets,9.0,,,,,India
t20s0581,runs,34.0,,,,,Ireland
t20s0582,runs,5.0,,,,,United Arab Emirates
t20s0583,runs,15.0,,,,,England
t20s0584,runs,5.0,,,,,Oman
t20s0585,runs,16.0,,,,,United Arab Emirates
t20s0586,wickets,3.0,,,,,South Africa
t20s0587,wickets,3.0,,,,,Afghanistan
t20s0588,wickets,6.0,,,,,United Arab Emirates
t20s0589,wickets,4.0,,,,,England
t20s0590,wickets,9.0,,,,,South Africa
t20s0591,runs,71.0,,,,,United Arab Emirates
t20s0592,runs,66.0,,,,,Afghanistan
t20s0593,runs,45.0,,,,,India
t20s0594,runs,14.0,,,,,Sri Lanka
t20s0595,runs,51.0,,,,,Bangladesh
t20s0596,wickets,5.0,,,,,India
t20s0597,runs,23.0,,,,,Bangladesh
t20s0598,wickets,7.0,,,,,Pakistan
t20s0599,wickets,5.0,,,,,India
t20s0600,wickets,5.0,,,,,Bangladesh
t20s0601,wickets,9.0,,,,,India
t20s0602,wickets,6.0,,,,,Pakistan
t20s0603,runs,11.0,,,,,South Africa
t20s0604,wickets,3.0,,,,,South Africa
t20s0605,wickets,8.0,,,,,India
t20s0606,wickets,5.0,,,,,Australia
t20s0607,runs,14.0,,,,,Afghanistan
t20s0608,runs,14.0,,,,,Zimbabwe
t20s0609,wickets,2.0,,,,,Oman
t20s0610,runs,8.0,,,,,Bangladesh
t20s0611,runs,4.0,,,,,South Africa
t20s0612,wickets,6.0,,,,,Australia
t20s0613,wickets,6.0,,,,,Afghanistan
t20s0614,runs,11.0,,,,,Zimbabwe
t20s0615,,,,,,no result,
t20s0616,wickets,8.0,,,D/L,,Scotland
t20s0617,runs,59.0,,,,,Afghanistan
t20s0618,runs,54.0,,,D/L,,Bangladesh
t20s0619,runs,12.0,,,,,Netherlands
t20s0620,wickets,7.0,,,,,New Zealand
t20s0621,runs,72.0,,,,,India
t20s0622,runs,47.0,,,,,New Zealand
t20s0623,runs,4.0,,,,,West Indies
t20s0624,runs,55.0,,,,,Pakistan
t20s0625,wickets,6.0,,,,,West Indies
t20s0626,runs,36.0,,,,,England
t20s0627,wickets,6.0,,,,,Sri Lanka
t20s0628,wickets,6.0,,,,,Australia
t20s0629,runs,93.0,,,,,New Zealand
t20s0630,wickets,2.0,,,,,England
t20s0631,runs,8.0,,,,,New Zealand
t20s0632,runs,2.0,,,D/L,,Pakistan
t20s0633,wickets,6.0,,,,,India
t20s0634,runs,14.0,,,,,Sri Lanka
t20s0635,runs,49.0,,,,,West Indies
t20s0636,wickets,7.0,,,,,West Indies
t20s0637,runs,37.0,,,,,South Africa
t20s0638,wickets,6.0,,,,,New Zealand
t20s0639,wickets,3.0,,,,,Australia
t20s0640,wickets,2.0,,,,,England
t20s0641,runs,22.0,,,,,New Zealand
t20s0642,runs,67.0,,,,,South Africa
t20s0643,runs,1.0,,,,,India
t20s0644,runs,15.0,,,,,England
t20s0645,wickets,9.0,,,,,Pakistan
t20s0646,wickets,9.0,,,,,Australia
t20s0647,wickets,1.0,,,,,England
t20s0648,wickets,3.0,,,,,West Indies
t20s0649,runs,21.0,,,,,Australia
t20s0650,wickets,7.0,,,,,New Zealand
t20s0651,wickets,7.0,,,,,Australia
t20s0652,runs,10.0,,,,,England
t20s0653,runs,75.0,,,,,New Zealand
t20s0654,runs,68.0,,,,,England
t20s0655,runs,3.0,,,,,West Indies
t20s0656,runs,6.0,,,,,Afghanistan
t20s0657,wickets,6.0,,,,,India
t20s0658,runs,10.0,,,,,Sri Lanka
t20s0659,wickets,8.0,,,,,South Africa
t20s0660,runs,5.0,,,,,Australia
t20s0661,wickets,7.0,,,,,England
t20s0662,runs,6.0,,,,,West Indies
t20s0663,wickets,7.0,,,,,West Indies
t20s0664,wickets,8.0,,,,,West Indies
t20s0665,wickets,4.0,,,,,West Indies
t20s0666,runs,2.0,,,,,Zimbabwe
t20s0667,wickets,10.0,,,,,India
t20s0668,runs,3.0,,,,,India
t20s0669,runs,68.0,,,,,England
t20s0670,runs,35.0,,,,,England
t20s0671,wickets,8.0,,,,,England
t20s0672,runs,57.0,,,,,England
t20s0673,runs,1.0,,,,,West Indies
t20s0674,,,,,,no result,
t20s0675,runs,6.0,,,,,Ireland
t20s0676,runs,40.0,,,,,Hong Kong
t20s0677,runs,85.0,,,,,Australia
t20s0678,wickets,9.0,,,,,Pakistan
t20s0679,wickets,4.0,,,,,Australia
t20s0680,wickets,9.0,,,,,Pakistan
t20s0681,runs,16.0,,,,,Pakistan
t20s0682,wickets,8.0,,,,,Pakistan
t20s0683,wickets,10.0,,,,,Australia
t20s0684,runs,14.0,,,,,New Zealand
t20s0685,runs,17.0,,,,,India
t20s0686,runs,11.0,,,,,Afghanistan
t20s0687,wickets,5.0,,,,,Afghanistan
t20s0688,runs,44.0,,,,,Afghanistan
t20s0689,wickets,6.0,,,,,New Zealand
t20s0690,runs,47.0,,,,,New Zealand
t20s0691,runs,27.0,,,,,New Zealand
t20s0692,wickets,5.0,,,,,Afghanistan
t20s0693,runs,24.0,,,,,Scotland
t20s0694,wickets,5.0,,,,,Netherlands
t20s0695,wickets,5.0,,,,,Afghanistan
t20s0696,wickets,7.0,,,,,Oman
t20s0697,runs,7.0,,,,,Scotland
t20s0698,runs,91.0,,,,,Hong Kong
t20s0699,runs,24.0,,,,,Ireland
t20s0700,wickets,7.0,,,,,Scotland
t20s0701,runs,19.0,,,,,South Africa
t20s0702,wickets,10.0,,,,,Afghanistan
t20s0703,runs,98.0,,,,,Ireland
t20s0704,wickets,8.0,,,,,Afghanistan
t20s0705,wickets,3.0,,,,,Sri Lanka
t20s0706,wickets,5.0,,,,,Sri Lanka
t20s0707,wickets,7.0,,,,,England
t20s0708,runs,5.0,,,,,India
t20s0709,runs,75.0,,,,,India
t20s0710,runs,40.0,,,,,Australia
t20s0711,runs,78.0,,,,,South Africa
t20s0712,wickets,5.0,,,,,Sri Lanka
t20s0713,runs,8.0,,,D/L,,New Zealand
t20s0714,wickets,2.0,,,,,Sri Lanka
t20s0715,runs,47.0,,,,,New Zealand
t20s0716,runs,41.0,,,,,Australia
t20s0717,wickets,6.0,,,,,Afghanistan
t20s0718,runs,17.0,,,D/L,,Afghanistan
t20s0719,runs,28.0,,,,,Afghanistan
t20s0720,wickets,6.0,,,,,Pakistan
t20s0721,runs,3.0,,,,,Pakistan
t20s0722,wickets,7.0,,,,,West Indies
t20s0723,wickets,7.0,,,,,Pakistan
t20s0724,wickets,6.0,,,,,Sri Lanka
t20s0725,runs,45.0,,,,,Bangladesh
t20s0726,wickets,5.0,,,,,United Arab Emirates
t20s0727,wickets,5.0,,,,,United Arab Emirates
t20s0728,runs,30.0,,,,,United Arab Emirates
t20s0729,wickets,6.0,,,,,West Indies
t20s0730,runs,29.0,,,D/L,,West Indies
t20s0731,wickets,7.0,,,,,West Indies
t20s0732,wickets,9.0,,,,,England
t20s0733,runs,3.0,,,,,South Africa
t20s0734,runs,19.0,,,,,England
t20s0735,wickets,9.0,,,,,West Indies
t20s0736,wickets,7.0,,,,,India
t20s0737,runs,20.0,,,,,Pakistan
t20s0738,wickets,7.0,,,,,ICC World XI
t20s0739,runs,33.0,,,,,Pakistan
t20s0740,runs,21.0,,,,,West Indies
t20s0741,wickets,9.0,,,D/L,,India
t20s0742,wickets,8.0,,,,,Australia
t20s0743,runs,47.0,,,,,West Indies
t20s0744,wickets,7.0,,,,,Pakistan
t20s0745,runs,20.0,,,,,South Africa
t20s0746,wickets,2.0,,,,,Pakistan
t20s0747,runs,36.0,,,,,Pakistan
t20s0748,runs,83.0,,,,,South Africa
t20s0749,runs,53.0,,,,,India
t20s0750,runs,40.0,,,,,New Zealand
t20s0751,runs,6.0,,,,,India
t20s0752,runs,39.0,,,,,New Zealand
t20s0753,runs,42.0,,,,,New Zealand
t20s0754,wickets,7.0,,,,,New Zealand
t20s0755,wickets,6.0,,,,,Australia
t20s0756,runs,40.0,,,,,England
t20s0757,wickets,4.0,,,,,England
t20s0758,runs,93.0,,,,,India
t20s0759,runs,88.0,,,,,India
t20s0760,wickets,5.0,,,,,India
t20s0761,runs,47.0,,,,,New Zealand
t20s0762,,,,,,no result,
t20s0763,runs,119.0,,,,,New Zealand
t20s0764,wickets,7.0,,,,,New Zealand
t20s0765,runs,48.0,,,,,Pakistan
t20s0766,runs,18.0,,,,,Pakistan
t20s0767,wickets,7.0,,,D/L,,Australia
t20s0768,wickets,5.0,,,,,Afghanistan
t20s0769,runs,17.0,,,,,Afghanistan
t20s0770,wickets,5.0,,,,,Australia
t20s0771,wickets,7.0,,,,,Australia
t20s0772,wickets,7.0,,,,,India
t20s0773,runs,12.0,,,,,New Zealand
t20s0774,wickets,6.0,,,,,Sri Lanka
t20s0775,wickets,9.0,,,,,India
t20s0776,wickets,5.0,,,,,Australia
t20s0777,runs,75.0,,,,,Sri Lanka
t20s0778,wickets,5.0,,,,,South Africa
t20s0779,runs,28.0,,,,,India
t20s0780,runs,2.0,,,,,England
t20s0781,,,,,,no result,
t20s0782,wickets,6.0,,,,,South Africa
t20s0783,runs,19.0,,,D/L,,Australia
t20s0784,runs,54.0,,,,,India
t20s0785,runs,7.0,,,,,India
t20s0786,wickets,5.0,,,,,Sri Lanka
t20s0787,wickets,6.0,,,,,India
t20s0788,wickets,5.0,,,,,Bangladesh
t20s0789,wickets,6.0,,,,,India
t20s0790,runs,8.0,,,,,New Zealand
t20s0791,runs,17.0,,,,,India
t20s0792,runs,106.0,,,,,New Zealand
t20s0793,wickets,2.0,,,,,Bangladesh
t20s0794,wickets,4.0,,,,,India
t20s0795,runs,1.0,,,,,New Zealand
t20s0796,wickets,6.0,,,,,Australia
t20s0797,wickets,8.0,,,,,England
t20s0798,wickets,7.0,,,,,New Zealand
t20s0799,wickets,7.0,,,,,England
t20s0800,runs,36.0,,,,,Australia
t20s0801,wickets,1.0,,,,,Pakistan
t20s0802,wickets,8.0,,,,,Australia
t20s0803,wickets,8.0,,,,,India
t20s0804,wickets,7.0,,,,,Sri Lanka
t20s0805,runs,57.0,,,,,Australia
t20s0806,runs,143.0,,,,,Pakistan
t20s0807,runs,82.0,,,,,Pakistan
t20s0808,wickets,8.0,,,,,Pakistan
t20s0809,runs,32.0,,,,,South Africa
t20s0810,runs,23.0,,,,,South Africa
t20s0811,runs,72.0,,,,,West Indies
t20s0812,wickets,8.0,,,,,Pakistan
t20s0813,runs,142.0,,,,,India
t20s0814,runs,90.0,,,,,Sri Lanka
t20s0815,runs,66.0,,,,,India
t20s0816,wickets,7.0,,,,,Bangladesh
t20s0817,wickets,6.0,,,,,Afghanistan
t20s0818,wickets,7.0,,,,,Bangladesh
t20s0819,wickets,9.0,,,,,Thailand
t20s0820,runs,23.0,,,,,Pakistan
t20s0821,wickets,10.0,,,,,New Zealand
t20s0822,wickets,7.0,,,,,India
t20s0823,runs,147.0,,,,,Pakistan
t20s0824,wickets,9.0,,,,,Bangladesh
t20s0825,runs,1.0,,,,,Afghanistan
t20s0826,runs,70.0,,,,,Bangladesh
t20s0827,wickets,4.0,,,,,Thailand
t20s0828,wickets,7.0,,,,,India
t20s0829,wickets,3.0,,,,,Bangladesh
t20s0830,runs,4.0,,,,,Netherlands
t20s0831,runs,48.0,,,,,Pakistan
t20s0832,wickets,4.0,,,,,Netherlands
t20s0833,runs,84.0,,,,,Pakistan
t20s0834,runs,46.0,,,,,Ireland
t20s0835,,,,,,tie,
t20s0836,wickets,7.0,,,,,Scotland
t20s0837,runs,115.0,,,,,Scotland
t20s0838,runs,121.0,,,,,England
t20s0839,runs,66.0,,,,,New Zealand
t20s0840,runs,54.0,,,,,England
t20s0841,wickets,6.0,,,,,South Africa
t20s0842,runs,76.0,,,,,India
t20s0843,runs,28.0,,,,,England
t20s0844,wickets,4.0,,,,,Bangladesh
t20s0845,wickets,7.0,,,,,England
t20s0846,wickets,8.0,,,,,New Zealand
t20s0847,runs,143.0,,,,,India
t20s0848,wickets,6.0,,,,,Ireland
t20s0849,runs,74.0,,,,,Pakistan
t20s0850,wickets,7.0,,,,,England
t20s0851,wickets,9.0,,,,,Australia
t20s0852,runs,100.0,,,,,Australia
t20s0853,wickets,8.0,,,,,India
t20s0854,wickets,7.0,,,,,Pakistan
t20s0855,runs,45.0,,,,,Pakistan
t20s0856,wickets,5.0,,,,,Australia
t20s0857,wickets,5.0,,,,,England
t20s0858,wickets,8.0,,,,,Bangladesh
t20s0859,wickets,6.0,,,,,United Arab Emirates
t20s0860,wickets,9.0,,,,,Scotland
t20s0861,wickets,7.0,,,,,Ireland
t20s0862,wickets,2.0,,,,,Papua New Guinea
t20s0863,wickets,7.0,,,,,Bangladesh
t20s0864,wickets,9.0,,,,,Ireland
t20s0865,wickets,6.0,,,,,Pakistan
t20s0866,wickets,7.0,,,,,India
t20s0867,runs,44.0,,,,,Papua New Guinea
t20s0868,wickets,8.0,,,,,Bangladesh
t20s0869,wickets,8.0,,,,,Ireland
t20s0870,runs,27.0,,,,,Scotland
t20s0871,wickets,7.0,,,,,Thailand
t20s0872,runs,49.0,,,,,Bangladesh
t20s0873,wickets,6.0,,,,,Uganda
t20s0874,runs,27.0,,,,,Ireland
t20s0875,runs,25.0,,,,,Bangladesh
t20s0876,runs,34.0,,,,,Thailand
t20s0877,wickets,10.0,,,,,Scotland
t20s0878,,,,United Arab Emirates,,tie,
t20s0879,,,,,,no result,
t20s0880,wickets,7.0,,,D/L,,West Indies
t20s0881,runs,12.0,,,,,Bangladesh
t20s0882,runs,19.0,,,D/L,,Bangladesh
t20s0883,wickets,3.0,,,,,Sri Lanka
t20s0884,wickets,9.0,,,,,Namibia
t20s0885,runs,124.0,,,,,Botswana
t20s0886,runs,16.0,,,,,Afghanistan
t20s0887,wickets,10.0,,,,,Botswana
t20s0888,runs,70.0,,,,,Mozambique
t20s0889,wickets,7.0,,,,,Namibia
t20s0890,runs,81.0,,,,,Afghanistan
t20s0891,runs,56.0,,,,,Sierra Leone
t20s0892,wickets,10.0,,,,,Namibia
t20s0893,wickets,6.0,,,,,Sierra Leone
t20s0894,wickets,6.0,,,,,Namibia
t20s0895,runs,80.0,,,,,Sierra Leone
t20s0896,wickets,9.0,,,,,Namibia
t20s0897,wickets,9.0,,,,,Malawi
t20s0898,,,,,,no result,
t20s0899,wickets,5.0,,,,,India
t20s0900,wickets,7.0,,,,,India
t20s0901,runs,51.0,,,,,India
t20s0902,wickets,9.0,,,,,West Indies
t20s0903,wickets,6.0,,,,,Australia
t20s0904,wickets,6.0,,,,,Australia
t20s0905,wickets,8.0,,,,,South Africa
t20s0906,wickets,9.0,,,,,Australia
t20s0907,wickets,3.0,,,,,South Africa
t20s0908,runs,34.0,,,,,South Africa
t20s0909,wickets,6.0,,,,,South Africa
t20s0910,wickets,7.0,,,,,Australia
t20s0911,runs,66.0,,,,,Pakistan
t20s0912,runs,64.0,,,,,Australia
t20s0913,runs,11.0,,,,,Pakistan
t20s0914,wickets,6.0,,,,,Australia
t20s0915,runs,30.0,,,,,England
t20s0916,runs,33.0,,,,,Pakistan
t20s0917,wickets,9.0,,,,,Australia
t20s0918,runs,2.0,,,,,Pakistan
t20s0919,wickets,6.0,,,,,Pakistan
t20s0920,wickets,5.0,,,,,India
t20s0921,runs,47.0,,,,,Pakistan
t20s0922,runs,71.0,,,,,India
t20s0923,runs,60.0,,,,,West Indies
t20s0924,runs,52.0,,,,,Australia
t20s0925,runs,34.0,,,,,India
t20s0926,wickets,6.0,,,,,India
t20s0927,wickets,9.0,,,,,Australia
t20s0928,wickets,7.0,,,,,India
t20s0929,wickets,7.0,,,,,South Africa
t20s0930,wickets,7.0,,,D/L,,England
t20s0931,runs,33.0,,,,,Australia
t20s0932,runs,38.0,,,,,Pakistan
t20s0933,runs,31.0,,,,,West Indies
t20s0934,runs,25.0,,,,,Sri Lanka
t20s0935,runs,54.0,,,,,New Zealand
t20s0936,runs,52.0,,,,,India
t20s0937,runs,83.0,,,,,West Indies
t20s0938,wickets,7.0,,,,,England
t20s0939,wickets,8.0,,,,,New Zealand
t20s0940,runs,48.0,,,,,India
t20s0941,runs,21.0,,,,,South Africa
t20s0942,runs,30.0,,,,,South Africa
t20s0943,wickets,4.0,,,,,West Indies
t20s0944,runs,4.0,,,D/L,,Australia
t20s0945,wickets,8.0,,,,,England
t20s0946,runs,71.0,,,,,Australia
t20s0947,,,,,,no result,
t20s0948,wickets,8.0,,,,,Australia
t20s0949,wickets,6.0,,,,,India
t20s0950,wickets,8.0,,,,,West Indies
t20s0951,runs,36.0,,,,,Bangladesh
t20s0952,runs,50.0,,,,,West Indies
t20s0953,runs,35.0,,,,,New Zealand
t20s0954,runs,71.0,,,,,West Indies
t20s0955,runs,21.0,,,,,United Arab Emirates
t20s0956,,,,West Indies,,tie,
t20s0957,wickets,4.0,,,,,Nepal
t20s0958,wickets,7.0,,,,,South Africa
t20s0959,runs,6.0,,,,,South Africa
t20s0960,runs,12.0,,,,,Pakistan
t20s0961,runs,14.0,,,,,Nepal
t20s0962,runs,7.0,,,,,South Africa
t20s0963,runs,39.0,,,,,South Africa
t20s0964,runs,23.0,,,,,New Zealand
t20s0965,runs,80.0,,,,,New Zealand
t20s0966,runs,27.0,,,,,Pakistan
t20s0967,wickets,4.0,,,,,New Zealand
t20s0968,wickets,7.0,,,,,India
t20s0969,runs,2.0,,,,,New Zealand
t20s0970,runs,4.0,,,,,New Zealand
t20s0971,runs,15.0,,,,,Ireland
t20s0972,wickets,7.0,,,,,Netherlands
t20s0973,wickets,6.0,,,,,Scotland
t20s0974,wickets,8.0,,,,,Netherlands
t20s0975,wickets,7.0,,,,,Scotland
t20s0976,wickets,1.0,,,,,Ireland
t20s0977,runs,21.0,,,,,United Arab Emirates
t20s0978,runs,63.0,,,,,Malaysia
t20s0979,wickets,6.0,,,,,Thailand
t20s0980,runs,86.0,,,,,United Arab Emirates
t20s0981,wickets,1.0,,,,,China
t20s0982,runs,34.0,,,,,Nepal
t20s0983,wickets,9.0,,,,,China
t20s0984,runs,57.0,,,,,Thailand
t20s0985,runs,86.0,,,,,United Arab Emirates
t20s0986,wickets,5.0,,,,,Afghanistan
t20s0987,wickets,8.0,,,,,China
t20s0988,runs,82.0,,,,,Thailand
t20s0989,wickets,7.0,,,,,Nepal
t20s0990,runs,84.0,,,,,Afghanistan
t20s0991,wickets,4.0,,,,,Nepal
t20s0992,wickets,9.0,,,,,Thailand
t20s0993,runs,27.0,,,,,United Arab Emirates
t20s0994,wickets,3.0,,,,,Australia
t20s0995,runs,32.0,,,,,Afghanistan
t20s0996,wickets,9.0,,,,,Hong Kong
t20s0997,runs,5.0,,,,,Nepal
t20s0998,runs,87.0,,,,,Thailand
t20s0999,runs,50.0,,,,,Thailand
t20s1000,runs,30.0,,,,,Nepal
t20s1001,wickets,7.0,,,,,Australia
t20s1002,runs,41.0,,,,,England
t20s1003,wickets,4.0,,,,,England
t20s1004,wickets,5.0,,,,,England
t20s1005,runs,137.0,,,,,England
t20s1006,runs,1.0,,,,,England
t20s1007,wickets,8.0,,,,,England
t20s1008,,,,,,no result,
t20s1009,runs,24.0,,,,,United Arab Emirates
t20s1010,,,,South Africa,,tie,
t20s1011,wickets,8.0,,,,,Papua New Guinea
t20s1012,runs,133.0,,,,,Papua New Guinea
t20s1013,runs,16.0,,,,,South Africa
t20s1014,,,,,,no result,
t20s1015,runs,63.0,,,,,Vanuatu
t20s1016,wickets,10.0,,,,,Papua New Guinea
t20s1017,runs,10.0,,,,,Philippines
t20s1018,wickets,8.0,,,,,England
t20s1019,runs,45.0,,,D/L,,South Africa
t20s1020,wickets,8.0,,,,,England
t20s1021,runs,96.0,,,,,England
t20s1022,wickets,7.0,,,,,Namibia
t20s1023,wickets,9.0,,,,,Namibia
t20s1024,runs,88.0,,,,,Namibia
t20s1025,runs,88.0,,,,,Namibia
t20s1026,runs,86.0,,,,,Namibia
t20s1027,runs,90.0,,,,,Uganda
t20s1028,runs,163.0,,,,,Zimbabwe
t20s1029,wickets,7.0,,,,,England
t20s1030,wickets,7.0,,,,,Papua New Guinea
t20s1031,wickets,7.0,,,,,Indonesia
t20s1032,runs,57.0,,,,,Papua New Guinea
t20s1033,runs,92.0,,,,,Zimbabwe
t20s1034,runs,14.0,,,,,Namibia
t20s1035,wickets,8.0,,,,,Nigeria
t20s1036,wickets,10.0,,,,,Papua New Guinea
t20s1037,wickets,10.0,,,,,Namibia
t20s1038,runs,4.0,,,,,Uganda
t20s1039,wickets,1.0,,,,,Rwanda
t20s1040,wickets,10.0,,,,,Papua New Guinea
t20s1041,runs,31.0,,,,,Japan
t20s1042,wickets,8.0,,,,,Samoa
t20s1043,runs,82.0,,,,,Zimbabwe
t20s1044,wickets,7.0,,,,,Papua New Guinea
t20s1045,wickets,9.0,,,,,Vanuatu
t20s1046,wickets,8.0,,,,,Indonesia
t20s1047,runs,38.0,,,,,Tanzania
t20s1048,wickets,10.0,,,,,Zimbabwe
t20s1049,runs,50.0,,,,,Zimbabwe
t20s1050,wickets,7.0,,,,,Pakistan
t20s1051,runs,37.0,,,,,United States of America
t20s1052,wickets,8.0,,,,,South Africa
t20s1053,runs,35.0,,,,,United States of America
t20s1054,wickets,4.0,,,,,Pakistan
t20s1055,runs,52.0,,,,,Uganda
t20s1056,wickets,9.0,,,,,Namibia
t20s1057,runs,11.0,,,,,Nigeria
t20s1058,runs,42.0,,,,,Namibia
t20s1059,runs,53.0,,,,,Kenya
t20s1060,runs,1.0,,,,,Kenya
t20s1061,wickets,10.0,,,,,Namibia
t20s1062,runs,28.0,,,,,Nigeria
t20s1063,wickets,4.0,,,,,South Africa
t20s1064,wickets,7.0,,,,,Uganda
t20s1065,wickets,9.0,,,,,South Africa
t20s1066,wickets,6.0,,,,,Italy
t20s1067,runs,64.0,,,,,West Indies
t20s1068,runs,45.0,,,,,West Indies
t20s1069,runs,72.0,,,,,West Indies
t20s1070,wickets,5.0,,,,,Germany
t20s1071,runs,80.0,,,,,Jersey
t20s1072,runs,11.0,,,,,Italy
t20s1073,runs,18.0,,,,,Jersey
t20s1074,runs,46.0,,,,,Denmark
t20s1075,runs,5.0,,,,,Tanzania
t20s1076,wickets,10.0,,,,,Rwanda
t20s1077,,,,,,no result,
t20s1078,runs,30.0,,,,,Uganda
t20s1079,wickets,7.0,,,,,Germany
t20s1080,runs,73.0,,,,,Jersey
t20s1081,wickets,4.0,,,,,Guernsey
t20s1082,runs,30.0,,,,,Denmark
t20s1083,runs,6.0,,,,,Guernsey
t20s1084,wickets,3.0,,,,,Germany
t20s1085,wickets,7.0,,,,,Germany
t20s1086,runs,42.0,,,,,England
t20s1087,runs,49.0,,,,,Netherlands
t20s1088,wickets,5.0,,,,,Malaysia
t20s1089,,,,Zimbabwe,,tie,
t20s1090,runs,7.0,,,,,Netherlands
t20s1091,wickets,2.0,,,,,Maldives
t20s1092,,,,Scotland,,tie,
t20s1093,runs,131.0,,,,,Netherlands
t20s1094,wickets,8.0,,,,,Malaysia
t20s1095,,,,,,no result,
t20s1096,runs,107.0,,,,,Scotland
t20s1097,wickets,5.0,,,,,Thailand
t20s1098,wickets,9.0,,,D/L,,Ireland
t20s1099,wickets,7.0,,,,,Nepal
t20s1100,runs,6.0,,,,,Nepal
t20s1101,wickets,8.0,,,,,Zimbabwe
t20s1102,runs,42.0,,,,,Malaysia
t20s1103,runs,33.0,,,,,Singapore
t20s1104,wickets,4.0,,,,,Qatar
t20s1105,wickets,7.0,,,,,Nepal
t20s1106,wickets,8.0,,,,,Singapore
t20s1107,runs,10.0,,,,,Kuwait
t20s1108,runs,93.0,,,,,Australia
t20s1109,wickets,4.0,,,,,Qatar
t20s1110,wickets,7.0,,,,,Nepal
t20s1111,runs,82.0,,,,,Singapore
t20s1112,wickets,7.0,,,,,Australia
t20s1113,runs,17.0,,,,,England
t20s1114,wickets,4.0,,,,,India
t20s1115,runs,22.0,,,D/L,,India
t20s1116,wickets,5.0,,,,,United Arab Emirates
t20s1117,wickets,7.0,,,,,India
t20s1118,wickets,7.0,,,,,United Arab Emirates
t20s1119,runs,79.0,,,,,Ireland
t20s1120,runs,4.0,,,D/L,,Thailand
t20s1121,runs,5.0,,,D/L,,Scotland
t20s1122,runs,11.0,,,,,Scotland
t20s1123,,,,,,no result,
t20s1124,wickets,5.0,,,,,Scotland
t20s1125,runs,62.0,,,D/L,,Scotland
t20s1126,wickets,7.0,,,D/L,,Thailand
t20s1127,runs,93.0,,,,,Thailand
t20s1128,wickets,9.0,,,,,Ireland
t20s1129,runs,84.0,,,,,Canada
t20s1130,runs,6.0,,,,,Bermuda
t20s1131,runs,93.0,,,,,Namibia
t20s1132,runs,10.0,,,D/L,,United States of America
t20s1133,,,,,,no result,
t20s1134,runs,124.0,,,,,Namibia
t20s1135,wickets,4.0,,,,,Canada
t20s1136,wickets,6.0,,,,,Bermuda
t20s1137,runs,78.0,,,,,Namibia
t20s1138,wickets,4.0,,,,,Bermuda
t20s1139,wickets,8.0,,,,,Canada
t20s1140,wickets,8.0,,,,,Namibia
t20s1141,wickets,9.0,,,,,United States of America
t20s1142,wickets,6.0,,,,,Bermuda
t20s1143,runs,15.0,,,,,Canada
t20s1144,runs,22.0,,,,,Malaysia
t20s1145,wickets,9.0,,,,,Malaysia
t20s1146,runs,30.0,,,,,Malaysia
t20s1147,runs,30.0,,,,,Scotland
t20s1148,wickets,8.0,,,,,Bangladesh
t20s1149,runs,19.0,,,,,Ireland
t20s1150,wickets,6.0,,,,,Papua New Guinea
t20s1151,runs,38.0,,,,,Thailand
t20s1152,wickets,5.0,,,,,New Zealand
t20s1153,runs,6.0,,,D/L,,Bangladesh
t20s1154,runs,22.0,,,D/L,,Papua New Guinea
t20s1155,runs,13.0,,,D/L,,Bangladesh
t20s1156,wickets,6.0,,,,,Netherlands
t20s1157,runs,2.0,,,D/L,,Thailand
t20s1158,wickets,4.0,,,,,New Zealand
t20s1159,wickets,10.0,,,,,Scotland
t20s1160,wickets,8.0,,,,,Thailand
t20s1161,wickets,4.0,,,,,Bangladesh
t20s1162,runs,37.0,,,,,Sri Lanka
t20s1163,runs,70.0,,,,,Scotland
t20s1164,runs,70.0,,,,,Bangladesh
t20s1165,wickets,6.0,,,,,United States of America
t20s1166,wickets,8.0,,,,,Ireland
t20s1167,wickets,4.0,,,,,Rwanda
t20s1168,wickets,3.0,,,,,Bangladesh
t20s1169,wickets,6.0,,,,,Australia
t20s1170,runs,28.0,,,,,Afghanistan
t20s1171,runs,25.0,,,,,Afghanistan
t20s1172,runs,58.0,,,,,Scotland
t20s1173,wickets,9.0,,,,,Australia
t20s1174,wickets,4.0,,,,,Ireland
t20s1175,wickets,6.0,,,,,Netherlands
t20s1176,wickets,9.0,,,,,Australia
t20s1177,runs,39.0,,,,,Bangladesh
t20s1178,wickets,7.0,,,,,India
t20s1179,wickets,6.0,,,,,Scotland
t20s1180,runs,5.0,,,,,Hong Kong
t20s1181,runs,12.0,,,,,Japan
t20s1182,runs,81.0,,,,,China
t20s1183,wickets,2.0,,,,,Japan
t20s1184,wickets,7.0,,,,,Zimbabwe
t20s1185,wickets,4.0,,,,,Bangladesh
t20s1186,runs,14.0,,,,,China
t20s1187,wickets,9.0,,,,,South Africa
t20s1188,runs,11.0,,,,,India
t20s1189,wickets,5.0,,,,,Zimbabwe
t20s1190,wickets,9.0,,,,,Nepal
t20s1191,runs,17.0,,,,,Vanuatu
t20s1192,runs,4.0,,,,,Singapore
t20s1193,runs,41.0,,,,,Australia
t20s1194,wickets,9.0,,,,,Australia
t20s1195,runs,51.0,,,,,Vanuatu
t20s1196,runs,40.0,,,,,Zimbabwe
t20s1197,runs,51.0,,,,,India
t20s1198,runs,26.0,,,,,Malaysia
t20s1199,runs,132.0,,,,,Australia
t20s1200,wickets,5.0,,,,,India
t20s1201,wickets,6.0,,,,,Vanuatu
t20s1202,wickets,8.0,,,,,Zimbabwe
t20s1203,runs,22.0,,,,,Malaysia
t20s1204,runs,105.0,,,,,South Africa
t20s1205,runs,64.0,,,,,Sri Lanka
t20s1206,wickets,6.0,,,,,Ireland
t20s1207,wickets,4.0,,,,,Nepal
t20s1208,runs,43.0,,,,,Oman
t20s1209,runs,35.0,,,,,Sri Lanka
t20s1210,runs,66.0,,,,,Ireland
t20s1211,wickets,4.0,,,,,Nepal
t20s1212,runs,13.0,,,,,Sri Lanka
t20s1213,wickets,7.0,,,,,Oman
t20s1214,runs,13.0,,,,,Ireland
t20s1215,wickets,6.0,,,,,Oman
t20s1216,runs,37.0,,,,,Netherlands
t20s1217,wickets,7.0,,,,,Oman
t20s1218,runs,30.0,,,,,Netherlands
t20s1219,wickets,8.0,,,,,Ireland
t20s1220,runs,2.0,,,,,Singapore
t20s1221,wickets,5.0,,,,,United Arab Emirates
t20s1222,runs,31.0,,,,,Scotland
t20s1223,runs,44.0,,,,,Netherlands
t20s1224,runs,69.0,,,,,Jersey
t20s1225,wickets,10.0,,,,,Papua New Guinea
t20s1226,wickets,7.0,,,,,Oman
t20s1227,wickets,5.0,,,,,Singapore
t20s1228,runs,53.0,,,,,Canada
t20s1229,runs,81.0,,,,,Papua New Guinea
t20s1230,runs,50.0,,,,,Canada
t20s1231,runs,45.0,,,,,Kenya
t20s1232,runs,35.0,,,,,Ireland
t20s1233,wickets,8.0,,,,,United Arab Emirates
t20s1234,runs,4.0,,,,,Scotland
t20s1235,runs,35.0,,,,,Jersey
t20s1236,wickets,5.0,,,,,Netherlands
t20s1237,runs,24.0,,,,,Namibia
t20s1238,runs,8.0,,,,,Hong Kong
t20s1239,runs,10.0,,,,,Canada
t20s1240,wickets,7.0,,,,,Kenya
t20s1241,wickets,7.0,,,,,Oman
t20s1242,wickets,6.0,,,,,Namibia
t20s1243,runs,46.0,,,,,Scotland
t20s1244,runs,32.0,,,,,Hong Kong
t20s1245,wickets,5.0,,,,,United Arab Emirates
t20s1246,wickets,5.0,,,,,Papua New Guinea
t20s1247,wickets,8.0,,,,,Spain
t20s1248,wickets,8.0,,,,,Oman
t20s1249,runs,87.0,,,,,Namibia
t20s1250,wickets,8.0,,,,,Ireland
t20s1251,runs,43.0,,,,,Papua New Guinea
t20s1252,runs,14.0,,,,,Pakistan
t20s1253,runs,29.0,,,,,Spain
t20s1254,wickets,8.0,,,,,Spain
t20s1255,wickets,6.0,,,,,Portugal
t20s1256,runs,87.0,,,,,Namibia
t20s1257,runs,92.0,,,,,Netherlands
t20s1258,wickets,8.0,,,,,Ireland
t20s1259,wickets,6.0,,,,,Spain
t20s1260,runs,14.0,,,,,United Arab Emirates
t20s1261,wickets,4.0,,,,,Netherlands
t20s1262,runs,14.0,,,,,Jersey
t20s1263,wickets,5.0,,,,,Hong Kong
t20s1264,runs,45.0,,,,,Papua New Guinea
t20s1265,runs,134.0,,,,,Australia
t20s1266,runs,54.0,,,,,Namibia
t20s1267,wickets,8.0,,,,,Netherlands
t20s1268,runs,12.0,,,,,Oman
t20s1269,runs,90.0,,,,,Scotland
t20s1270,wickets,9.0,,,,,Australia
t20s1271,wickets,5.0,,,,,Scotland
t20s1272,runs,18.0,,,,,Papua New Guinea
t20s1273,runs,21.0,,,,,Netherlands
t20s1274,wickets,7.0,,,,,England
t20s1275,wickets,7.0,,,,,Australia
t20s1276,wickets,7.0,,,,,Netherlands
t20s1277,runs,27.0,,,,,Ireland
t20s1278,runs,21.0,,,,,New Zealand
t20s1279,wickets,7.0,,,,,Bangladesh
t20s1280,,,,,,no result,
t20s1281,runs,14.0,,,,,New Zealand
t20s1282,wickets,7.0,,,,,Australia
t20s1283,wickets,8.0,,,,,India
t20s1284,runs,76.0,,,,,England
t20s1285,wickets,10.0,,,,,Australia
t20s1286,runs,84.0,,,,,India
t20s1287,wickets,10.0,,,,,India
t20s1288,,,,England,,tie,
t20s1289,runs,30.0,,,,,India
t20s1290,wickets,7.0,,,,,India
t20s1291,runs,30.0,,,,,West Indies
t20s1292,runs,41.0,,,,,Afghanistan
t20s1293,runs,5.0,,,,,India
t20s1294,runs,29.0,,,,,Afghanistan
t20s1295,runs,61.0,,,,,India
t20s1296,wickets,10.0,,,,,Nepal
t20s1297,wickets,10.0,,,,,Bangladesh
t20s1298,runs,249.0,,,,,Bangladesh
t20s1299,runs,141.0,,,,,Nepal
t20s1300,runs,84.0,,,,,Nepal
t20s1301,wickets,6.0,,,,,India
t20s1302,wickets,10.0,,,,,Nepal
t20s1303,wickets,8.0,,,,,Maldives
t20s1304,wickets,8.0,,,,,West Indies
t20s1305,wickets,5.0,,,,,Nepal
t20s1306,runs,67.0,,,,,India
t20s1307,runs,29.0,,,,,England
t20s1308,runs,84.0,,,,,England
t20s1309,runs,26.0,,,,,England
t20s1310,wickets,7.0,,,,,India
t20s1311,runs,78.0,,,,,India
t20s1312,runs,4.0,,,,,Ireland
t20s1313,,,,,,no result,
t20s1314,wickets,9.0,,,,,West Indies
t20s1315,wickets,5.0,,,,,Pakistan
t20s1316,wickets,6.0,,,,,India
t20s1317,wickets,9.0,,,,,Pakistan
t20s1318,wickets,7.0,,,,,India
t20s1319,,,,India,,tie,
t20s1320,,,,India,,tie,
t20s1321,wickets,5.0,,,,,India
t20s1322,,,,England,,tie,
t20s1323,wickets,9.0,,,,,New Zealand
t20s1324,runs,7.0,,,,,India
t20s1325,wickets,4.0,,,,,Australia
t20s1326,runs,115.0,,,,,Germany
t20s1327,wickets,6.0,,,,,Germany
t20s1328,wickets,5.0,,,,,New Zealand
t20s1329,runs,19.0,,,,,Germany
t20s1330,wickets,4.0,,,,,England
t20s1331,runs,23.0,,,,,Germany
t20s1332,wickets,7.0,,,,,India
t20s1333,wickets,5.0,,,,,South Africa
t20s1334,runs,16.0,,,,,Australia
t20s1335,runs,69.0,,,,,New Zealand
t20s1336,runs,1.0,,,,,South Africa
t20s1337,runs,11.0,,,,,Australia
t20s1338,runs,2.0,,,,,England
t20s1339,wickets,5.0,,,,,England
t20s1340,runs,21.0,,,D/L,,Malaysia
t20s1341,runs,35.0,,,,,Malaysia
t20s1342,runs,107.0,,,,,Australia
t20s1343,runs,17.0,,,,,India
t20s1344,wickets,7.0,,,,,New Zealand
t20s1345,wickets,7.0,,,,,West Indies
t20s1346,runs,8.0,,,,,Malaysia
t20s1347,runs,12.0,,,,,South Africa
t20s1348,wickets,6.0,,,,,South Africa
t20s1349,runs,13.0,,,,,Malaysia
t20s1350,runs,18.0,,,,,India
t20s1351,wickets,5.0,,,,,Australia
t20s1352,wickets,8.0,,,,,Kuwait
t20s1353,wickets,6.0,,,,,Bahrain
t20s1354,runs,12.0,,,,,United Arab Emirates
t20s1355,wickets,10.0,,,,,Oman
t20s1356,runs,28.0,,,,,United Arab Emirates
t20s1357,runs,87.0,,,,,Kuwait
t20s1358,wickets,6.0,,,,,Malaysia
t20s1359,runs,97.0,,,,,Australia
t20s1360,wickets,8.0,,,,,Pakistan
t20s1361,runs,98.0,,,,,England
t20s1362,runs,102.0,,,,,United Arab Emirates
t20s1363,runs,86.0,,,,,Australia
t20s1364,runs,3.0,,,,,India
t20s1365,runs,42.0,,,,,England
t20s1366,runs,113.0,,,,,South Africa
t20s1367,runs,43.0,,,,,Singapore
t20s1368,wickets,7.0,,,,,India
t20s1369,runs,17.0,,,,,New Zealand
t20s1370,wickets,8.0,,,,,Malaysia
t20s1371,runs,43.0,,,,,Hong Kong
t20s1372,runs,46.0,,,,,England
t20s1373,runs,17.0,,,,,South Africa
t20s1374,runs,4.0,,,,,Australia
t20s1375,wickets,9.0,,,,,Sri Lanka
t20s1376,wickets,8.0,,,,,Hong Kong
t20s1377,runs,128.0,,,,,Singapore
t20s1378,,,,,,no result,
t20s1379,runs,16.0,,,,,Singapore
t20s1380,wickets,9.0,,,,,Nepal
t20s1381,runs,25.0,,,,,West Indies
t20s1382,runs,5.0,,,D/L,,Australia
t20s1383,wickets,6.0,,,,,Hong Kong
t20s1384,runs,11.0,,,D/L,,Afghanistan
t20s1385,wickets,7.0,,,,,West Indies
t20s1386,runs,21.0,,,,,Afghanistan
t20s1387,runs,58.0,,,,,Germany
t20s1388,wickets,9.0,,,,,Spain
t20s1389,runs,85.0,,,,,Australia
t20s1390,runs,48.0,,,,,Bangladesh
t20s1391,,,,Ireland,,tie,
t20s1392,wickets,9.0,,,,,Bangladesh
t20s1393,wickets,10.0,,,,,Germany
t20s1394,runs,138.0,,,,,Germany
t20s1395,runs,137.0,,,,,Germany
t20s1396,runs,79.0,,,,,Germany
t20s1397,wickets,8.0,,,,,Guernsey
t20s1398,,,,,,no result,
t20s1399,runs,37.0,,,,,Belgium
t20s1400,runs,49.0,,,,,Belgium
t20s1401,runs,87.0,,,,,Belgium
t20s1402,wickets,5.0,,,,,England
t20s1403,runs,5.0,,,,,Pakistan
t20s1404,runs,2.0,,,,,England
t20s1405,wickets,6.0,,,,,England
t20s1406,wickets,5.0,,,,,Australia
t20s1407,runs,47.0,,,,,England
t20s1408,runs,47.0,,,,,England
t20s1409,runs,20.0,,,,,England
t20s1410,runs,17.0,,,,,Australia
t20s1411,wickets,8.0,,,,,Australia
t20s1412,runs,44.0,,,,,England
t20s1413,wickets,3.0,,,,,England
t20s1414,wickets,5.0,,,,,New Zealand
t20s1415,runs,33.0,,,,,Bulgaria
t20s1416,runs,52.0,,,,,Romania
t20s1417,wickets,6.0,,,,,Romania
t20s1418,wickets,6.0,,,,,Pakistan
t20s1419,wickets,8.0,,,,,Pakistan
t20s1420,wickets,8.0,,,,,Pakistan
t20s1421,wickets,5.0,,,,,England
t20s1422,wickets,5.0,,,,,New Zealand
t20s1423,wickets,4.0,,,,,England
t20s1424,runs,72.0,,,,,New Zealand
t20s1425,,,,,,no result,
t20s1426,wickets,9.0,,,,,England
t20s1427,runs,11.0,,,,,India
t20s1428,wickets,6.0,,,,,India
t20s1429,runs,12.0,,,,,Australia
t20s1430,wickets,5.0,,,,,New Zealand
t20s1431,wickets,9.0,,,,,New Zealand
t20s1432,wickets,4.0,,,,,Pakistan
t20s1433,wickets,8.0,,,,,South Africa
t20s1434,runs,18.0,,,,,South Africa
t20s1435,runs,8.0,,,D/L,,Pakistan
t20s1436,runs,3.0,,,,,Pakistan
t20s1437,wickets,6.0,,,,,South Africa
t20s1438,wickets,4.0,,,,,Pakistan
t20s1439,runs,53.0,,,,,New Zealand
t20s1440,runs,4.0,,,,,New Zealand
t20s1441,wickets,4.0,,,,,West Indies
t20s1442,wickets,7.0,,,,,England
t20s1443,runs,64.0,,,,,Australia
t20s1444,runs,43.0,,,,,Sri Lanka
t20s1445,wickets,6.0,,,,,England
t20s1446,runs,50.0,,,,,Australia
t20s1447,wickets,3.0,,,,,West Indies
t20s1448,runs,32.0,,,,,England
t20s1449,wickets,7.0,,,,,New Zealand
t20s1450,wickets,8.0,,,,,England
t20s1451,wickets,7.0,,,,,India
t20s1452,wickets,8.0,,,,,England
t20s1453,runs,48.0,,,,,Afghanistan
t20s1454,runs,8.0,,,,,India
t20s1455,runs,45.0,,,,,Afghanistan
t20s1456,wickets,8.0,,,,,South Africa
t20s1457,runs,47.0,,,,,Afghanistan
t20s1458,runs,36.0,,,,,India
t20s1459,wickets,6.0,,,,,South Africa
t20s1460,wickets,9.0,,,,,India
t20s1461,wickets,6.0,,,,,Australia
t20s1462,runs,66.0,,,,,New Zealand
t20s1463,wickets,4.0,,,,,New Zealand
t20s1464,runs,28.0,,,D/L,,New Zealand
t20s1465,,,,,,no result,
t20s1466,runs,65.0,,,,,New Zealand
t20s1467,wickets,7.0,,,,,Namibia
t20s1468,runs,65.0,,,,,Namibia
t20s1469,runs,20.0,,,D/L,,Namibia
t20s1470,wickets,4.0,,,,,Pakistan
t20s1471,wickets,6.0,,,,,South Africa
t20s1472,wickets,9.0,,,,,Pakistan
t20s1473,wickets,3.0,,,,,Pakistan
t20s1474,wickets,9.0,,,,,Nepal
t20s1475,runs,15.0,,,,,Netherlands
t20s1476,wickets,9.0,,,,,Nepal
t20s1477,wickets,3.0,,,,,Netherlands
t20s1478,,,,,D/L,tie,
t20s1479,runs,11.0,,,,,Pakistan
t20s1480,runs,69.0,,,,,Nepal
t20s1481,runs,19.0,,,,,Zimbabwe
t20s1482,runs,142.0,,,,,Nepal
t20s1483,runs,24.0,,,,,Pakistan
t20s1484,wickets,9.0,,,,,Czech Republic
t20s1485,wickets,6.0,,,,,Luxembourg
t20s1486,runs,78.0,,,,,Austria
t20s1487,wickets,4.0,,,D/L,,Austria
t20s1488,wickets,5.0,,,,,Luxembourg
t20s1489,runs,11.0,,,,,Scotland
t20s1490,runs,61.0,,,,,Ireland
t20s1491,runs,41.0,,,,,Ireland
t20s1492,wickets,6.0,,,,,Ireland
t20s1493,wickets,8.0,,,,,Namibia
t20s1494,runs,43.0,,,,,Namibia
t20s1495,wickets,9.0,,,,,Kenya
t20s1496,runs,65.0,,,,,Namibia
t20s1497,runs,6.0,,,,,Rwanda
t20s1498,runs,36.0,,,,,Namibia
t20s1499,wickets,3.0,,,,,Nigeria
t20s1500,runs,25.0,,,,,Kenya
t20s1501,runs,52.0,,,,,Kenya
t20s1502,runs,91.0,,,,,Namibia
t20s1503,wickets,7.0,,,,,Kenya
t20s1504,runs,8.0,,,,,Rwanda
t20s1505,wickets,8.0,,,,,England
t20s1506,wickets,3.0,,,,,Romania
t20s1507,wickets,5.0,,,D/L,,England
t20s1508,runs,91.0,,,,,Romania
t20s1509,wickets,7.0,,,,,Romania
t20s1510,wickets,5.0,,,,,Greece
t20s1511,,,,,,no result,
t20s1512,wickets,10.0,,,,,Romania
t20s1513,wickets,8.0,,,,,West Indies
t20s1514,runs,89.0,,,,,England
t20s1515,runs,16.0,,,,,South Africa
t20s1516,runs,1.0,,,,,South Africa
t20s1517,runs,10.0,,,,,West Indies
t20s1518,runs,21.0,,,,,West Indies
t20s1519,runs,7.0,,,D/L,,West Indies
t20s1520,runs,25.0,,,,,South Africa
t20s1521,wickets,6.0,,,,,West Indies
t20s1522,wickets,8.0,,,,,Germany
t20s1523,wickets,9.0,,,,,Germany
t20s1524,wickets,10.0,,,,,Belgium
t20s1525,wickets,6.0,,,,,Malta
t20s1526,runs,65.0,,,,,Germany
t20s1527,wickets,4.0,,,,,Belgium
t20s1528,runs,18.0,,,,,West Indies
t20s1529,runs,18.0,,,D/L,,England
t20s1530,runs,39.0,,,,,Belgium
t20s1531,runs,2.0,,,,,Malta
t20s1532,runs,56.0,,,,,West Indies
t20s1533,runs,8.0,,,,,India
t20s1534,wickets,6.0,,,,,West Indies
t20s1535,runs,4.0,,,,,Australia
t20s1536,wickets,8.0,,,,,England
t20s1537,runs,16.0,,,,,West Indies
t20s1538,runs,31.0,,,,,Pakistan
t20s1539,runs,45.0,,,,,England
t20s1540,runs,33.0,,,,,South Africa
t20s1541,wickets,3.0,,,,,England
t20s1542,wickets,8.0,,,,,Bangladesh
t20s1543,runs,42.0,,,,,South Africa
t20s1544,runs,23.0,,,,,Zimbabwe
t20s1545,runs,49.0,,,,,South Africa
t20s1546,wickets,5.0,,,,,Bangladesh
t20s1547,runs,38.0,,,,,India
t20s1548,runs,28.0,,,,,Ireland
t20s1549,,,,,,no result,
t20s1550,wickets,4.0,,,,,Sri Lanka
t20s1551,wickets,6.0,,,,,Ireland
t20s1552,wickets,7.0,,,,,Sri Lanka
t20s1553,wickets,7.0,,,D/L,,Netherlands
t20s1554,runs,7.0,,,,,Pakistan
t20s1555,,,,,,no result,
t20s1556,runs,23.0,,,,,Bangladesh
t20s1557,,,,,,no result,
t20s1558,wickets,5.0,,,,,Bangladesh
t20s1559,wickets,4.0,,,,,France
t20s1560,wickets,5.0,,,,,Germany
t20s1561,wickets,2.0,,,D/L,,Germany
t20s1562,runs,10.0,,,,,Bangladesh
t20s1563,runs,3.0,,,,,Norway
t20s1564,runs,48.0,,,,,Germany
t20s1565,wickets,3.0,,,,,Australia
t20s1566,wickets,6.0,,,D/L,,Germany
t20s1567,runs,51.0,,,,,Norway
t20s1568,runs,60.0,,,,,Bangladesh
t20s1569,wickets,3.0,,,,,Sweden
t20s1570,wickets,6.0,,,,,Denmark
t20s1571,wickets,1.0,,,,,Rwanda
t20s1572,,,,,Awarded,,Ghana
t20s1573,runs,57.0,,,,,Rwanda
t20s1574,wickets,8.0,,,,,Malta
t20s1575,wickets,4.0,,,,,Finland
t20s1576,wickets,4.0,,,,,Finland
t20s1577,wickets,7.0,,,,,Ghana
t20s1578,runs,4.0,,,,,Malta
t20s1579,runs,96.0,,,,,Portugal
t20s1580,wickets,6.0,,,,,Sweden
t20s1581,wickets,3.0,,,D/L,,Sweden
t20s1582,runs,110.0,,,,,Portugal
t20s1583,wickets,9.0,,,,,Netherlands
t20s1584,runs,164.0,,,,,Ireland
t20s1585,wickets,6.0,,,,,Scotland
t20s1586,wickets,7.0,,,,,Netherlands
t20s1587,wickets,5.0,,,,,Scotland
t20s1588,wickets,9.0,,,,,Germany
t20s1589,wickets,1.0,,,,,Zimbabwe
t20s1590,runs,3.0,,,,,Zimbabwe
t20s1591,runs,53.0,,,,,Thailand
t20s1592,wickets,2.0,,,,,Sweden
t20s1593,wickets,10.0,,,,,Scotland
t20s1594,wickets,10.0,,,,,Ireland
t20s1595,wickets,7.0,,,,,Ireland
t20s1596,runs,24.0,,,,,Ireland
t20s1597,wickets,7.0,,,,,Scotland
t20s1598,runs,27.0,,,,,Thailand
t20s1599,,,,,,no result,
t20s1600,runs,40.0,,,,,Ireland
t20s1601,wickets,7.0,,,,,Bangladesh
t20s1602,runs,46.0,,,,,England
t20s1603,runs,5.0,,,,,Hungary
t20s1604,runs,62.0,,,,,Luxembourg
t20s1605,runs,50.0,,,,,South Africa
t20s1606,runs,64.0,,,,,Ireland
t20s1607,runs,8.0,,,,,Romania
t20s1608,wickets,7.0,,,,,Malta
t20s1609,runs,35.0,,,,,Romania
t20s1610,runs,4.0,,,,,Bangladesh
t20s1611,runs,36.0,,,,,Romania
t20s1612,runs,2.0,,,,,Luxembourg
t20s1613,wickets,5.0,,,,,West Indies
t20s1614,runs,5.0,,,,,Zimbabwe
t20s1615,wickets,4.0,,,,,New Zealand
t20s1616,runs,33.0,,,,,Romania
t20s1617,wickets,8.0,,,,,Hungary
t20s1618,runs,52.0,,,,,New Zealand
t20s1619,wickets,6.0,,,,,Bangladesh
t20s1620,wickets,5.0,,,,,Nigeria
t20s1621,runs,195.0,,,,,Botswana
t20s1622,runs,4.0,,,,,Namibia
t20s1623,wickets,10.0,,,,,Rwanda
t20s1624,wickets,4.0,,,,,England
t20s1625,runs,59.0,,,,,Namibia
t20s1626,runs,110.0,,,,,Botswana
t20s1627,wickets,6.0,,,,,Zimbabwe
t20s1628,wickets,7.0,,,,,Germany
t20s1629,runs,22.0,,,,,Kenya
t20s1630,runs,27.0,,,,,New Zealand
t20s1631,runs,28.0,,,,,South Africa
t20s1632,runs,43.0,,,,,Uganda
t20s1633,runs,200.0,,,,,Tanzania
t20s1634,wickets,10.0,,,,,Zimbabwe
t20s1635,wickets,1.0,,,,,Spain
t20s1636,wickets,5.0,,,,,Spain
t20s1637,runs,56.0,,,,,Uganda
t20s1638,wickets,8.0,,,,,Kenya
t20s1639,wickets,9.0,,,,,South Africa
t20s1640,runs,171.0,,,,,Zimbabwe
t20s1641,wickets,8.0,,,,,Uganda
t20s1642,runs,61.0,,,,,Kenya
t20s1643,wickets,9.0,,,,,Uganda
t20s1644,wickets,8.0,,,,,Namibia
t20s1645,runs,256.0,,,,,Tanzania
t20s1646,wickets,10.0,,,,,South Africa
t20s1647,wickets,6.0,,,,,Sierra Leone
t20s1648,runs,55.0,,,,,Uganda
t20s1649,runs,7.0,,,,,Scotland
t20s1650,wickets,7.0,,,,,Tanzania
t20s1651,runs,52.0,,,,,Zimbabwe
t20s1652,runs,83.0,,,,,Mozambique
t20s1653,runs,4.0,,,D/L,,Nigeria
t20s1654,wickets,2.0,,,,,Namibia
t20s1655,runs,14.0,,,,,Zimbabwe
t20s1656,runs,6.0,,,,,Uganda
t20s1657,runs,10.0,,,,,Zimbabwe
t20s1658,wickets,6.0,,,,,Zimbabwe
t20s1659,wickets,9.0,,,,,Tanzania
t20s1660,wickets,6.0,,,,,Zimbabwe
t20s1661,runs,17.0,,,,,Namibia
t20s1662,wickets,4.0,,,,,Cyprus
t20s1663,wickets,4.0,,,,,Cyprus
t20s1664,wickets,6.0,,,,,Isle of Man
t20s1665,wickets,8.0,,,,,Isle of Man
t20s1666,wickets,7.0,,,,,Ireland
t20s1667,wickets,3.0,,,,,Isle of Man
t20s1668,,,,,,no result,
t20s1669,wickets,8.0,,,,,Scotland
t20s1670,runs,54.0,,,,,United Arab Emirates
t20s1671,wickets,8.0,,,,,Isle of Man
t20s1672,runs,39.0,,,,,Cyprus
t20s1673,wickets,5.0,,,,,Namibia
t20s1674,wickets,4.0,,,,,Australia
t20s1675,wickets,7.0,,,,,United Arab Emirates
t20s1676,runs,14.0,,,,,Namibia
t20s1677,runs,14.0,,,,,Australia
