key,toss_winner,toss_decision,decision,winner
t20s0001,,,field,Kenya
t20s0002,,,bat,Australia
t20s0003,,,bat,England
t20s0004,,,field,New Zealand
t20s0005,,,bat,Australia
t20s0006,,,field,New Zealand
t20s0007,,,bat,South Africa
t20s0008,,,bat,Sri Lanka
t20s0009,,,bat,England
t20s0010,,,bat,South Africa
t20s0011,,,bat,New Zealand
t20s0012,,,field,New Zealand
t20s0013,,,bat,Australia
t20s0014,,,bat,West Indies
t20s0015,,,bat,West Indies
t20s0016,,,field,Bangladesh
t20s0017,,,field,Bangladesh
t20s0018,,,bat,Kenya
t20s0019,,,field,South Africa
t20s0020,,,bat,Australia
t20s0021,,,field,Scotland
t20s0022,,,field,New Zealand
t20s0023,,,bat,England
t20s0024,,,field,Bangladesh
t20s0025,,,field,Pakistan
t20s0026,,,bat,England
t20s0027,,,field,Kenya
t20s0028,,,field,South Africa
t20s0029,,,bat,New Zealand
t20s0030,,,field,England
t20s0031,,,field,Australia
t20s0032,,,field,India
t20s0033,,,field,Sri Lanka
t20s0034,,,field,Bangladesh
t20s0035,,,field,Pakistan
t20s0036,,,field,England
t20s0037,,,bat,India
t20s0038,,,field,South Africa
t20s0039,,,bat,India
t20s0040,,,field,Pakistan
t20s0041,,,field,Australia
t20s0042,,,bat,India
t20s0043,,,bat,New Zealand
t20s0044,,,bat,India
t20s0045,,,bat,Australia
t20s0046,,,field,South Africa
t20s0047,,,bat,Australia
t20s0048,,,field,West Indies
t20s0049,,,field,South Africa
t20s0050,,,bat,India
t20s0051,,,field,New Zealand
t20s0052,,,bat,England
t20s0053,,,bat,Pakistan
t20s0054,,,field,England
t20s0055,,,field,West Indies
t20s0056,,,field,Scotland
t20s0057,,,field,Netherlands
t20s0058,,,field,Ireland
t20s0059,,,field,Pakistan
t20s0060,,,field,Sri Lanka
t20s0061,,,field,Bangladesh
t20s0062,,,bat,New Zealand
t20s0063,,,bat,New Zealand
t20s0064,,,bat,Australia
t20s0065,,,bat,South Africa
t20s0066,,,bat,Sri Lanka
t20s0067,,,bat,Australia
t20s0068,,,field,New Zealand
t20s0069,,,field,New Zealand
t20s0070,,,field,West Indies
t20s0071,,,field,South Africa
t20s0072,,,field,Australia
t20s0073,,,field,Pakistan
t20s0074,,,field,Netherlands
t20s0075,,,bat,India
t20s0076,,,bat,Australia
t20s0077,,,field,New Zealand
t20s0078,,,field,Pakistan
t20s0079,,,field,Scotland
t20s0080,,,field,Sri Lanka
t20s0081,,,field,Ireland
t20s0082,,,field,New Zealand
t20s0083,,,bat,Pakistan
t20s0084,,,field,West Indies
t20s0085,,,field,India
t20s0086,,,bat,England
t20s0087,,,field,Ireland
t20s0088,,,bat,India
t20s0089,,,bat,Sri Lanka
t20s0090,,,bat,New Zealand
t20s0091,,,field,West Indies
t20s0092,,,field,India
t20s0093,,,bat,Sri Lanka
t20s0094,,,bat,Pakistan
t20s0095,,,bat,England
t20s0096,,,bat,South Africa
t20s0097,,,bat,Sri Lanka
t20s0098,,,bat,Pakistan
t20s0099,,,bat,New Zealand
t20s0100,,,field,West Indies
t20s0101,,,field,England
t20s0102,,,bat,Sri Lanka
t20s0103,,,bat,Australia
t20s0104,,,bat,Bangladesh
t20s0105,,,bat,Pakistan
t20s0106,,,field,England
t20s0107,,,bat,New Zealand
t20s0108,,,bat,New Zealand
t20s0109,,,field,South Africa
t20s0110,,,field,New Zealand
t20s0111,,,bat,Pakistan
t20s0112,,,field,South Africa
t20s0113,,,bat,South Africa
t20s0114,,,field,India
t20s0115,,,bat,Sri Lanka
t20s0116,,,bat,Bangladesh
t20s0117,,,bat,Australia
t20s0118,,,bat,Canada
t20s0119,,,field,Ireland
t20s0120,,,field,Kenya
t20s0121,,,bat,Ireland
t20s0122,,,field,Netherlands
t20s0123,,,bat,Ireland
t20s0124,,,bat,Ireland
t20s0125,,,bat,Pakistan
t20s0126,,,field,Pakistan
t20s0127,,,bat,Australia
t20s0128,,,bat,West Indies
t20s0129,,,bat,New Zealand
t20s0130,,,bat,Zimbabwe
t20s0131,,,bat,New Zealand
t20s0132,,,bat,Sri Lanka
t20s0133,,,bat,West Indies
t20s0134,,,bat,Pakistan
t20s0135,,,field,India
t20s0136,,,bat,Australia
t20s0137,,,field,South Africa
t20s0138,,,bat,Sri Lanka
t20s0139,,,field,West Indies
t20s0140,,,field,New Zealand
t20s0141,,,field,Ireland
t20s0142,,,bat,Australia
t20s0143,,,field,Afghanistan
t20s0144,,,bat,South Africa
t20s0145,,,field,England
t20s0146,,,bat,Sri Lanka
t20s0147,,,field,India
t20s0148,,,bat,England
t20s0149,,,field,Pakistan
t20s0150,,,bat,Australia
t20s0151,,,field,India
t20s0152,,,bat,New Zealand
t20s0153,,,bat,Pakistan
t20s0154,,,bat,West Indies
t20s0155,,,bat,India
t20s0156,,,bat,India
t20s0157,,,bat,Sri Lanka
t20s0158,,,field,West Indies
t20s0159,,,field,Australia
t20s0160,,,bat,Australia
t20s0161,,,field,England
t20s0162,,,field,West Indies
t20s0163,,,field,West Indies
t20s0164,,,bat,New Zealand
t20s0165,,,bat,New Zealand
t20s0166,,,field,India
t20s0167,,,field,India
t20s0168,,,bat,Pakistan
t20s0169,,,bat,Pakistan
t20s0170,,,field,England
t20s0171,,,bat,Pakistan
t20s0172,,,bat,Zimbabwe
t20s0173,,,bat,South Africa
t20s0174,,,bat,Pakistan
t20s0175,,,bat,Pakistan
t20s0176,,,bat,Australia
t20s0177,,,field,New Zealand
t20s0178,,,field,Pakistan
t20s0179,,,bat,New Zealand
t20s0180,,,bat,Pakistan
t20s0181,,,bat,India
t20s0182,,,bat,Australia
t20s0183,,,bat,Australia
t20s0184,,,bat,West Indies
t20s0185,,,field,West Indies
t20s0186,,,field,Sri Lanka
t20s0187,,,bat,England
t20s0188,,,field,Australia
t20s0189,,,bat,Sri Lanka
t20s0190,,,bat,India
t20s0191,,,field,Zimbabwe
t20s0192,,,bat,Pakistan
t20s0193,,,field,England
t20s0194,,,field,England
t20s0195,,,field,Bangladesh
t20s0196,,,bat,South Africa
t20s0197,,,field,New Zealand
t20s0198,,,bat,Australia
t20s0199,,,field,Zimbabwe
t20s0200,,,bat,South Africa
t20s0201,,,bat,India
t20s0202,,,bat,Sri Lanka
t20s0203,,,bat,Pakistan
t20s0204,,,field,India
t20s0205,,,bat,Australia
t20s0206,,,bat,Zimbabwe
t20s0207,,,bat,Zimbabwe
t20s0208,,,field,England
t20s0209,,,field,New Zealand
t20s0210,,,field,New Zealand
t20s0211,,,field,South Africa
t20s0212,,,field,Ireland
t20s0213,,,field,New Zealand
t20s0214,,,field,New Zealand
t20s0215,,,bat,Kenya
t20s0216,,,field,England
t20s0217,,,bat,Ireland
t20s0218,,,bat,England
t20s0219,,,bat,England
t20s0220,,,bat,Netherlands
t20s0221,,,bat,Netherlands
t20s0222,,,bat,Kenya
t20s0223,,,bat,Afghanistan
t20s0224,,,bat,Ireland
t20s0225,,,bat,Canada
t20s0226,,,bat,Canada
t20s0227,,,field,Ireland
t20s0228,,,bat,Afghanistan
t20s0229,,,bat,West Indies
t20s0230,,,field,India
t20s0231,,,bat,West Indies
t20s0232,,,bat,Sri Lanka
t20s0233,,,bat,Pakistan
t20s0234,,,bat,West Indies
t20s0235,,,field,India
t20s0236,,,bat,India
t20s0237,,,field,New Zealand
t20s0238,,,bat,West Indies
t20s0239,,,field,Ireland
t20s0240,,,bat,Netherlands
t20s0241,,,bat,Bangladesh
t20s0242,,,field,Sri Lanka
t20s0243,,,bat,Pakistan
t20s0244,,,field,Pakistan
t20s0245,,,bat,England
t20s0246,,,bat,Pakistan
t20s0247,,,bat,West Indies
t20s0248,,,field,South Africa
t20s0249,,,field,Pakistan
t20s0250,,,field,West Indies
t20s0251,,,field,England
t20s0252,,,field,India
t20s0253,,,field,South Africa
t20s0254,,,bat,England
t20s0255,,,bat,England
t20s0256,,,field,West Indies
t20s0257,,,field,Zimbabwe
t20s0258,,,field,Afghanistan
t20s0259,,,bat,Ireland
t20s0260,,,field,South Africa
t20s0261,,,field,Afghanistan
t20s0262,,,field,Bangladesh
t20s0263,,,bat,West Indies
t20s0264,,,field,Sri Lanka
t20s0265,,,field,England
t20s0266,,,bat,Pakistan
t20s0267,,,field,West Indies
t20s0268,,,bat,Bangladesh
t20s0269,,,field,West Indies
t20s0270,,,field,South Africa
t20s0271,,,bat,India
t20s0272,,,field,Pakistan
t20s0273,,,bat,West Indies
t20s0274,,,bat,New Zealand
t20s0275,,,field,West Indies
t20s0276,,,field,South Africa
t20s0277,,,bat,India
t20s0278,,,bat,South Africa
t20s0279,,,bat,India
t20s0280,,,bat,Australia
t20s0281,,,bat,West Indies
t20s0282,,,bat,New Zealand
t20s0283,,,bat,Sri Lanka
t20s0284,,,field,West Indies
t20s0285,,,bat,Pakistan
t20s0286,,,field,Australia
t20s0287,,,bat,Australia
t20s0288,,,bat,Pakistan
t20s0289,,,field,England
t20s0290,,,field,New Zealand
t20s0291,,,field,South Africa
t20s0292,,,field,Australia
t20s0293,,,bat,Sri Lanka
t20s0294,,,field,England
t20s0295,,,bat,Sri Lanka
t20s0296,,,bat,Australia
t20s0297,,,bat,West Indies
t20s0298,,,field,England
t20s0299,,,bat,West Indies
t20s0300,,,bat,Pakistan
t20s0301,,,field,Sri Lanka
t20s0302,,,field,Pakistan
t20s0303,,,field,Sri Lanka
t20s0304,,,bat,India
t20s0305,,,bat,West Indies
t20s0306,,,field,India
t20s0307,,,bat,New Zealand
t20s0308,,,field,England
t20s0309,,,field,New Zealand
t20s0310,,,field,Pakistan
t20s0311,,,bat,South Africa
t20s0312,,,field,Pakistan
t20s0313,,,bat,South Africa
t20s0314,,,field,West Indies
t20s0315,,,bat,Australia
t20s0316,,,field,Australia
t20s0317,,,field,New Zealand
t20s0318,,,field,England
t20s0319,,,bat,West Indies
t20s0320,,,field,England
t20s0321,,,bat,Zimbabwe
t20s0322,,,bat,Sri Lanka
t20s0323,,,bat,West Indies
t20s0324,,,bat,Afghanistan
t20s0325,,,bat,Pakistan
t20s0326,,,bat,Scotland
t20s0327,,,field,Sri Lanka
t20s0328,,,bat,West Indies
t20s0329,,,bat,Kenya
t20s0330,,,bat,Kenya
t20s0331,,,field,Bangladesh
t20s0332,,,bat,Netherlands
t20s0333,,,field,Kenya
t20s0334,,,bat,Zimbabwe
t20s0335,,,bat,Bangladesh
t20s0336,,,field,England
t20s0337,,,field,New Zealand
t20s0338,,,bat,Pakistan
t20s0339,,,bat,England
t20s0340,,,bat,Pakistan
t20s0341,,,bat,West Indies
t20s0342,,,bat,Pakistan
t20s0343,,,field,Pakistan
t20s0344,,,field,Sri Lanka
t20s0345,,,bat,South Africa
t20s0346,,,bat,South Africa
t20s0347,,,bat,South Africa
t20s0348,,,field,Zimbabwe
t20s0349,,,field,Zimbabwe
t20s0350,,,bat,England
t20s0351,,,bat,Australia
t20s0352,,,field,England
t20s0353,,,field,England
t20s0354,,,field,Australia
t20s0355,,,bat,Bangladesh
t20s0356,,,bat,South Africa
t20s0357,,,bat,Afghanistan
t20s0358,,,field,India
t20s0359,,,bat,Kenya
t20s0360,,,field,South Africa
t20s0361,,,field,South Africa
t20s0362,,,field,South Africa
t20s0363,,,bat,New Zealand
t20s0364,,,bat,Pakistan
t20s0365,,,bat,Afghanistan
t20s0366,,,bat,South Africa
t20s0367,,,bat,Afghanistan
t20s0368,,,field,Canada
t20s0369,,,bat,Kenya
t20s0370,,,field,Pakistan
t20s0371,,,field,Sri Lanka
t20s0372,,,bat,Pakistan
t20s0373,,,field,Netherlands
t20s0374,,,bat,Netherlands
t20s0375,,,bat,Afghanistan
t20s0376,,,bat,Kenya
t20s0377,,,bat,Scotland
t20s0378,,,bat,Ireland
t20s0379,,,bat,Afghanistan
t20s0380,,,field,Pakistan
t20s0381,,,field,Pakistan
t20s0382,,,bat,New Zealand
t20s0383,,,bat,West Indies
t20s0384,,,field,Ireland
t20s0385,,,field,Pakistan
t20s0386,,,field,Ireland
t20s0387,,,field,Pakistan
t20s0388,,,bat,Australia
t20s0389,,,field,Australia
t20s0390,,,bat,England
t20s0391,,,field,Australia
t20s0392,,,bat,Australia
t20s0393,,,field,Bangladesh
t20s0394,,,bat,Bangladesh
t20s0395,,,bat,West Indies
t20s0396,,,field,Ireland
t20s0397,,,bat,West Indies
t20s0398,,,bat,England
t20s0399,,,field,Australia
t20s0400,,,bat,England
t20s0401,,,field,Australia
t20s0402,,,field,Hong Kong
t20s0403,,,field,Bangladesh
t20s0404,,,bat,United Arab Emirates
t20s0405,,,field,Ireland
t20s0406,,,field,Bangladesh
t20s0407,,,bat,Hong Kong
t20s0408,,,field,Ireland
t20s0409,,,bat,Netherlands
t20s0410,,,field,Hong Kong
t20s0411,,,field,Afghanistan
t20s0412,,,field,India
t20s0413,,,field,Netherlands
t20s0414,,,field,Zimbabwe
t20s0415,,,field,New Zealand
t20s0416,,,bat,Sri Lanka
t20s0417,,,field,Australia
t20s0418,,,field,India
t20s0419,,,field,Australia
t20s0420,,,bat,Sri Lanka
t20s0421,,,field,England
t20s0422,,,field,Sri Lanka
t20s0423,,,field,New Zealand
t20s0424,,,bat,New Zealand
t20s0425,,,field,Bangladesh
t20s0426,,,bat,India
t20s0427,,,bat,West Indies
t20s0428,,,bat,New Zealand
t20s0429,,,field,England
t20s0430,,,field,Netherlands
t20s0431,,,bat,Sri Lanka
t20s0432,,,field,India
t20s0433,,,bat,Australia
t20s0434,,,bat,Australia
t20s0435,,,bat,South Africa
t20s0436,,,field,England
t20s0437,,,field,New Zealand
t20s0438,,,bat,Sri Lanka
t20s0439,,,bat,India
t20s0440,,,field,Australia
t20s0441,,,bat,Pakistan
t20s0442,,,bat,New Zealand
t20s0443,,,bat,Pakistan
t20s0444,,,field,New Zealand
t20s0445,,,field,England
t20s0446,,,bat,West Indies
t20s0447,,,bat,Bangladesh
t20s0448,,,bat,West Indies
t20s0449,,,bat,Bangladesh
t20s0450,,,bat,India
t20s0451,,,bat,Sri Lanka
t20s0452,,,bat,Bangladesh
t20s0453,,,bat,Pakistan
t20s0454,,,bat,Australia
t20s0455,,,bat,Sri Lanka
t20s0456,,,field,England
t20s0457,,,bat,South Africa
t20s0458,,,field,Australia
t20s0459,,,field,Sri Lanka
t20s0460,,,field,England
t20s0461,,,field,New Zealand
t20s0462,,,field,New Zealand
t20s0463,,,bat,Bangladesh
t20s0464,,,bat,Pakistan
t20s0465,,,bat,Australia
t20s0466,,,field,England
t20s0467,,,bat,Pakistan
t20s0468,,,bat,England
t20s0469,,,bat,Australia
t20s0470,,,field,South Africa
t20s0471,,,bat,England
t20s0472,,,bat,Pakistan
t20s0473,,,bat,Sri Lanka
t20s0474,,,bat,Sri Lanka
t20s0475,,,bat,Sri Lanka
t20s0476,,,field,Australia
t20s0477,,,bat,Australia
t20s0478,,,bat,West Indies
t20s0479,,,bat,South Africa
t20s0480,,,field,Australia
t20s0481,,,field,Hong Kong
t20s0482,,,field,Pakistan
t20s0483,,,field,Pakistan
t20s0484,,,bat,South Africa
t20s0485,,,field,West Indies
t20s0486,,,field,West Indies
t20s0487,,,bat,Pakistan
t20s0488,,,bat,Pakistan
t20s0489,,,field,Pakistan
t20s0490,,,bat,South Africa
t20s0491,,,field,South Africa
t20s0492,,,bat,Pakistan
t20s0493,,,bat,Zimbabwe
t20s0494,,,field,Sri Lanka
t20s0495,,,bat,Zimbabwe
t20s0496,,,bat,Sri Lanka
t20s0497,,,field,West Indies
t20s0498,,,field,Scotland
t20s0499,,,bat,England
t20s0500,,,field,Nepal
t20s0501,,,bat,Netherlands
t20s0502,,,bat,South Africa
t20s0503,,,bat,South Africa
t20s0504,,,field,Netherlands
t20s0505,,,field,Scotland
t20s0506,,,bat,United Arab Emirates
t20s0507,,,bat,Netherlands
t20s0508,,,bat,Afghanistan
t20s0509,,,field,Netherlands
t20s0510,,,field,Ireland
t20s0511,,,field,Hong Kong
t20s0512,,,bat,Ireland
t20s0513,,,bat,India
t20s0514,,,field,Ireland
t20s0515,,,field,Papua New Guinea
t20s0516,,,bat,Zimbabwe
t20s0517,,,bat,Afghanistan
t20s0518,,,bat,Papua New Guinea
t20s0519,,,field,Netherlands
t20s0520,,,field,Afghanistan
t20s0521,,,field,Scotland
t20s0522,,,bat,Pakistan
t20s0523,,,bat,Sri Lanka
t20s0524,,,field,Zimbabwe
t20s0525,,,field,South Africa
t20s0526,,,bat,New Zealand
t20s0527,,,field,Ireland
t20s0528,,,bat,Australia
t20s0529,,,bat,Australia
t20s0530,,,field,England
t20s0531,,,field,England
t20s0532,,,field,England
t20s0533,,,field,Australia
t20s0534,,,bat,Pakistan
t20s0535,,,bat,Pakistan
t20s0536,,,bat,Pakistan
t20s0537,,,bat,Pakistan
t20s0538,,,field,South Africa
t20s0539,,,field,South Africa
t20s0540,,,bat,Zimbabwe
t20s0541,,,bat,Zimbabwe
t20s0542,,,field,West Indies
t20s0543,,,field,West Indies
t20s0544,,,bat,West Indies
t20s0545,,,field,Bangladesh
t20s0546,,,bat,Bangladesh
t20s0547,,,field,Oman
t20s0548,,,field,United Arab Emirates
t20s0549,,,field,Hong Kong
t20s0550,,,field,Hong Kong
t20s0551,,,bat,England
t20s0552,,,bat,England
t20s0553,,,field,Oman
t20s0554,,,bat,England
t20s0555,,,bat,Bangladesh
t20s0556,,,field,Sri Lanka
t20s0557,,,bat,Afghanistan
t20s0558,,,field,Zimbabwe
t20s0559,,,field,New Zealand
t20s0560,,,bat,Zimbabwe
t20s0561,,,field,New Zealand
t20s0562,,,bat,Bangladesh
t20s0563,,,bat,Pakistan
t20s0564,,,bat,Zimbabwe
t20s0565,,,bat,Zimbabwe
t20s0566,,,field,Pakistan
t20s0567,,,field,Australia
t20s0568,,,field,Australia
t20s0569,,,field,India
t20s0570,,,field,Hong Kong
t20s0571,,,field,Hong Kong
t20s0572,,,bat,Australia
t20s0573,,,field,India
t20s0574,,,field,United Arab Emirates
t20s0575,,,bat,United Arab Emirates
t20s0576,,,field,Papua New Guinea
t20s0577,,,field,Sri Lanka
t20s0578,,,bat,Papua New Guinea
t20s0579,,,field,Sri Lanka
t20s0580,,,field,India
t20s0581,,,field,United Arab Emirates
t20s0582,,,bat,United Arab Emirates
t20s0583,,,field,South Africa
t20s0584,,,bat,Oman
t20s0585,,,bat,United Arab Emirates
t20s0586,,,field,South Africa
t20s0587,,,bat,Oman
t20s0588,,,bat,Hong Kong
t20s0589,,,field,England
t20s0590,,,field,South Africa
t20s0591,,,field,Oman
t20s0592,,,field,Hong Kong
t20s0593,,,field,Bangladesh
t20s0594,,,field,United Arab Emirates
t20s0595,,,field,United Arab Emirates
t20s0596,,,field,India
t20s0597,,,bat,Bangladesh
t20s0598,,,bat,United Arab Emirates
t20s0599,,,field,India
t20s0600,,,bat,Pakistan
t20s0601,,,bat,United Arab Emirates
t20s0602,,,field,Pakistan
t20s0603,,,bat,South Africa
t20s0604,,,bat,Australia
t20s0605,,,field,India
t20s0606,,,field,Australia
t20s0607,,,bat,Afghanistan
t20s0608,,,field,Hong Kong
t20s0609,,,bat,Ireland
t20s0610,,,field,Netherlands
t20s0611,,,bat,South Africa
t20s0612,,,bat,South Africa
t20s0613,,,bat,Hong Kong
t20s0614,,,bat,Zimbabwe
t20s0615,,,field,Ireland
t20s0616,,,bat,Hong Kong
t20s0617,,,bat,Afghanistan
t20s0618,,,field,Oman
t20s0619,,,field,Ireland
t20s0620,,,bat,Sri Lanka
t20s0621,,,field,Bangladesh
t20s0622,,,bat,New Zealand
t20s0623,,,field,Pakistan
t20s0624,,,bat,Pakistan
t20s0625,,,field,West Indies
t20s0626,,,bat,England
t20s0627,,,bat,Afghanistan
t20s0628,,,bat,South Africa
t20s0629,,,bat,New Zealand
t20s0630,,,field,England
t20s0631,,,bat,New Zealand
t20s0632,,,field,Pakistan
t20s0633,,,field,India
t20s0634,,,bat,Sri Lanka
t20s0635,,,bat,West Indies
t20s0636,,,field,West Indies
t20s0637,,,bat,South Africa
t20s0638,,,bat,Australia
t20s0639,,,field,Australia
t20s0640,,,field,England
t20s0641,,,bat,New Zealand
t20s0642,,,bat,South Africa
t20s0643,,,field,Bangladesh
t20s0644,,,bat,England
t20s0645,,,bat,Bangladesh
t20s0646,,,bat,Sri Lanka
t20s0647,,,bat,West Indies
t20s0648,,,field,West Indies
t20s0649,,,bat,Australia
t20s0650,,,field,New Zealand
t20s0651,,,field,Australia
t20s0652,,,field,Sri Lanka
t20s0653,,,bat,New Zealand
t20s0654,,,bat,England
t20s0655,,,field,India
t20s0656,,,field,West Indies
t20s0657,,,bat,Australia
t20s0658,,,bat,Sri Lanka
t20s0659,,,field,South Africa
t20s0660,,,field,England
t20s0661,,,field,England
t20s0662,,,field,New Zealand
t20s0663,,,field,West Indies
t20s0664,,,bat,Australia
t20s0665,,,field,West Indies
t20s0666,,,field,India
t20s0667,,,bat,Zimbabwe
t20s0668,,,field,Zimbabwe
t20s0669,,,bat,England
t20s0670,,,bat,England
t20s0671,,,bat,Sri Lanka
t20s0672,,,bat,England
t20s0673,,,field,India
t20s0674,,,field,India
t20s0675,,,field,Bangladesh
t20s0676,,,bat,Hong Kong
t20s0677,,,field,Sri Lanka
t20s0678,,,bat,England
t20s0679,,,bat,Sri Lanka
t20s0680,,,field,Pakistan
t20s0681,,,field,West Indies
t20s0682,,,field,Pakistan
t20s0683,,,field,Australia
t20s0684,,,bat,New Zealand
t20s0685,,,bat,India
t20s0686,,,bat,Afghanistan
t20s0687,,,bat,United Arab Emirates
t20s0688,,,bat,Afghanistan
t20s0689,,,bat,Bangladesh
t20s0690,,,field,Bangladesh
t20s0691,,,field,Bangladesh
t20s0692,,,bat,Ireland
t20s0693,,,bat,Scotland
t20s0694,,,bat,Oman
t20s0695,,,field,Afghanistan
t20s0696,,,field,Oman
t20s0697,,,field,Netherlands
t20s0698,,,bat,Hong Kong
t20s0699,,,bat,Ireland
t20s0700,,,bat,Oman
t20s0701,,,field,Sri Lanka
t20s0702,,,bat,Ireland
t20s0703,,,field,Scotland
t20s0704,,,field,Afghanistan
t20s0705,,,bat,South Africa
t20s0706,,,bat,South Africa
t20s0707,,,field,England
t20s0708,,,field,England
t20s0709,,,field,England
t20s0710,,,field,New Zealand
t20s0711,,,field,New Zealand
t20s0712,,,field,Sri Lanka
t20s0713,,,field,Australia
t20s0714,,,field,Sri Lanka
t20s0715,,,bat,New Zealand
t20s0716,,,field,Sri Lanka
t20s0717,,,bat,Ireland
t20s0718,,,bat,Afghanistan
t20s0719,,,field,Ireland
t20s0720,,,field,Pakistan
t20s0721,,,field,West Indies
t20s0722,,,bat,Pakistan
t20s0723,,,field,Pakistan
t20s0724,,,bat,Bangladesh
t20s0725,,,bat,Bangladesh
t20s0726,,,field,United Arab Emirates
t20s0727,,,bat,Papua New Guinea
t20s0728,,,field,Papua New Guinea
t20s0729,,,bat,Afghanistan
t20s0730,,,bat,West Indies
t20s0731,,,bat,Afghanistan
t20s0732,,,bat,South Africa
t20s0733,,,field,England
t20s0734,,,field,South Africa
t20s0735,,,field,West Indies
t20s0736,,,field,India
t20s0737,,,field,ICC World XI
t20s0738,,,bat,Pakistan
t20s0739,,,field,ICC World XI
t20s0740,,,field,England
t20s0741,,,field,India
t20s0742,,,field,Australia
t20s0743,,,bat,West Indies
t20s0744,,,field,Pakistan
t20s0745,,,bat,South Africa
t20s0746,,,field,Pakistan
t20s0747,,,field,Sri Lanka
t20s0748,,,field,Bangladesh
t20s0749,,,field,New Zealand
t20s0750,,,bat,New Zealand
t20s0751,,,field,New Zealand
t20s0752,,,bat,New Zealand
t20s0753,,,bat,New Zealand
t20s0754,,,bat,Pakistan
t20s0755,,,field,Australia
t20s0756,,,bat,England
t20s0757,,,bat,Australia
t20s0758,,,field,Sri Lanka
t20s0759,,,field,Sri Lanka
t20s0760,,,field,India
t20s0761,,,field,West Indies
t20s0762,,,field,West Indies
t20s0763,,,bat,New Zealand
t20s0764,,,field,New Zealand
t20s0765,,,bat,Pakistan
t20s0766,,,bat,Pakistan
t20s0767,,,field,Australia
t20s0768,,,field,Afghanistan
t20s0769,,,field,Zimbabwe
t20s0770,,,field,Australia
t20s0771,,,field,Australia
t20s0772,,,field,India
t20s0773,,,field,England
t20s0774,,,bat,Bangladesh
t20s0775,,,field,India
t20s0776,,,bat,New Zealand
t20s0777,,,field,Bangladesh
t20s0778,,,field,South Africa
t20s0779,,,field,South Africa
t20s0780,,,field,New Zealand
t20s0781,,,field,India
t20s0782,,,field,South Africa
t20s0783,,,bat,New Zealand
t20s0784,,,field,South Africa
t20s0785,,,field,South Africa
t20s0786,,,field,Sri Lanka
t20s0787,,,field,India
t20s0788,,,field,Bangladesh
t20s0789,,,field,India
t20s0790,,,field,West Indies
t20s0791,,,field,Bangladesh
t20s0792,,,field,West Indies
t20s0793,,,field,Bangladesh
t20s0794,,,field,India
t20s0795,,,field,West Indies
t20s0796,,,field,Australia
t20s0797,,,field,England
t20s0798,,,field,New Zealand
t20s0799,,,field,England
t20s0800,,,field,India
t20s0801,,,field,Pakistan
t20s0802,,,field,Australia
t20s0803,,,bat,England
t20s0804,,,bat,Pakistan
t20s0805,,,field,England
t20s0806,,,field,West Indies
t20s0807,,,bat,Pakistan
t20s0808,,,bat,West Indies
t20s0809,,,field,Bangladesh
t20s0810,,,field,Bangladesh
t20s0811,,,field,ICC World XI
t20s0812,,,bat,Thailand
t20s0813,,,bat,India
t20s0814,,,field,Bangladesh
t20s0815,,,field,Malaysia
t20s0816,,,field,Thailand
t20s0817,,,field,Bangladesh
t20s0818,,,bat,Bangladesh
t20s0819,,,bat,India
t20s0820,,,bat,Malaysia
t20s0821,,,field,Sri Lanka
t20s0822,,,bat,Ireland
t20s0823,,,bat,Sri Lanka
t20s0824,,,field,Malaysia
t20s0825,,,field,Bangladesh
t20s0826,,,bat,Afghanistan
t20s0827,,,bat,Bangladesh
t20s0828,,,field,Thailand
t20s0829,,,bat,Pakistan
t20s0830,,,field,Bangladesh
t20s0831,,,field,Ireland
t20s0832,,,bat,Pakistan
t20s0833,,,bat,Ireland
t20s0834,,,bat,Pakistan
t20s0835,,,bat,Ireland
t20s0836,,,bat,Scotland
t20s0837,,,bat,Netherlands
t20s0838,,,bat,Scotland
t20s0839,,,bat,England
t20s0840,,,field,South Africa
t20s0841,,,bat,England
t20s0842,,,bat,England
t20s0843,,,field,Ireland
t20s0844,,,field,Australia
t20s0845,,,field,Bangladesh
t20s0846,,,bat,New Zealand
t20s0847,,,bat,South Africa
t20s0848,,,bat,Ireland
t20s0849,,,field,Ireland
t20s0850,,,field,Ireland
t20s0851,,,field,Zimbabwe
t20s0852,,,bat,New Zealand
t20s0853,,,field,Australia
t20s0854,,,field,Zimbabwe
t20s0855,,,field,India
t20s0856,,,field,Pakistan
t20s0857,,,field,Australia
t20s0858,,,bat,Zimbabwe
t20s0859,,,field,England
t20s0860,,,field,Bangladesh
t20s0861,,,bat,Netherlands
t20s0862,,,field,Scotland
t20s0863,,,field,Ireland
t20s0864,,,bat,United Arab Emirates
t20s0865,,,field,Bangladesh
t20s0866,,,field,Ireland
t20s0867,,,bat,Australia
t20s0868,,,field,India
t20s0869,,,field,Netherlands
t20s0870,,,field,Bangladesh
t20s0871,,,field,Ireland
t20s0872,,,bat,Scotland
t20s0873,,,bat,United Arab Emirates
t20s0874,,,field,Scotland
t20s0875,,,bat,Netherlands
t20s0876,,,field,Papua New Guinea
t20s0877,,,field,Ireland
t20s0878,,,field,Uganda
t20s0879,,,field,Scotland
t20s0880,,,field,United Arab Emirates
t20s0881,,,field,Nepal
t20s0882,,,field,West Indies
t20s0883,,,field,West Indies
t20s0884,,,bat,Bangladesh
t20s0885,,,bat,South Africa
t20s0886,,,field,Namibia
t20s0887,,,field,Lesotho
t20s0888,,,field,Ireland
t20s0889,,,bat,Mozambique
t20s0890,,,field,Lesotho
t20s0891,,,field,Namibia
t20s0892,,,bat,Afghanistan
t20s0893,,,bat,Sierra Leone
t20s0894,,,field,Lesotho
t20s0895,,,bat,Mozambique
t20s0896,,,field,Sierra Leone
t20s0897,,,field,Namibia
t20s0898,,,bat,Sierra Leone
t20s0899,,,field,Namibia
t20s0900,,,field,Malawi
t20s0901,,,field,India
t20s0902,,,field,India
t20s0903,,,field,India
t20s0904,,,field,Sri Lanka
t20s0905,,,field,West Indies
t20s0906,,,field,Australia
t20s0907,,,field,Australia
t20s0908,,,field,South Africa
t20s0909,,,field,Australia
t20s0910,,,field,South Africa
t20s0911,,,bat,South Africa
t20s0912,,,bat,Zimbabwe
t20s0913,,,bat,United Arab Emirates
t20s0914,,,field,Australia
t20s0915,,,bat,Australia
t20s0916,,,bat,Pakistan
t20s0917,,,field,Australia
t20s0918,,,field,Sri Lanka
t20s0919,,,bat,Pakistan
t20s0920,,,field,Australia
t20s0921,,,bat,Pakistan
t20s0922,,,bat,New Zealand
t20s0923,,,field,India
t20s0924,,,bat,Pakistan
t20s0925,,,field,West Indies
t20s0926,,,field,Bangladesh
t20s0927,,,bat,Australia
t20s0928,,,bat,India
t20s0929,,,bat,West Indies
t20s0930,,,bat,Ireland
t20s0931,,,field,India
t20s0932,,,field,South Africa
t20s0933,,,field,England
t20s0934,,,bat,Australia
t20s0935,,,bat,Pakistan
t20s0936,,,field,South Africa
t20s0937,,,field,Bangladesh
t20s0938,,,field,Pakistan
t20s0939,,,field,Ireland
t20s0940,,,bat,West Indies
t20s0941,,,bat,South Africa
t20s0942,,,bat,Ireland
t20s0943,,,bat,India
t20s0944,,,field,Australia
t20s0945,,,field,Bangladesh
t20s0946,,,field,West Indies
t20s0947,,,field,India
t20s0948,,,bat,India
t20s0949,,,field,West Indies
t20s0950,,,field,India
t20s0951,,,bat,England
t20s0952,,,bat,Australia
t20s0953,,,bat,Bangladesh
t20s0954,,,field,West Indies
t20s0955,,,field,Bangladesh
t20s0956,,,field,Sri Lanka
t20s0957,,,bat,West Indies
t20s0958,,,field,Nepal
t20s0959,,,bat,Pakistan
t20s0960,,,bat,United Arab Emirates
t20s0961,,,bat,Sri Lanka
t20s0962,,,field,Pakistan
t20s0963,,,bat,Pakistan
t20s0964,,,field,United Arab Emirates
t20s0965,,,field,Pakistan
t20s0966,,,field,Sri Lanka
t20s0967,,,field,India
t20s0968,,,field,India
t20s0969,,,field,South Africa
t20s0970,,,field,New Zealand
t20s0971,,,bat,New Zealand
t20s0972,,,bat,New Zealand
t20s0973,,,field,India
t20s0974,,,field,Oman
t20s0975,,,field,Netherlands
t20s0976,,,field,Scotland
t20s0977,,,field,Netherlands
t20s0978,,,field,Scotland
t20s0979,,,field,Ireland
t20s0980,,,bat,United Arab Emirates
t20s0981,,,field,Kuwait
t20s0982,,,field,Thailand
t20s0983,,,bat,United Arab Emirates
t20s0984,,,field,China
t20s0985,,,bat,Nepal
t20s0986,,,field,China
t20s0987,,,bat,Thailand
t20s0988,,,bat,United Arab Emirates
t20s0989,,,bat,Ireland
t20s0990,,,bat,Malaysia
t20s0991,,,bat,Thailand
t20s0992,,,bat,United Arab Emirates
t20s0993,,,bat,Afghanistan
t20s0994,,,bat,Hong Kong
t20s0995,,,bat,Kuwait
t20s0996,,,field,China
t20s0997,,,field,Australia
t20s0998,,,field,Ireland
t20s0999,,,field,Hong Kong
t20s1000,,,field,China
t20s1001,,,field,Malaysia
t20s1002,,,bat,Thailand
t20s1003,,,field,Kuwait
t20s1004,,,field,Australia
t20s1005,,,field,India
t20s1006,,,field,England
t20s1007,,,field,England
t20s1008,,,field,West Indies
t20s1009,,,bat,England
t20s1010,,,bat,West Indies
t20s1011,,,field,United Arab Emirates
t20s1012,,,bat,United Arab Emirates
t20s1013,,,field,South Africa
t20s1014,,,bat,Vanuatu
t20s1015,,,field,Philippines
t20s1016,,,field,Sri Lanka
t20s1017,,,bat,Papua New Guinea
t20s1018,,,bat,Vanuatu
t20s1019,,,bat,Vanuatu
t20s1020,,,field,Vanuatu
t20s1021,,,bat,Sri Lanka
t20s1022,,,field,Sri Lanka
t20s1023,,,bat,Sri Lanka
t20s1024,,,field,Sri Lanka
t20s1025,,,field,Namibia
t20s1026,,,bat,Botswana
t20s1027,,,field,Botswana
t20s1028,,,bat,Namibia
t20s1029,,,bat,Namibia
t20s1030,,,bat,Uganda
t20s1031,,,bat,Zimbabwe
t20s1032,,,bat,Pakistan
t20s1033,,,bat,Indonesia
t20s1034,,,bat,Japan
t20s1035,,,bat,Papua New Guinea
t20s1036,,,bat,Zimbabwe
t20s1037,,,field,Uganda
t20s1038,,,field,Nigeria
t20s1039,,,bat,Fiji
t20s1040,,,bat,Sierra Leone
t20s1041,,,bat,Uganda
t20s1042,,,bat,Mozambique
t20s1043,,,bat,Japan
t20s1044,,,bat,Japan
t20s1045,,,bat,Vanuatu
t20s1046,,,bat,Zimbabwe
t20s1047,,,field,Papua New Guinea
t20s1048,,,bat,Japan
t20s1049,,,field,Indonesia
t20s1050,,,bat,Tanzania
t20s1051,,,bat,Nigeria
t20s1052,,,field,Namibia
t20s1053,,,field,Pakistan
t20s1054,,,field,Canada
t20s1055,,,bat,Pakistan
t20s1056,,,bat,United States of America
t20s1057,,,field,Pakistan
t20s1058,,,field,Botswana
t20s1059,,,field,Namibia
t20s1060,,,bat,Nigeria
t20s1061,,,bat,Namibia
t20s1062,,,field,Ghana
t20s1063,,,bat,Kenya
t20s1064,,,bat,Botswana
t20s1065,,,field,Ghana
t20s1066,,,field,South Africa
t20s1067,,,bat,Ghana
t20s1068,,,field,South Africa
t20s1069,,,field,Italy
t20s1070,,,bat,West Indies
t20s1071,,,bat,West Indies
t20s1072,,,field,Ireland
t20s1073,,,field,Germany
t20s1074,,,bat,Jersey
t20s1075,,,field,Guernsey
t20s1076,,,field,Denmark
t20s1077,,,bat,Denmark
t20s1078,,,bat,Tanzania
t20s1079,,,bat,Mali
t20s1080,,,field,Guernsey
t20s1081,,,bat,Uganda
t20s1082,,,field,Germany
t20s1083,,,field,Italy
t20s1084,,,field,Guernsey
t20s1085,,,bat,Denmark
t20s1086,,,field,Denmark
t20s1087,,,field,Germany
t20s1088,,,field,Germany
t20s1089,,,bat,England
t20s1090,,,field,Zimbabwe
t20s1091,,,field,Malaysia
t20s1092,,,bat,Netherlands
t20s1093,,,field,Scotland
t20s1094,,,bat,Thailand
t20s1095,,,field,Netherlands
t20s1096,,,field,Germany
t20s1097,,,bat,Thailand
t20s1098,,,bat,Malaysia
t20s1099,,,field,Germany
t20s1100,,,field,Thailand
t20s1101,,,field,Ireland
t20s1102,,,bat,Malaysia
t20s1103,,,bat,Nepal
t20s1104,,,field,Zimbabwe
t20s1105,,,bat,Malaysia
t20s1106,,,bat,Singapore
t20s1107,,,bat,Nepal
t20s1108,,,field,Nepal
t20s1109,,,bat,Malaysia
t20s1110,,,field,Qatar
t20s1111,,,field,England
t20s1112,,,bat,Malaysia
t20s1113,,,field,Nepal
t20s1114,,,bat,Singapore
t20s1115,,,bat,England
t20s1116,,,field,Australia
t20s1117,,,field,India
t20s1118,,,bat,India
t20s1119,,,field,United Arab Emirates
t20s1120,,,field,India
t20s1121,,,bat,Netherlands
t20s1122,,,field,Netherlands
t20s1123,,,field,Ireland
t20s1124,,,bat,Netherlands
t20s1125,,,bat,Scotland
t20s1126,,,bat,Ireland
t20s1127,,,field,Scotland
t20s1128,,,field,Netherlands
t20s1129,,,bat,Ireland
t20s1130,,,field,Netherlands
t20s1131,,,bat,Scotland
t20s1132,,,bat,Canada
t20s1133,,,bat,Bermuda
t20s1134,,,field,Botswana
t20s1135,,,field,United States of America
t20s1136,,,bat,Bermuda
t20s1137,,,field,Botswana
t20s1138,,,bat,United States of America
t20s1139,,,bat,Cayman Islands
t20s1140,,,bat,Namibia
t20s1141,,,field,Bermuda
t20s1142,,,field,Canada
t20s1143,,,bat,Botswana
t20s1144,,,bat,Cayman Islands
t20s1145,,,bat,Cayman Islands
t20s1146,,,field,United States of America
t20s1147,,,field,Singapore
t20s1148,,,bat,Singapore
t20s1149,,,bat,Malaysia
t20s1150,,,bat,Scotland
t20s1151,,,bat,United States of America
t20s1152,,,bat,Ireland
t20s1153,,,field,Papua New Guinea
t20s1154,,,bat,Thailand
t20s1155,,,bat,Sri Lanka
t20s1156,,,field,Papua New Guinea
t20s1157,,,field,United States of America
t20s1158,,,field,Scotland
t20s1159,,,bat,Namibia
t20s1160,,,field,Ireland
t20s1161,,,bat,Sri Lanka
t20s1162,,,field,Scotland
t20s1163,,,bat,Papua New Guinea
t20s1164,,,bat,Ireland
t20s1165,,,bat,Sri Lanka
t20s1166,,,field,Netherlands
t20s1167,,,bat,Bangladesh
t20s1168,,,field,United States of America
t20s1169,,,field,Ireland
t20s1170,,,bat,Nigeria
t20s1171,,,field,Bangladesh
t20s1172,,,bat,West Indies
t20s1173,,,field,Zimbabwe
t20s1174,,,bat,Afghanistan
t20s1175,,,field,Netherlands
t20s1176,,,field,Australia
t20s1177,,,bat,Scotland
t20s1178,,,bat,Ireland
t20s1179,,,bat,West Indies
t20s1180,,,field,Zimbabwe
t20s1181,,,field,India
t20s1182,,,bat,Netherlands
t20s1183,,,bat,Hong Kong
t20s1184,,,field,South Korea
t20s1185,,,field,South Korea
t20s1186,,,bat,Hong Kong
t20s1187,,,bat,Afghanistan
t20s1188,,,field,Bangladesh
t20s1189,,,field,Hong Kong
t20s1190,,,bat,India
t20s1191,,,field,South Africa
t20s1192,,,bat,Nepal
t20s1193,,,bat,Singapore
t20s1194,,,bat,Vanuatu
t20s1195,,,bat,Singapore
t20s1196,,,bat,Australia
t20s1197,,,bat,Sri Lanka
t20s1198,,,bat,Vanuatu
t20s1199,,,field,Nepal
t20s1200,,,field,South Africa
t20s1201,,,bat,Malaysia
t20s1202,,,bat,Australia
t20s1203,,,field,India
t20s1204,,,bat,Malaysia
t20s1205,,,field,Zimbabwe
t20s1206,,,bat,Malaysia
t20s1207,,,bat,South Africa
t20s1208,,,field,Pakistan
t20s1209,,,field,Ireland
t20s1210,,,field,Nepal
t20s1211,,,field,Ireland
t20s1212,,,bat,Sri Lanka
t20s1213,,,bat,Ireland
t20s1214,,,field,Nepal
t20s1215,,,bat,Sri Lanka
t20s1216,,,bat,Netherlands
t20s1217,,,bat,Ireland
t20s1218,,,field,Oman
t20s1219,,,field,Hong Kong
t20s1220,,,field,Oman
t20s1221,,,bat,Netherlands
t20s1222,,,bat,Hong Kong
t20s1223,,,field,Scotland
t20s1224,,,field,United Arab Emirates
t20s1225,,,bat,Scotland
t20s1226,,,bat,Netherlands
t20s1227,,,bat,Jersey
t20s1228,,,field,Papua New Guinea
t20s1229,,,field,Oman
t20s1230,,,bat,Bermuda
t20s1231,,,field,Jersey
t20s1232,,,bat,Papua New Guinea
t20s1233,,,bat,Canada
t20s1234,,,bat,Kenya
t20s1235,,,field,Oman
t20s1236,,,bat,Hong Kong
t20s1237,,,bat,Scotland
t20s1238,,,bat,Jersey
t20s1239,,,bat,Singapore
t20s1240,,,bat,Namibia
t20s1241,,,bat,Hong Kong
t20s1242,,,bat,Canada
t20s1243,,,bat,Singapore
t20s1244,,,bat,Nigeria
t20s1245,,,field,Namibia
t20s1246,,,field,Bermuda
t20s1247,,,bat,Hong Kong
t20s1248,,,field,United Arab Emirates
t20s1249,,,bat,Netherlands
t20s1250,,,field,Spain
t20s1251,,,bat,Canada
t20s1252,,,bat,Namibia
t20s1253,,,field,Ireland
t20s1254,,,field,Singapore
t20s1255,,,bat,Pakistan
t20s1256,,,field,Portugal
t20s1257,,,field,Spain
t20s1258,,,bat,Gibraltar
t20s1259,,,field,Singapore
t20s1260,,,bat,Netherlands
t20s1261,,,bat,Nigeria
t20s1262,,,field,Spain
t20s1263,,,field,Canada
t20s1264,,,field,Netherlands
t20s1265,,,field,Oman
t20s1266,,,bat,Nigeria
t20s1267,,,field,Kenya
t20s1268,,,field,Sri Lanka
t20s1269,,,bat,Namibia
t20s1270,,,bat,United Arab Emirates
t20s1271,,,bat,Oman
t20s1272,,,bat,Scotland
t20s1273,,,bat,Sri Lanka
t20s1274,,,bat,Oman
t20s1275,,,bat,Papua New Guinea
t20s1276,,,field,Ireland
t20s1277,,,field,England
t20s1278,,,field,Australia
t20s1279,,,bat,Papua New Guinea
t20s1280,,,bat,Ireland
t20s1281,,,field,England
t20s1282,,,field,Bangladesh
t20s1283,,,field,Australia
t20s1284,,,bat,New Zealand
t20s1285,,,bat,Pakistan
t20s1286,,,field,India
t20s1287,,,field,New Zealand
t20s1288,,,field,Australia
t20s1289,,,field,West Indies
t20s1290,,,bat,West Indies
t20s1291,,,field,England
t20s1292,,,field,Bangladesh
t20s1293,,,bat,West Indies
t20s1294,,,field,Afghanistan
t20s1295,,,bat,Afghanistan
t20s1296,,,field,West Indies
t20s1297,,,bat,Afghanistan
t20s1298,,,bat,India
t20s1299,,,bat,Maldives
t20s1300,,,field,Bangladesh
t20s1301,,,bat,Bangladesh
t20s1302,,,field,Bhutan
t20s1303,,,bat,Nepal
t20s1304,,,field,India
t20s1305,,,bat,Maldives
t20s1306,,,field,Maldives
t20s1307,,,field,West Indies
t20s1308,,,field,Nepal
t20s1309,,,field,West Indies
t20s1310,,,field,Pakistan
t20s1311,,,bat,England
t20s1312,,,bat,England
t20s1313,,,field,India
t20s1314,,,field,Sri Lanka
t20s1315,,,bat,Ireland
t20s1316,,,field,West Indies
t20s1317,,,field,West Indies
t20s1318,,,bat,Bangladesh
t20s1319,,,field,India
t20s1320,,,bat,Bangladesh
t20s1321,,,bat,New Zealand
t20s1322,,,field,New Zealand
t20s1323,,,field,New Zealand
t20s1324,,,field,India
t20s1325,,,field,Australia
t20s1326,,,field,New Zealand
t20s1327,,,bat,India
t20s1328,,,field,Australia
t20s1329,,,field,Oman
t20s1330,,,bat,Oman
t20s1331,,,field,New Zealand
t20s1332,,,bat,Germany
t20s1333,,,field,England
t20s1334,,,bat,Germany
t20s1335,,,field,India
t20s1336,,,bat,New Zealand
t20s1337,,,field,England
t20s1338,,,field,South Africa
t20s1339,,,field,England
t20s1340,,,bat,Australia
t20s1341,,,field,South Africa
t20s1342,,,bat,South Africa
t20s1343,,,bat,Malaysia
t20s1344,,,bat,Malaysia
t20s1345,,,field,South Africa
t20s1346,,,field,Australia
t20s1347,,,field,New Zealand
t20s1348,,,bat,Thailand
t20s1349,,,bat,Malaysia
t20s1350,,,bat,South Africa
t20s1351,,,field,South Africa
t20s1352,,,bat,Malaysia
t20s1353,,,field,Bangladesh
t20s1354,,,bat,Sri Lanka
t20s1355,,,field,Kuwait
t20s1356,,,bat,Qatar
t20s1357,,,bat,United Arab Emirates
t20s1358,,,field,Oman
t20s1359,,,bat,United Arab Emirates
t20s1360,,,field,Bahrain
t20s1361,,,bat,Hong Kong
t20s1362,,,field,South Africa
t20s1363,,,bat,West Indies
t20s1364,,,field,Thailand
t20s1365,,,field,Kuwait
t20s1366,,,bat,Australia
t20s1367,,,field,New Zealand
t20s1368,,,field,Pakistan
t20s1369,,,bat,South Africa
t20s1370,,,field,Thailand
t20s1371,,,bat,Sri Lanka
t20s1372,,,bat,New Zealand
t20s1373,,,bat,Thailand
t20s1374,,,field,Nepal
t20s1375,,,bat,England
t20s1376,,,bat,South Africa
t20s1377,,,field,New Zealand
t20s1378,,,bat,Bangladesh
t20s1379,,,bat,Thailand
t20s1380,,,bat,Singapore
t20s1381,,,bat,Thailand
t20s1382,,,bat,Singapore
t20s1383,,,bat,Thailand
t20s1384,,,bat,West Indies
t20s1385,,,field,South Africa
t20s1386,,,bat,Malaysia
t20s1387,,,bat,Ireland
t20s1388,,,field,West Indies
t20s1389,,,bat,Afghanistan
t20s1390,,,field,Spain
t20s1391,,,field,Spain
t20s1392,,,bat,Australia
t20s1393,,,field,Zimbabwe
t20s1394,,,bat,Ireland
t20s1395,,,field,Bangladesh
t20s1396,,,field,Austria
t20s1397,,,bat,Austria
t20s1398,,,bat,Germany
t20s1399,,,bat,Germany
t20s1400,,,bat,Germany
t20s1401,,,bat,Isle of Man
t20s1402,,,field,Pakistan
t20s1403,,,bat,Belgium
t20s1404,,,bat,Belgium
t20s1405,,,bat,Belgium
t20s1406,,,field,England
t20s1407,,,field,England
t20s1408,,,field,Australia
t20s1409,,,bat,Australia
t20s1410,,,field,Australia
t20s1411,,,bat,England
t20s1412,,,field,West Indies
t20s1413,,,bat,England
t20s1414,,,field,New Zealand
t20s1415,,,bat,New Zealand
t20s1416,,,bat,England
t20s1417,,,field,England
t20s1418,,,field,New Zealand
t20s1419,,,bat,Bulgaria
t20s1420,,,bat,Romania
t20s1421,,,bat,Bulgaria
t20s1422,,,bat,Zimbabwe
t20s1423,,,field,Pakistan
t20s1424,,,bat,Zimbabwe
t20s1425,,,field,England
t20s1426,,,field,New Zealand
t20s1427,,,field,England
t20s1428,,,field,West Indies
t20s1429,,,field,New Zealand
t20s1430,,,bat,South Africa
t20s1431,,,field,Australia
t20s1432,,,field,India
t20s1433,,,field,India
t20s1434,,,bat,Pakistan
t20s1435,,,bat,Pakistan
t20s1436,,,field,Pakistan
t20s1437,,,bat,Pakistan
t20s1438,,,field,Pakistan
t20s1439,,,field,South Africa
t20s1440,,,field,South Africa
t20s1441,,,field,South Africa
t20s1442,,,field,Pakistan
t20s1443,,,field,Australia
t20s1444,,,field,Australia
t20s1445,,,field,West Indies
t20s1446,,,field,England
t20s1447,,,field,New Zealand
t20s1448,,,bat,Sri Lanka
t20s1449,,,field,England
t20s1450,,,bat,Australia
t20s1451,,,bat,Sri Lanka
t20s1452,,,field,New Zealand
t20s1453,,,bat,Australia
t20s1454,,,field,England
t20s1455,,,field,India
t20s1456,,,field,England
t20s1457,,,field,Zimbabwe
t20s1458,,,field,England
t20s1459,,,bat,Afghanistan
t20s1460,,,field,South Africa
t20s1461,,,bat,Afghanistan
t20s1462,,,field,England
t20s1463,,,field,South Africa
t20s1464,,,field,India
t20s1465,,,field,Australia
t20s1466,,,bat,New Zealand
t20s1467,,,field,New Zealand
t20s1468,,,field,Bangladesh
t20s1469,,,field,New Zealand
t20s1470,,,field,Bangladesh
t20s1471,,,bat,Uganda
t20s1472,,,bat,Namibia
t20s1473,,,bat,Namibia
t20s1474,,,bat,South Africa
t20s1475,,,bat,Pakistan
t20s1476,,,field,Pakistan
t20s1477,,,field,Pakistan
t20s1478,,,field,Nepal
t20s1479,,,bat,Netherlands
t20s1480,,,field,Nepal
t20s1481,,,bat,Nepal
t20s1482,,,field,Malaysia
t20s1483,,,field,Zimbabwe
t20s1484,,,field,Malaysia
t20s1485,,,field,Pakistan
t20s1486,,,field,Netherlands
t20s1487,,,bat,Pakistan
t20s1488,,,field,Czech Republic
t20s1489,,,field,Luxembourg
t20s1490,,,field,Czech Republic
t20s1491,,,bat,Czech Republic
t20s1492,,,bat,Austria
t20s1493,,,bat,Scotland
t20s1494,,,bat,Ireland
t20s1495,,,bat,Ireland
t20s1496,,,bat,Scotland
t20s1497,,,bat,Nigeria
t20s1498,,,field,Rwanda
t20s1499,,,field,Kenya
t20s1500,,,bat,Namibia
t20s1501,,,field,Nigeria
t20s1502,,,field,Kenya
t20s1503,,,field,Nigeria
t20s1504,,,bat,Kenya
t20s1505,,,bat,Kenya
t20s1506,,,bat,Namibia
t20s1507,,,bat,Namibia
t20s1508,,,bat,Rwanda
t20s1509,,,bat,Sri Lanka
t20s1510,,,bat,Greece
t20s1511,,,bat,Sri Lanka
t20s1512,,,bat,Romania
t20s1513,,,bat,Bulgaria
t20s1514,,,field,Greece
t20s1515,,,field,Greece
t20s1516,,,bat,Serbia
t20s1517,,,field,West Indies
t20s1518,,,field,Sri Lanka
t20s1519,,,field,West Indies
t20s1520,,,field,West Indies
t20s1521,,,field,Pakistan
t20s1522,,,field,South Africa
t20s1523,,,bat,West Indies
t20s1524,,,bat,South Africa
t20s1525,,,bat,Pakistan
t20s1526,,,field,Germany
t20s1527,,,field,Germany
t20s1528,,,bat,Malta
t20s1529,,,bat,Belgium
t20s1530,,,bat,Germany
t20s1531,,,field,Belgium
t20s1532,,,field,Australia
t20s1533,,,field,India
t20s1534,,,bat,Belgium
t20s1535,,,bat,Belgium
t20s1536,,,field,Australia
t20s1537,,,field,England
t20s1538,,,bat,Australia
t20s1539,,,bat,Australia
t20s1540,,,bat,India
t20s1541,,,bat,West Indies
t20s1542,,,field,England
t20s1543,,,field,Pakistan
t20s1544,,,field,Ireland
t20s1545,,,bat,Pakistan
t20s1546,,,bat,Zimbabwe
t20s1547,,,bat,South Africa
t20s1548,,,bat,Zimbabwe
t20s1549,,,bat,South Africa
t20s1550,,,bat,Zimbabwe
t20s1551,,,field,Sri Lanka
t20s1552,,,field,Netherlands
t20s1553,,,field,Pakistan
t20s1554,,,field,Sri Lanka
t20s1555,,,bat,Netherlands
t20s1556,,,bat,India
t20s1557,,,field,Netherlands
t20s1558,,,field,West Indies
t20s1559,,,bat,West Indies
t20s1560,,,field,Australia
t20s1561,,,field,Pakistan
t20s1562,,,bat,Australia
t20s1563,,,field,France
t20s1564,,,field,Germany
t20s1565,,,field,Germany
t20s1566,,,bat,Bangladesh
t20s1567,,,field,France
t20s1568,,,field,France
t20s1569,,,bat,Bangladesh
t20s1570,,,bat,Norway
t20s1571,,,field,Germany
t20s1572,,,bat,Bangladesh
t20s1573,,,field,Sweden
t20s1574,,,field,Denmark
t20s1575,,,bat,Ghana
t20s1576,,,bat,Ghana
t20s1577,,,field,Ghana
t20s1578,,,field,Malta
t20s1579,,,bat,Sweden
t20s1580,,,bat,Sweden
t20s1581,,,bat,Rwanda
t20s1582,,,field,Gibraltar
t20s1583,,,field,Gibraltar
t20s1584,,,field,Sweden
t20s1585,,,field,Sweden
t20s1586,,,field,Gibraltar
t20s1587,,,bat,France
t20s1588,,,field,Germany
t20s1589,,,field,Scotland
t20s1590,,,field,Netherlands
t20s1591,,,bat,Ireland
t20s1592,,,bat,France
t20s1593,,,field,Zimbabwe
t20s1594,,,field,Ireland
t20s1595,,,bat,Thailand
t20s1596,,,field,Sweden
t20s1597,,,field,Scotland
t20s1598,,,field,Ireland
t20s1599,,,bat,Zimbabwe
t20s1600,,,field,Netherlands
t20s1601,,,field,Scotland
t20s1602,,,bat,Thailand
t20s1603,,,bat,South Africa
t20s1604,,,field,Zimbabwe
t20s1605,,,bat,New Zealand
t20s1606,,,field,New Zealand
t20s1607,,,field,Czech Republic
t20s1608,,,field,Bulgaria
t20s1609,,,field,West Indies
t20s1610,,,field,Zimbabwe
t20s1611,,,bat,Romania
t20s1612,,,bat,Bulgaria
t20s1613,,,bat,Romania
t20s1614,,,bat,Bangladesh
t20s1615,,,field,Malta
t20s1616,,,field,Hungary
t20s1617,,,bat,South Africa
t20s1618,,,bat,Zimbabwe
t20s1619,,,field,New Zealand
t20s1620,,,bat,Romania
t20s1621,,,field,Hungary
t20s1622,,,bat,New Zealand
t20s1623,,,bat,New Zealand
t20s1624,,,bat,Sierra Leone
t20s1625,,,bat,Botswana
t20s1626,,,field,Uganda
t20s1627,,,field,Rwanda
t20s1628,,,field,England
t20s1629,,,bat,Namibia
t20s1630,,,field,Mozambique
t20s1631,,,bat,Tanzania
t20s1632,,,field,Germany
t20s1633,,,bat,Kenya
t20s1634,,,bat,New Zealand
t20s1635,,,bat,South Africa
t20s1636,,,bat,Uganda
t20s1637,,,field,Mozambique
t20s1638,,,bat,Eswatini
t20s1639,,,field,Spain
t20s1640,,,bat,Germany
t20s1641,,,bat,Uganda
t20s1642,,,bat,Nigeria
t20s1643,,,bat,Rwanda
t20s1644,,,bat,Sri Lanka
t20s1645,,,bat,Zimbabwe
t20s1646,,,bat,Tanzania
t20s1647,,,bat,Nigeria
t20s1648,,,bat,Kenya
t20s1649,,,bat,Sierra Leone
t20s1650,,,bat,Cameroon
t20s1651,,,bat,Tanzania
t20s1652,,,bat,Sri Lanka
t20s1653,,,bat,Cameroon
t20s1654,,,bat,Uganda
t20s1655,,,bat,Scotland
t20s1656,,,bat,Botswana
t20s1657,,,field,Rwanda
t20s1658,,,bat,Mozambique
t20s1659,,,bat,Nigeria
t20s1660,,,bat,Tanzania
t20s1661,,,bat,Zimbabwe
t20s1662,,,bat,Uganda
t20s1663,,,bat,Zimbabwe
t20s1664,,,bat,Zimbabwe
t20s1665,,,bat,Uganda
t20s1666,,,bat,Scotland
t20s1667,,,field,United Arab Emirates
t20s1668,,,bat,Estonia
t20s1669,,,field,Cyprus
t20s1670,,,bat,Estonia
t20s1671,,,bat,Cyprus
t20s1672,,,bat,United Arab Emirates
t20s1673,,,field,Isle of Man
t20s1674,,,field,Australia
t20s1675,,,bat,Papua New Guinea
t20s1676,,,field,Ireland
t20s1677,,,field,Isle of Man
t20s1678,,,bat,Cyprus
t20s1679,,,field,Namibia
t20s1680,,,field,Australia
t20s1681,,,field,United Arab Emirates
t20s1682,,,field,Papua New Guinea
t20s1683,,,field,India
t20s1684,,,bat,Denmark
t20s1685,,,field,Germany
t20s1686,,,bat,Malawi
t20s1687,,,bat,Seychelles
t20s1688,,,bat,Swaziland
t20s1689,,,field,Ghana
t20s1690,,,bat,Jersey
t20s1691,,,bat,Denmark
t20s1692,,,bat,Uganda
t20s1693,,,bat,Ghana
t20s1694,,,field,Malawi
t20s1695,,,field,Seychelles
t20s1696,,,bat,Italy
t20s1697,,,field,Denmark
t20s1698,,,field,Bangladesh
t20s1699,,,field,Oman
t20s1700,,,field,Sri Lanka
t20s1701,,,bat,Netherlands
t20s1702,,,field,Sierra Leone
t20s1703,,,bat,Swaziland
t20s1704,,,bat,Lesotho
t20s1705,,,field,Ghana
t20s1706,,,bat,Canada
t20s1707,,,field,Brazil
t20s1708,,,bat,Germany
t20s1709,,,field,Denmark
t20s1710,,,bat,Bangladesh
t20s1711,,,bat,Scotland
t20s1712,,,bat,Rwanda
t20s1713,,,bat,Swaziland
t20s1714,,,field,Ghana
t20s1715,,,bat,Malawi
t20s1716,,,field,Denmark
t20s1717,,,field,Jersey
t20s1718,,,field,Ireland
t20s1719,,,field,Namibia
t20s1720,,,field,Sierra Leone
t20s1721,,,field,Ghana
t20s1722,,,bat,Denmark
t20s1723,,,field,Germany
t20s1724,,,bat,Malta
t20s1725,,,bat,Oman
t20s1726,,,bat,Bangladesh
t20s1727,,,bat,Uganda
t20s1728,,,bat,Malawi
t20s1729,,,field,Lesotho
t20s1730,,,bat,Swaziland
t20s1731,,,bat,Bulgaria
t20s1732,,,bat,Gibraltar
t20s1733,,,field,Sri Lanka
t20s1734,,,bat,Ireland
t20s1735,,,bat,Maldives
t20s1736,,,field,Bahrain
t20s1737,,,bat,Sierra Leone
t20s1738,,,bat,Switzerland
t20s1739,,,field,England
t20s1740,,,field,Australia
t20s1741,,,field,Maldives
t20s1742,,,field,Kuwait
t20s1743,,,bat,Nigeria
t20s1744,,,field,United States of America
t20s1745,,,bat,Malta
t20s1746,,,bat,Gibraltar
t20s1747,,,field,Pakistan
t20s1748,,,field,Sri Lanka
t20s1749,,,bat,Afghanistan
t20s1750,,,bat,Nigeria
t20s1751,,,field,Pakistan
t20s1752,,,field,South Africa
t20s1753,,,field,Bahrain
t20s1754,,,field,Namibia
t20s1755,,,bat,Bangladesh
t20s1756,,,field,Saudi Arabia
t20s1757,,,field,Kuwait
t20s1758,,,field,Australia
t20s1759,,,bat,Kuwait
t20s1760,,,bat,Afghanistan
t20s1761,,,field,Bangladesh
t20s1762,,,field,England
t20s1763,,,field,South Africa
t20s1764,,,field,New Zealand
t20s1765,,,bat,Afghanistan
t20s1766,,,field,Sri Lanka
t20s1767,,,bat,Tanzania
t20s1768,,,bat,Botswana
t20s1769,,,bat,Pakistan
t20s1770,,,field,South Africa
t20s1771,,,bat,Sierra Leone
t20s1772,,,field,Cameroon
t20s1773,,,field,Afghanistan
t20s1774,,,field,Scotland
t20s1775,,,field,West Indies
t20s1776,,,field,Australia
t20s1777,,,bat,Mozambique
t20s1778,,,bat,Cameroon
t20s1779,,,field,India
t20s1780,,,field,Namibia
t20s1781,,,bat,Tanzania
t20s1782,,,bat,Botswana
t20s1783,,,field,England
t20s1784,,,field,Australia
t20s1785,,,field,United States of America
t20s1786,,,bat,Tanzania
t20s1787,,,bat,Cameroon
t20s1788,,,bat,Pakistan
t20s1789,,,bat,Afghanistan
t20s1790,,,bat,United States of America
t20s1791,,,bat,Belize
t20s1792,,,bat,Bahamas
t20s1793,,,bat,Canada
t20s1794,,,field,India
t20s1795,,,field,Bahamas
t20s1796,,,bat,Argentina
t20s1797,,,bat,Canada
t20s1798,,,field,New Zealand
t20s1799,,,bat,Argentina
t20s1800,,,bat,Bahamas
t20s1801,,,field,Australia
t20s1802,,,bat,Argentina
t20s1803,,,field,Bahamas
t20s1804,,,bat,Belize
t20s1805,,,bat,Bahamas
t20s1806,,,bat,Canada
t20s1807,,,field,Australia
t20s1808,,,field,Qatar
t20s1809,,,bat,Nepal
t20s1810,,,bat,Tanzania
t20s1811,,,bat,Uganda
t20s1812,,,bat,Kenya
t20s1813,,,bat,Nigeria
t20s1814,,,field,India
t20s1815,,,bat,Nepal
t20s1816,,,field,Uganda
t20s1817,,,bat,Tanzania
t20s1818,,,bat,Nigeria
t20s1819,,,bat,Tanzania
t20s1820,,,field,India
t20s1821,,,bat,Bangladesh
t20s1822,,,bat,Tanzania
t20s1823,,,bat,Kenya
t20s1824,,,field,Nigeria
t20s1825,,,field,Uganda
t20s1826,,,bat,Bangladesh
t20s1827,,,bat,India
t20s1828,,,field,Kuwait
t20s1829,,,field,Hong Kong
t20s1830,,,field,Malaysia
t20s1831,,,bat,Bangladesh
t20s1832,,,bat,Bhutan
t20s1833,,,bat,Malaysia
t20s1834,,,field,Hong Kong
t20s1835,,,field,Bhutan
t20s1836,,,bat,Kuwait
t20s1837,,,field,Hong Kong
t20s1838,,,field,United Arab Emirates
t20s1839,,,field,Bhutan
t20s1840,,,bat,Hong Kong
t20s1841,,,bat,Malaysia
t20s1842,,,field,Nepal
t20s1843,,,field,West Indies
t20s1844,,,bat,Pakistan
t20s1845,,,bat,West Indies
t20s1846,,,bat,United States of America
t20s1847,,,field,United States of America
t20s1848,,,bat,Sri Lanka
t20s1849,,,field,Bangladesh
t20s1850,,,bat,Scotland
t20s1851,,,field,Kenya
t20s1852,,,field,Sri Lanka
t20s1853,,,field,Australia
t20s1854,,,field,Malaysia
t20s1855,,,field,Kenya
t20s1856,,,field,Australia
t20s1857,,,field,West Indies
t20s1858,,,bat,Kenya
t20s1859,,,bat,Scotland
t20s1860,,,field,West Indies
t20s1861,,,bat,Sri Lanka
t20s1862,,,field,England
t20s1863,,,field,West Indies
t20s1864,,,bat,West Indies
t20s1865,,,field,India
t20s1866,,,field,Nepal
t20s1867,,,field,Sri Lanka
t20s1868,,,field,Nepal
t20s1869,,,field,Ireland
t20s1870,,,field,Ireland
t20s1871,,,field,Sri Lanka
t20s1872,,,field,Nepal
t20s1873,,,field,Oman
t20s1874,,,field,Australia
t20s1875,,,field,India
t20s1876,,,field,Bahrain
t20s1877,,,bat,United Arab Emirates
t20s1878,,,field,Philippines
t20s1879,,,field,Oman
t20s1880,,,field,West Indies
t20s1881,,,field,Australia
t20s1882,,,bat,Ireland
t20s1883,,,bat,United Arab Emirates
t20s1884,,,field,Philippines
t20s1885,,,field,Oman
t20s1886,,,field,West Indies
t20s1887,,,bat,Australia
t20s1888,,,bat,Philippines
t20s1889,,,bat,Canada
t20s1890,,,bat,Bahrain
t20s1891,,,field,Ireland
t20s1892,,,field,Oman
t20s1893,,,bat,United Arab Emirates
t20s1894,,,bat,Bahrain
t20s1895,,,field,Canada
t20s1896,,,bat,Ireland
t20s1897,,,bat,Oman
t20s1898,,,field,Germany
t20s1899,,,bat,Bahrain
t20s1900,,,field,Sri Lanka
t20s1901,,,field,India
t20s1902,,,bat,Sri Lanka
t20s1903,,,bat,Bangladesh
t20s1904,,,bat,Bangladesh
t20s1905,,,field,Kuwait
t20s1906,,,bat,Qatar
t20s1907,,,bat,United Arab Emirates
t20s1908,,,field,Saudi Arabia
t20s1909,,,bat,Qatar
t20s1910,,,bat,United Arab Emirates
t20s1911,,,bat,Qatar
t20s1912,,,field,Saudi Arabia
t20s1913,,,field,United Arab Emirates
t20s1914,,,field,Kuwait
t20s1915,,,bat,Kuwait
t20s1916,,,bat,Qatar
t20s1917,,,bat,United Arab Emirates
t20s1918,,,bat,Oman
t20s1919,,,field,Papua New Guinea
t20s1920,,,bat,Malaysia
t20s1921,,,bat,Malaysia
t20s1922,,,field,Papua New Guinea
t20s1923,,,field,Papua New Guinea
t20s1924,,,field,Malaysia
t20s1925,,,field,Papua New Guinea
t20s1926,,,field,Australia
t20s1927,,,field,Namibia
t20s1928,,,field,Uganda
t20s1929,,,field,Uganda
t20s1930,,,bat,Zimbabwe
t20s1931,,,field,Uganda
t20s1932,,,bat,Zimbabwe
t20s1933,,,bat,Zimbabwe
t20s1934,,,field,Uganda
t20s1935,,,field,Zimbabwe
t20s1936,,,field,Namibia
t20s1937,,,field,Uganda
t20s1938,,,field,Namibia
t20s1939,,,field,Zimbabwe
t20s1940,,,bat,Hong Kong
t20s1941,,,field,Hong Kong
t20s1942,,,bat,United Arab Emirates
t20s1943,,,bat,Norway
t20s1944,,,bat,Hong Kong
t20s1945,,,bat,Guernsey
t20s1946,,,bat,Norway
t20s1947,,,bat,Spain
t20s1948,,,bat,Spain
t20s1949,,,bat,Spain
t20s1950,,,field,Finland
t20s1951,,,field,Finland
t20s1952,,,bat,Denmark
t20s1953,,,field,Hungary
t20s1954,,,field,Hungary
t20s1955,,,field,Malta
t20s1956,,,field,Bulgaria
t20s1957,,,bat,Czech Republic
t20s1958,,,field,Malta
t20s1959,,,bat,Romania
t20s1960,,,bat,Czech Republic
t20s1961,,,field,Czech Republic
t20s1962,,,bat,Bulgaria
t20s1963,,,bat,Romania
t20s1964,,,bat,Gibraltar
t20s1965,,,bat,Bulgaria
t20s1966,,,bat,Gibraltar
t20s1967,,,bat,Hungary
t20s1968,,,bat,Romania
t20s1969,,,field,Hungary
t20s1970,,,bat,Gibraltar
t20s1971,,,field,Nepal
t20s1972,,,field,Uganda
t20s1973,,,bat,Zimbabwe
t20s1974,,,bat,Nepal
t20s1975,,,bat,Zimbabwe
t20s1976,,,bat,Nepal
t20s1977,,,field,Guernsey
t20s1978,,,field,Uganda
t20s1979,,,bat,Namibia
t20s1980,,,field,Namibia
t20s1981,,,bat,Sri Lanka
t20s1982,,,field,Zimbabwe
t20s1983,,,bat,Sri Lanka
t20s1984,,,bat,Sri Lanka
t20s1985,,,field,South Africa
t20s1986,,,bat,Ireland
t20s1987,,,field,Australia
t20s1988,,,field,South Africa
t20s1989,,,field,Australia
t20s1990,,,field,Nigeria
t20s1991,,,bat,Rwanda
t20s1992,,,field,Austria
t20s1993,,,field,South Africa
<<<<<<< HEAD,,,,
=======,,,,
t20s1994,,,field,South Africa
t20s1995,,,field,Nigeria
t20s1996,,,field,Brazil
t20s1997,,,bat,Tanzania
t20s1998,,,bat,Uganda
t20s1999,,,field,Sweden
t20s2000,,,bat,Austria
t20s2001,,,bat,Botswana
t20s2002,,,bat,Rwanda
t20s2003,,,bat,Uganda
t20s2004,,,field,Germany
t20s2005,,,bat,Germany
t20s2006,,,field,Sweden
t20s2007,,,bat,Zimbabwe
t20s2008,,,bat,Australia
t20s2009,,,bat,Afghanistan
t20s2010,,,field,South Africa
>>>>>>> 6f185b3535aaaca2da250f529600982c68b74dca,,,,
t20s2011,,,bat,Afghanistan
t20s2012,,,field,South Africa
t20s2013,,,bat,Kenya
t20s2014,,,bat,Nigeria
t20s2015,,,field,Germany
t20s2016,,,bat,Botswana
t20s2017,,,field,Kuwait
t20s2018,,,bat,Oman
t20s2019,,,bat,Nepal
t20s2020,,,bat,Malaysia
t20s2021,,,field,South Africa
t20s2022,,,field,Kuwait
t20s2023,,,field,Malaysia
t20s2024,,,field,Bhutan
t20s2025,,,field,United Arab Emirates
t20s2026,,,bat,Tanzania
t20s2027,,,field,Qatar
t20s2028,,,field,Hong Kong
t20s2029,,,field,South Africa
t20s2030,,,field,Singapore
t20s2031,,,field,Nepal
t20s2032,,,field,Malaysia
t20s2033,,,bat,Nepal
t20s2034,,,field,Kuwait
t20s2035,,,field,Qatar
t20s2036,,,field,Bahrain
t20s2037,,,bat,United Arab Emirates
t20s2038,,,field,Kuwait
t20s2039,,,field,Oman
t20s2040,,,bat,India
t20s2041,,,field,Hong Kong
t20s2042,,,field,Nepal
